phylum,order,family,genus,species,num_occurrences,elevation_median,elevation_mad,TRI_median,annual_temp,diurnal_temp_range_median,temp_seasonality,temp_driest_quarter,temp_coldest_quarter,annual_precip,precip_driest_quarter,precip_seasonality,evapotranspiration,evaporation,transpiration,interception,aridity_index,range_size,growth_form,cloud_median,cloud_mad
Tracheophyta,Apiales,Apiaceae,Astydamia,Astydamia latifolia,975,13.3166151,13.88319095,26.06186447,21.75841591,14.38029892,250.2563313,24.63978937,18.60032655,218.4438648,1.34274333,87.37340146,350.9406738,254.7048035,10.7800169,0,0.6224524,11382.34951,Perennial Herbaceous,46.72665439,10.96390263
Tracheophyta,Apiales,Apiaceae,Athamanta,Athamanta cervariifolia,32,724.2853394,314.888938,143.398012,18.73772744,17.76437997,349.8503084,23.02832016,14.39124284,454.9383459,6.397294802,90.42111616,358.2411957,80.59869766,287.6702881,0.566369981,1.269921917,4541.023483,Perennial Herbaceous,58.08861191,8.646418349
Tracheophyta,Apiales,Apiaceae,Athamanta,Athamanta montana,84,1268.03064,887.4841428,95.34295053,15.81087123,18.45755674,332.0559261,21.83005995,11.06340343,573.5293117,3.344522886,86.91089478,246.3677521,69.86146545,183.6118011,1.141420364,2.327939866,4541.023483,Perennial Herbaceous,51.51764889,6.914606325
Tracheophyta,Apiales,Apiaceae,Bupleurum,Bupleurum salicifolium,67,674.8197632,162.1960237,111.2665112,18.10726181,16.93892387,282.8298619,22.44739551,14.38816712,414.5436794,6.040190553,88.77200957,418.8047791,56.62612915,333.8656616,2.353336096,0.989825571,4455.307471,Derived Woodiness,59.62821918,13.3168565
Tracheophyta,Apiales,Apiaceae,Crithmum,Crithmum maritimum,186,15.90130615,16.90529158,45.93146053,21.40647916,13.55512256,219.0809307,24.53808004,18.58208564,316.4500003,7.685537969,76.36214598,613.1214905,557.466095,22.03484631,1.25E-13,0.516129356,4858.224817,Perennial Herbaceous,62.50643734,5.467740615
Tracheophyta,Apiales,Apiaceae,Daucus,Daucus carota,48,648.2774963,138.7128216,67.24785278,18.09229574,14.53556908,278.8581375,22.02657172,14.5618486,568.8316183,14.72101307,74.84197062,381.1300964,43.40349579,325.006424,3.530668139,1.492486748,2007.520529,Perennial Herbaceous,63.78791542,7.53057033
Tracheophyta,Apiales,Apiaceae,Daucus,Daucus elegans,54,779.3456421,176.2495949,96.16401563,17.94257733,12.4172667,253.7073983,21.61166145,14.55569707,621.6903794,13.91711499,75.1470465,691.661438,44.73557663,617.5636597,16.82145214,0.898836259,2007.520529,Perennial Herbaceous,72.0484741,5.14084195
Tracheophyta,Apiales,Apiaceae,Drusa,Drusa glandulosa,137,641.4101563,422.6109493,76.88790138,19.11526044,16.70275993,300.6422085,23.40111535,15.26399172,426.3506781,5.667888801,86.62090069,470.7494507,63.34908295,393.7950134,3.270334959,0.905684919,5812.532003,Annual Herbaceous,65.07622693,8.077216283
Tracheophyta,Apiales,Apiaceae,Ferula,Ferula communis,163,743.2427979,412.4718258,77.14417423,18.87943608,17.68269846,322.0405171,23.21908581,14.67723622,456.1403248,5.52239222,82.38203503,391.5361328,75.1044693,311.8757935,1.130437136,1.165001865,7240.561853,Perennial Herbaceous,55.71395796,12.23404153
Tracheophyta,Apiales,Apiaceae,Ferula,Ferula lancerotensis,63,507.2848816,92.12213465,78.45917015,18.08857325,13.20246387,243.5920236,19.87534608,14.56482815,198.8740461,0,88.26286966,35.34485245,16.01814651,17.89574623,0.019265659,5.626676371,7240.561853,Perennial Herbaceous,49.96320247,2.395362258
Tracheophyta,Apiales,Apiaceae,Foeniculum,Foeniculum vulgare,402,567.2462158,288.7542445,52.42343684,18.8240456,16.32996475,288.6543678,22.89711899,15.1464866,452.2796107,5.563842432,83.05374997,342.3205872,63.58328056,257.0445786,1.106989741,1.321216508,8536.029946,Perennial Herbaceous,58.7127689,12.07199663
Tracheophyta,Apiales,Apiaceae,Pimpinella,Pimpinella cumbrae,54,2143.943359,170.6144662,81.78005744,11.99556461,19.15891552,310.0974541,14.18794579,8.674015576,413.8044948,1.961179071,106.4942823,205.8101959,171.644249,3.97882092,0,2.01061222,228.2684607,Perennial Herbaceous,27.01186233,7.980949729
Tracheophyta,Apiales,Apiaceae,Scandix,Scandix pecten-veneris,34,745.5499573,316.1133227,71.00490863,17.88561732,17.67314431,328.4620665,22.9839751,13.70732006,411.8183934,1.778068767,89.35791638,231.9593506,48.8181839,187.5217056,0.733600795,1.775390354,21042.23246,Annual Herbaceous,47.95020472,12.04155885
Tracheophyta,Apiales,Apiaceae,Todaroa,Todaroa aurea,62,573.270874,314.7113047,87.90905682,19.42952859,17.11164703,326.9209249,23.9145776,15.24954931,419.1582459,3.915212718,88.05227417,246.6206818,68.68531036,164.4885178,0.167483196,1.699607036,4029.985802,Perennial Herbaceous,52.34700213,7.329418835
Tracheophyta,Apiales,Apiaceae,Torilis,Torilis arvensis,31,226.1714172,235.3605782,74.05537521,20.35461534,14.00760347,239.7151368,22.99737562,17.1604063,341.0563025,4.995999452,82.9881162,285.9189758,101.2522659,205.6424713,0.320812285,1.192842488,4760.575965,Annual Herbaceous,57.04036651,11.2166444
Tracheophyta,Apiales,Araliaceae,Hedera,Hedera canariensis,291,832.0551147,177.4042566,89.56323705,17.46964733,12.2320403,263.4852692,21.35809756,13.9919272,667.1983335,18.14550844,74.01607357,598.6217041,39.4623642,561.2838135,15.50220108,1.114557539,6490.58505,Ancestral Woodiness,71.4023283,5.080185672
Tracheophyta,Aquifoliales,Aquifoliaceae,Ilex,Ilex canariensis,671,799.1052856,290.3390312,83.71784965,17.7031085,15.87747867,273.8052577,21.70579103,14.297808,578.0534968,12.16386275,76.76887589,674.4682007,48.14496994,603.8284912,11.99533749,0.857050779,5487.105605,Ancestral Woodiness,68.68694659,6.722291427
Tracheophyta,Aquifoliales,Aquifoliaceae,Ilex,Ilex perado,75,833.9193726,124.6394781,78.86353813,16.83096864,11.45116011,262.9460116,20.85078552,13.38379414,628.5143901,18.36370626,71.1625403,543.6222534,18.94848824,513.8666992,14.86339855,1.156160157,5487.105605,Ancestral Woodiness,70.30308627,7.184460679
Tracheophyta,Asterales,Asteraceae,Allagopappus,Allagopappus canariensis,215,215.240921,259.1062657,56.22714449,20.71506287,15.72541587,277.5601962,24.36535931,17.3184219,279.0460756,1.972610451,89.82604914,238.0891876,94.93660736,104.9885178,4.90E-13,1.172023301,2396.984791,Derived Woodiness,52.56136512,10.93166048
Tracheophyta,Asterales,Asteraceae,Andryala,Andryala integrifolia,39,1112.182007,294.1328547,47.99121233,16.60411242,19.45861813,360.9443785,21.60952155,11.8925454,561.9257424,3.128621904,86.58135387,344.9598389,75.24197388,252.0320587,1.147050858,1.628959894,9155.28088,Perennial Herbaceous,49.98624302,12.50437847
Tracheophyta,Asterales,Asteraceae,Andryala,Andryala perezii,32,509.8567047,115.5256371,72.84252221,18.12426863,13.17824488,242.1972423,20.11286254,14.65108882,195.7060014,0,89.37905854,32.58917236,15.46984434,16.76727247,7.91E-13,6.005246135,9155.28088,Perennial Herbaceous,49.70007283,2.335381009
Tracheophyta,Asterales,Asteraceae,Andryala,Andryala pinnatifida,394,752.4327698,288.9710829,77.73273748,17.79034715,14.89513484,267.3718796,21.67591416,14.34232768,457.5890572,8.538289489,81.1724376,406.7139893,54.77776527,334.8902283,2.230450034,1.12508807,9155.28088,Perennial Herbaceous,66.32486353,9.076010803
Tracheophyta,Asterales,Asteraceae,Argyranthemum,Argyranthemum adauctum,93,1463.433105,346.9528325,77.12045621,15.23131669,19.58512075,388.0249138,21.3845987,10.41585777,538.7266154,1.487906075,93.61022825,327.640564,91.58152771,238.3215485,0.358549297,1.644261043,8951.706508,Insular Woodiness,45.61198368,8.922029862
Tracheophyta,Asterales,Asteraceae,Argyranthemum,Argyranthemum broussonetii,103,756.3330688,191.8084793,74.87923873,17.73390991,12.10801205,255.3081073,21.53669733,14.26970627,617.059837,16.19906397,71.54901905,523.2842407,37.91281891,476.6089172,8.678110123,1.179205848,8951.706508,Insular Woodiness,71.74590685,5.04388864
Tracheophyta,Asterales,Asteraceae,Argyranthemum,Argyranthemum callichrysum,46,1070.144958,329.1769254,75.3453607,15.56928911,19.36171151,387.0655382,21.3857102,11.13269257,619.4557921,8.455531553,88.85452743,471.6665192,58.22673225,402.4519653,5.235480309,1.313334246,8951.706508,Insular Woodiness,59.55068527,6.68290442
Tracheophyta,Asterales,Asteraceae,Argyranthemum,Argyranthemum foeniculaceum,28,696.5931396,337.4827521,89.41277577,18.91068337,19.11328326,368.6872991,25.15628001,14.57479083,366.7311531,5.977646317,91.33475211,373.2519989,109.7733002,248.750351,0.071233235,0.982529643,8951.706508,Insular Woodiness,55.69362477,7.072228609
Tracheophyta,Asterales,Asteraceae,Argyranthemum,Argyranthemum frutescens,381,75.15479279,96.00116511,59.71837691,21.34131866,14.32915834,237.2437744,24.595137,18.30363443,311.1469614,4.481965362,82.00957873,299.2798462,124.063591,70.87585449,2.96E-12,1.039652236,8951.706508,Insular Woodiness,54.93385154,13.31792801
Tracheophyta,Asterales,Asteraceae,Argyranthemum,Argyranthemum gracile,82,605.0753784,446.2423301,39.36807254,19.62433632,18.26666917,344.6373002,23.31459053,15.28818239,250.0337552,0.490754351,99.03385454,197.1436462,111.7099228,88.72433853,0,1.268282087,8951.706508,Insular Woodiness,51.67976809,7.527868429
Tracheophyta,Asterales,Asteraceae,Argyranthemum,Argyranthemum maderense,34,489.455658,130.3038354,83.12599245,18.14688065,13.20539899,240.2606096,20.04896009,14.76599339,205.0444023,0,88.02031829,49.23504257,16.80815125,30.75955009,0.107344002,4.164602925,8951.706508,Insular Woodiness,50.53894014,1.705952421
Tracheophyta,Asterales,Asteraceae,Argyranthemum,Argyranthemum tenerifae,139,2268.166016,199.4028227,47.86526594,10.82391701,18.78177207,343.7201382,14.09190237,7.086619429,386.7716746,1.44857721,95.19610123,187.2150116,177.3162079,0.563157141,0,2.065922339,8951.706508,Insular Woodiness,27.15123665,7.193269627
Tracheophyta,Asterales,Asteraceae,Artemisia,Artemisia thuscula,683,480.6599121,362.3504398,73.14601046,19.63565891,14.87823096,264.7241776,23.24322143,16.08525626,395.6370401,7.192534195,79.42714687,368.2227783,79.04151917,282.4306641,0.934213698,1.074450206,7015.881583,Ancestral Woodiness,60.47684226,11.09941796
Tracheophyta,Asterales,Asteraceae,Asteriscus,Asteriscus aquaticus,114,91.22696686,118.0495584,39.99051625,21.72096132,15.18062123,259.5567065,24.87320951,18.39791685,250.0395424,2.523905961,86.73509492,207.7829285,108.1721916,56.2462616,3.62E-14,1.203369036,11717.22591,Annual Herbaceous,51.95683027,8.033230092
Tracheophyta,Asterales,Asteraceae,Asteriscus,Asteriscus graveolens,35,415.1158447,211.9635684,67.91986878,20.95532213,17.06383288,320.5355997,24.4087,17.09516681,198.8637689,0.336141625,94.34429378,111.9690247,79.63085938,25.68672752,0,1.776060562,11717.22591,Perennial Herbaceous,34.7650748,6.609876615
Tracheophyta,Asterales,Asteraceae,Asteriscus,Asteriscus intermedius,161,431.0957031,186.4869009,46.30257949,18.33349745,13.16783028,241.1623758,20.10154492,15.40267759,184.7965462,0,89.99218777,33.16113281,15.55104351,12.82656384,4.04E-13,5.572684964,11717.22591,Perennial Herbaceous,49.70007283,2.874418778
Tracheophyta,Asterales,Asteraceae,Asteriscus,Asteriscus schultzii,27,89.64670563,68.14680997,76.16038649,19.92862087,13.65491203,244.9027537,21.80960752,16.47353208,152.3969105,0,87.62486,35.46130753,28.13767433,4.161992073,0,4.297554748,11717.22591,Perennial Herbaceous,47.00586728,5.782632669
Tracheophyta,Asterales,Asteraceae,Asteriscus,Asteriscus sericeus,180,461.7380371,314.5663838,55.95485965,18.69483924,6.863806185,243.5420497,21.22083399,15.10201439,227.083454,0,91.55388735,79.99913788,35.1905365,32.93941116,0,2.838573765,11717.22591,Perennial Herbaceous,49.86342299,15.28455302
Tracheophyta,Asterales,Asteraceae,Atractylis,Atractylis cancellata,26,245.228569,299.9582346,56.3306065,20.69245187,14.24181208,275.148348,23.89683554,16.86136379,198.7891662,0.059144879,93.84098314,93.42137527,60.86198235,24.79375362,0,2.127876684,7848.740655,Annual Herbaceous,40.15906424,4.474659927
Tracheophyta,Asterales,Asteraceae,Bethencourtia,Bethencourtia palmensis,56,2284.285156,115.1570458,100.7555215,9.082099555,16.70972623,361.5196296,15.39473201,5.366493246,1042.437805,4.682418765,98.0154741,89.99629211,66.79981613,1.06257093,0,11.58311949,571.0282151,Insular Woodiness,42.0028013,4.06830824
Tracheophyta,Asterales,Asteraceae,Calendula,Calendula arvensis,566,495.3492279,475.3224061,49.97839913,19.54424396,16.53024496,296.2216021,23.08294308,15.71572974,329.806119,2.185379597,89.48289373,225.7685699,71.77396011,130.4651108,0.123162664,1.460815025,12826.15141,Annual Herbaceous,51.99877542,12.86154504
Tracheophyta,Asterales,Asteraceae,Carduus,Carduus clavulatus,121,593.7731934,305.5673529,84.46261074,18.5633179,13.57786601,254.2221905,22.37212816,15.38610251,512.3961954,12.5902739,72.9749837,489.131073,50.18802643,409.4260254,3.418651819,1.047564188,20668.19678,Annual Herbaceous,67.44493233,6.426033786
Tracheophyta,Asterales,Asteraceae,Carduus,Carduus tenuiflorus,31,739.1065674,501.5619783,57.66984338,18.65987665,16.75609882,306.1554618,22.58897882,14.78215787,424.1708939,4.72904062,84.78824409,324.4332886,65.31061554,273.7102051,1.449478507,1.307420998,20668.19678,Perennial Herbaceous,57.31122467,13.73585378
Tracheophyta,Asterales,Asteraceae,Carlina,Carlina canariensis,30,816.3227539,464.1911649,87.97802178,19.79007741,19.44058426,376.1219418,25.04474151,14.85208787,310.2597863,0.002736237,97.1743303,172.6657639,72.04308701,89.11534119,2.68E-13,1.796880745,9080.661326,Insular Woodiness,39.22981023,3.995177145
Tracheophyta,Asterales,Asteraceae,Carlina,Carlina falcata,30,599.434021,349.7653068,90.00949237,19.23455645,14.98222452,292.2903745,22.7647281,15.36611935,608.5331365,3.816999698,85.17143777,317.5605164,55.30382347,257.3740158,8.639440298,1.916274553,9080.661326,Perennial Herbaceous,56.06570294,12.04255254
Tracheophyta,Asterales,Asteraceae,Carlina,Carlina salicifolia,603,750.727356,321.4074825,78.02250383,18.10949569,16.97504277,304.8917614,22.54471414,14.21539387,470.1753627,6.622999458,84.90038502,389.6378784,65.84972382,304.897583,1.188367963,1.206698293,9080.661326,Insular Woodiness,60.35516133,11.95552663
Tracheophyta,Asterales,Asteraceae,Cheirolophus,Cheirolophus teydis,114,2143.943359,138.6151368,44.35806994,11.96630671,19.88979477,323.7532873,14.10879626,8.434846251,410.9464662,1.31197656,109.2813969,227.3745193,207.8974304,9.434447288,0,1.807354964,108.9909016,Derived Woodiness,25.42855665,3.499900454
Tracheophyta,Asterales,Asteraceae,Cynara,Cynara cardunculus,184,588.9194336,137.2352664,57.86329131,17.86494619,14.82110755,283.1191691,21.63623645,14.35138571,325.8011042,0.918484383,88.14501448,132.0883408,36.46253586,90.83366776,0.210743472,2.466539456,8665.111042,Perennial Herbaceous,49.76435147,7.620177222
Tracheophyta,Asterales,Asteraceae,Dittrichia,Dittrichia viscosa,195,784.8021851,396.6744984,54.27502528,18.23297782,17.72932036,316.213239,22.77204788,14.1396759,416.7311831,2.891658664,86.89620172,305.5889587,66.74594116,224.1609192,0.477810442,1.36369843,8560.342231,Perennial Herbaceous,52.99003468,11.35460483
Tracheophyta,Asterales,Asteraceae,Gonospermum,Gonospermum canariense,43,763.2404175,409.192442,85.52261595,17.77744875,13.9562263,285.3415591,22.6108539,14.51489258,731.6023369,7.25129954,84.12691615,522.4007568,53.44271469,419.401001,15.94657612,1.400461862,2232.195785,Insular Woodiness,60.54106531,8.995049677
Tracheophyta,Asterales,Asteraceae,Gonospermum,Gonospermum fruticosum,171,353.6298523,263.8520799,90.91649978,20.2255128,13.83571494,244.9768995,24.36059469,16.66204946,381.9484866,8.562973788,75.89140511,429.4124146,91.31572723,331.3711243,0.725359559,0.889467732,2232.195785,Insular Woodiness,64.836589,7.749032967
Tracheophyta,Asterales,Asteraceae,Gonospermum,Gonospermum revolutum,26,177.1018677,111.2769054,101.7708314,21.0799365,11.04887022,230.4345115,23.96939655,18.12461296,381.6990375,11.83026403,71.45637034,333.3341675,105.9341469,197.1251678,0.387393758,1.145094247,2232.195785,Insular Woodiness,64.99857333,2.797159779
Tracheophyta,Asterales,Asteraceae,Hedypnois,Hedypnois rhagadioloides,43,679.0083618,343.1178809,64.26032811,18.0973565,17.27130312,298.0892517,22.81383483,14.64247476,441.2932803,3.055906487,85.93568769,286.3711243,65.98984528,189.0103455,0.493440688,1.540983859,8224.144291,Annual Herbaceous,52.34700213,13.18451102
Tracheophyta,Asterales,Asteraceae,Helichrysum,Helichrysum luteoalbum,101,572.6166382,411.4953857,50.20873705,19.32798341,15.99455302,285.1440424,23.2102096,15.48597125,428.3452645,6.439925944,80.10862205,330.6445923,76.52138519,221.5307617,0.892064333,1.295485468,7904.908209,Derived Woodiness,60.0771434,12.61063836
Tracheophyta,Asterales,Asteraceae,Helminthotheca,Helminthotheca echioides,56,622.9830933,269.4168974,65.62569716,18.42060758,14.41880541,259.22702,22.80625771,14.84031905,564.7429016,14.1709318,71.17779009,491.7978058,52.96601295,412.8278503,2.99088645,1.148323345,3374.901027,Annual Herbaceous,67.62154177,7.682835889
Tracheophyta,Asterales,Asteraceae,Kleinia,Kleinia neriifolia,2847,275.8738403,319.6274847,55.16509182,20.43411341,14.97497705,271.366405,24.08503635,16.8876654,264.4629554,0.828828135,90.95465401,187.1525421,74.97970581,72.97322083,5.86E-13,1.413087701,9904.759392,Derived Woodiness,48.87067274,13.28196996
Tracheophyta,Asterales,Asteraceae,Lactuca,Lactuca serriola,44,416.5894775,403.171721,32.07319835,20.13397945,16.48859106,301.058087,24.27784614,16.63497547,311.1770862,3.363246722,87.65978214,220.3846283,87.66921234,143.094223,0.236060522,1.411972734,7224.262401,Annual Herbaceous,53.40132018,12.27422301
Tracheophyta,Asterales,Asteraceae,Launaea,Launaea arborescens,1825,62.65737915,83.86852674,18.23310887,21.14443256,14.37447828,250.4607268,23.68999042,17.68572197,143.8207574,0,94.40297475,59.39437103,42.9753952,4.484689713,0,2.421454338,11578.5924,Derived Woodiness,38.66133303,6.215201413
Tracheophyta,Asterales,Asteraceae,Launaea,Launaea nudicaulis,80,36.17877388,48.75897346,15.91322644,21.34056046,14.4658391,257.944163,24.07080973,17.67581456,129.1960078,0,95.34004494,42.95092392,36.02530098,2.123291731,0,3.007991355,11578.5924,Perennial Herbaceous,37.45379021,3.941321677
Tracheophyta,Asterales,Asteraceae,Pallenis,Pallenis spinosa,206,573.9049377,331.2833232,64.77391334,19.19068574,16.94218458,309.2898957,23.68359431,15.30569566,338.1843848,3.220972363,87.25706071,240.026268,66.41913986,158.3579559,0.229832917,1.408947394,18361.88969,Annual Herbaceous,54.8013389,12.56404658
Tracheophyta,Asterales,Asteraceae,Pericallis,Pericallis appendiculata,175,808.5428467,162.2627154,86.30178105,16.84805997,12.04068056,261.1820402,21.1153673,13.55609242,606.213159,17.8482737,72.15179598,649.8280029,31.57600212,612.3778076,16.66838264,0.93288248,7161.785717,Insular Woodiness,72.30458645,4.761129784
Tracheophyta,Asterales,Asteraceae,Pericallis,Pericallis cruenta,74,1098.068359,168.2860494,54.69352176,17.2613891,19.39345548,315.3254341,22.57687282,13.42048757,641.2347078,11.02706774,72.91376288,632.9578247,64.7113533,566.0599365,10.33514595,1.013076516,7161.785717,Perennial Herbaceous,68.2571011,6.005295298
Tracheophyta,Asterales,Asteraceae,Pericallis,Pericallis echinata,175,731.3981323,374.7540257,80.20067376,19.82735067,17.00966688,302.9786659,24.14590912,15.55179072,408.1445053,5.97575576,85.13272583,502.1353455,79.31182098,359.0439148,0.752346694,0.812817717,7161.785717,Perennial Herbaceous,66.04830366,5.575706699
Tracheophyta,Asterales,Asteraceae,Pericallis,Pericallis lanata,112,666.0476685,297.2600558,79.08193519,19.06218104,19.8183217,360.1368966,24.99826374,14.52692128,314.5859532,3.268261338,92.16912956,390.6845245,109.7708282,273.0666809,0.853008121,0.805217339,7161.785717,Perennial Herbaceous,52.66994487,5.43940184
Tracheophyta,Asterales,Asteraceae,Pericallis,Pericallis murrayi,56,837.7921753,334.6884891,53.86186371,17.78054824,15.1230011,306.3742938,20.58134087,13.7574458,494.6739353,2.165507348,89.87038135,298.2423859,27.90402699,237.395546,2.612038374,1.658630559,7161.785717,Perennial Herbaceous,65.06344816,3.770913881
Tracheophyta,Asterales,Asteraceae,Pericallis,Pericallis papyracea,215,592.937439,263.5107037,81.45242863,18.66570437,13.42841709,254.0101765,22.60940294,15.35357964,751.5762674,11.96718955,79.51853295,610.6574707,40.06457901,491.7890625,30.87933922,1.230765697,7161.785717,Perennial Herbaceous,66.71497364,9.097863734
Tracheophyta,Asterales,Asteraceae,Pericallis,Pericallis steetzii,136,952.8358154,368.5897525,82.44919478,16.35461273,18.66847304,339.4114373,21.2892981,12.35799239,642.3521814,8.237076379,88.6658394,577.5527954,58.79002762,486.8081818,7.242991209,1.112196472,7161.785717,Perennial Herbaceous,60.22592377,5.741548812
Tracheophyta,Asterales,Asteraceae,Pericallis,Pericallis tussilaginis,202,593.522644,203.7081451,94.05150294,18.36296775,11.34941263,241.1800513,21.85301712,15.17799407,496.8661489,14.86648676,71.56069601,438.6618958,43.24610138,374.455307,3.663363934,1.132685911,7161.785717,Perennial Herbaceous,69.09779021,5.800277591
Tracheophyta,Asterales,Asteraceae,Pericallis,Pericallis webbii,183,536.8049316,269.7211272,69.4303125,19.56887945,17.68667602,316.2910025,23.84235062,15.26712968,393.3668118,2.431607106,79.7013916,400.7410889,77.37926483,322.5099182,0.896820188,0.9815984,7161.785717,Perennial Herbaceous,53.51449772,8.593196428
Tracheophyta,Asterales,Asteraceae,Phagnalon,Phagnalon purpurascens,30,404.6957245,280.243954,61.33754076,20.82682062,17.23195839,318.0560922,25.09117799,16.83304406,220.7586588,0.009408749,95.92995138,103.6824989,72.30767441,35.11179352,7.71E-15,2.129179573,9397.567838,Perennial Herbaceous,38.82402504,5.962386823
Tracheophyta,Asterales,Asteraceae,Phagnalon,Phagnalon saxatile,215,673.3569946,375.5641892,73.23916036,18.66763449,17.09962634,312.87353,22.76551535,14.54758846,433.6783985,4.432950504,87.73074031,338.176239,71.680336,254.317688,0.616201758,1.282403518,9397.567838,Perennial Herbaceous,58.05740542,10.94099302
Tracheophyta,Asterales,Asteraceae,Phagnalon,Phagnalon umbelliforme,30,368.6047211,311.2914567,50.86449071,20.37363822,16.78459691,321.0996896,24.00354765,16.37264739,332.3787697,1.602127298,88.40424183,79.6837616,27.42401409,56.46588326,0.143751632,4.171223384,9397.567838,Perennial Herbaceous,51.46030211,5.835503661
Tracheophyta,Asterales,Asteraceae,Pulicaria,Pulicaria canariensis,93,14.74539661,13.03360713,19.19209648,22.2330526,16.60251032,279.8004305,25.01673962,17.88493792,105.4857179,0,94.25314465,52.41654587,43.49527359,0.232141599,0,2.012450766,1548.806328,Derived Woodiness,38.91068182,3.875363905
Tracheophyta,Asterales,Asteraceae,Reichardia,Reichardia crystallina,27,20.06904984,24.34173999,23.6374447,23.19605547,20.53555253,347.5714107,29.02108984,19.03229187,158.5637887,1.90744163,89.31928357,132.2528534,122.8669815,13.27648926,0,1.198944179,10137.1558,Perennial Herbaceous,42.52649076,3.836690009
Tracheophyta,Asterales,Asteraceae,Reichardia,Reichardia famarae,35,437.1419373,230.7136534,108.2997722,18.32583854,11.71989756,240.1756848,19.96180388,15.5466353,180.7209661,0,90.73805561,29.00103378,25.34668159,4.065397739,0,6.231535313,10137.1558,Perennial Herbaceous,49.96320247,0.853588673
Tracheophyta,Asterales,Asteraceae,Reichardia,Reichardia ligulata,261,103.640213,140.9276046,79.5954617,21.40019958,14.21921591,245.6664979,24.62462628,18.35791014,318.2557872,3.814083322,85.07261322,319.3136902,124.3919601,53.21943283,4.73E-14,0.996686948,10137.1558,Perennial Herbaceous,56.54709036,10.45776741
Tracheophyta,Asterales,Asteraceae,Reichardia,Reichardia tingitana,277,123.2115631,167.7512238,17.18831582,20.72533687,14.42847158,258.1394902,23.25274679,17.09539515,145.6069937,0,93.70739125,38.61694717,24.51530266,5.657472134,0,3.770546466,10137.1558,Annual Herbaceous,38.91068182,6.685948878
Tracheophyta,Asterales,Asteraceae,Schizogyne,Schizogyne glaberrima,120,8.817412853,6.2905301,8.621665803,21.96664844,12.07950174,238.5640576,24.33711099,18.65976759,92.552035,0,122.8708153,75.81869888,53.1280365,9.382416725,0,1.220701969,18401.47159,Perennial Herbaceous,34.39929148,0.908647931
Tracheophyta,Asterales,Asteraceae,Schizogyne,Schizogyne sericea,888,19.16540909,21.13844052,23.28347965,22.14689095,15.01403794,266.1691181,24.96045564,18.69320815,170.9101112,0.584702027,91.37591763,197.8512802,128.0507202,15.17414904,0,0.863831212,18401.47159,Perennial Herbaceous,43.25678726,6.091807294
Tracheophyta,Asterales,Asteraceae,Scolymus,Scolymus hispanicus,45,732.0649414,178.0332576,51.86665623,17.62006542,16.40572506,311.7053077,21.73028967,13.57629831,457.8680234,3.377063972,90.03199898,239.2272339,43.77591324,194.0962067,1.572775245,1.913946067,3847.281554,Perennial Herbaceous,57.76859858,5.42520234
Tracheophyta,Asterales,Asteraceae,Senecio,Senecio leucanthemifolius,75,12.01319027,13.30330059,13.90526204,20.78550764,12.26121796,211.8338383,22.46320261,17.60557596,145.4713645,0,92.39724159,87.6812439,64.63777161,9.730766296,0,1.659093303,12127.29228,Annual Herbaceous,48.48389832,4.042650055
Tracheophyta,Asterales,Asteraceae,Senecio,Senecio vulgaris,42,427.3696747,509.4939652,30.98182017,19.87895572,17.8177686,293.8513884,23.03451338,16.31632068,365.5207736,2.511620487,86.2986968,198.1322784,84.51976013,129.3808441,0.246160567,1.844832031,12127.29228,Annual Herbaceous,54.33870021,10.83827631
Tracheophyta,Asterales,Asteraceae,Silybum,Silybum marianum,155,631.9020996,519.7815161,45.05118797,17.81683595,16.18865033,303.6301917,22.4110044,13.7084328,527.1784624,4.797072692,80.34405813,344.1811523,49.5711441,281.9320984,1.168695569,1.531688934,7997.708498,Perennial Herbaceous,57.15571235,10.5854817
Tracheophyta,Asterales,Asteraceae,Sonchus,Sonchus acaulis,724,811.3308411,379.6892088,75.01481309,17.92606591,17.39551223,315.070773,22.62668077,13.9521722,505.7430307,6.903222749,80.70325189,435.5518188,69.54558563,353.8575439,1.70680809,1.161154675,9639.265723,Perennial Herbaceous,60.93261281,12.01568865
Tracheophyta,Asterales,Asteraceae,Sonchus,Sonchus asper,26,670.2832031,408.9589307,62.48287378,18.65586904,15.80709919,268.2356088,22.56358392,14.97076901,506.5817604,11.13437564,76.31872181,405.877121,46.31909943,341.1395874,2.185166597,1.248116078,9639.265723,Annual Herbaceous,64.37626523,10.56575473
Tracheophyta,Asterales,Asteraceae,Sonchus,Sonchus canariensis,233,979.4674072,217.5357157,49.18116803,17.74599321,19.60135972,357.7172125,23.1785,13.3399391,489.6829502,4.909828512,88.90258183,408.744751,92.53403473,305.8725281,0.645632029,1.198016486,9639.265723,Insular Woodiness,56.83344334,8.578399579
Tracheophyta,Asterales,Asteraceae,Sonchus,Sonchus capillaris,36,481.2754211,314.4598084,40.29917465,20.33497637,18.83177493,337.7347469,24.59163714,16.10733816,247.6176867,1.343699911,92.14081204,210.5022964,102.6052551,104.5773697,2.11E-13,1.17631822,9639.265723,Insular Woodiness,53.41936506,3.685587528
Tracheophyta,Asterales,Asteraceae,Sonchus,Sonchus congestus,239,681.3110352,229.0990727,86.67744076,18.36296775,11.79194864,237.2456828,22.05333928,15.16021257,462.5867938,13.02822493,71.70398769,517.5491333,45.35001755,442.3003845,7.700265408,0.893802664,9639.265723,Insular Woodiness,71.51847837,5.604529311
Tracheophyta,Asterales,Asteraceae,Sonchus,Sonchus hierrensis,231,952.4334106,462.2038077,64.25251619,16.58540596,17.61236835,332.0234836,21.28370482,12.42906765,638.4102268,6.51983336,88.72339305,496.7887268,50.86674118,418.9069214,7.265285492,1.2850739,9639.265723,Insular Woodiness,59.98205077,6.768734351
Tracheophyta,Asterales,Asteraceae,Sonchus,Sonchus leptocephalus,250,492.1048126,239.0571469,73.22000186,19.72196969,16.76942941,289.3639965,24.01646511,15.81436249,361.9267488,4.057580458,80.85383659,322.2131042,80.84301376,248.2198486,0.476706684,1.123252729,9639.265723,Insular Woodiness,56.16400264,12.42419599
Tracheophyta,Asterales,Asteraceae,Sonchus,Sonchus oleraceus,92,281.7036896,367.7769818,27.63110102,20.1759666,14.07608397,254.124217,23.24579558,16.93629973,339.0378748,3.947334284,79.69079629,273.2848206,49.69337082,182.4314346,0.425115243,1.240602658,9639.265723,Annual Herbaceous,54.78828923,16.30671713
Tracheophyta,Asterales,Asteraceae,Sonchus,Sonchus palmensis,109,514.6465454,174.2134179,100.5239796,19.2155259,12.11666598,245.6224348,22.39765973,16.16253511,744.8004991,19.64949185,74.23638711,787.8870239,50.54236221,684.9210205,49.86367798,0.945313829,9639.265723,Insular Woodiness,71.92384878,3.570537396
Tracheophyta,Asterales,Asteraceae,Sonchus,Sonchus pinnatifidus,102,404.4140015,176.6120555,55.96580837,18.52069784,13.17893946,241.179454,20.24787914,15.33061044,185.9998638,0,89.28603832,38.52122116,15.86301136,21.87366104,0.035266232,4.828503827,9639.265723,Insular Woodiness,49.17131006,2.859894211
Tracheophyta,Asterales,Asteraceae,Sonchus,Sonchus radicatus,67,194.2259216,166.7272562,104.0488146,21.29368624,11.27631669,232.8871615,24.35346892,18.29765982,393.2140543,11.85569045,72.15723901,420.7714233,101.4681396,312.2001343,0.365810424,0.934507508,9639.265723,Perennial Herbaceous,66.2654582,5.653885438
Tracheophyta,Asterales,Asteraceae,Sonchus,Sonchus tenerrimus,100,159.6775055,222.1785274,19.95909814,21.0367887,15.12546833,272.1485105,23.94050822,17.52882581,214.8201458,0.552427855,86.42314412,121.5166054,59.53370476,14.28902149,0,1.767825436,9639.265723,Annual Herbaceous,46.70684921,12.01853461
Tracheophyta,Asterales,Asteraceae,Tolpis,Tolpis laciniata,36,620.6725769,305.1852332,69.32968576,19.0026664,16.82056654,329.7224733,22.74754409,14.95594746,437.0343685,2.468978797,86.42327225,209.9155273,41.49513435,155.8743668,0.867674649,2.081953508,3127.827077,Perennial Herbaceous,55.46608771,6.503411406
Tracheophyta,Asterales,Asteraceae,Tolpis,Tolpis lagopoda,32,1359.743835,565.4086126,96.84277397,14.23846103,18.4304011,341.2319049,20.06591956,10.3872173,632.284745,7.459178481,85.25896803,424.3596497,72.1893158,337.0687561,7.329416275,1.489973765,3127.827077,Perennial Herbaceous,52.68660956,8.930141992
Tracheophyta,Asterales,Asteraceae,Tolpis,Tolpis webbii,52,2194.591309,148.9299933,45.01584297,10.91754958,18.61533563,338.2525776,13.99946648,7.23567864,411.1090515,1.805128376,94.92971289,187.5112228,173.8743591,6.507015944,0,2.192450379,3127.827077,Perennial Herbaceous,27.43210188,5.041605169
Tracheophyta,Asterales,Asteraceae,Urospermum,Urospermum picroides,115,333.2805176,338.0425504,59.276014,19.91482305,15.00734065,274.5147012,24.1398607,16.28987386,328.7241747,3.563919053,87.48579,286.0648804,81.66851044,153.5162964,0.362267852,1.149124542,21589.76823,Annual Herbaceous,54.2465005,13.24787273
Tracheophyta,Asterales,Asteraceae,Vieraea,Vieraea laevigata,49,178.0991364,69.76081382,190.7363461,24.33968483,18.52908259,282.1003728,29.02696138,20.60196954,260.4288009,3.236979516,86.27085953,390.2721252,107.6710815,120.3634109,9.07E-13,0.667300543,134.146201,Derived Woodiness,52.91846114,6.443249778
Tracheophyta,Asterales,Asteraceae,Volutaria,Volutaria canariensis,69,87.35055542,115.8060453,21.39694464,21.7862787,15.32375183,272.2421862,24.63221192,18.24326185,170.9592196,0.486859907,94.55654068,115.79422,81.14057159,38.68059158,0,1.476405469,10971.6693,Annual Herbaceous,41.44949434,6.339649876
Tracheophyta,Asterales,Asteraceae,Volutaria,Volutaria tubuliflora,47,99.60735321,108.2034022,32.56885195,20.80825325,14.41681209,248.4819283,23.56105598,17.59900321,242.9094723,0.928321909,91.13007981,155.9279175,104.8760834,21.59444427,0,1.557831825,10971.6693,Annual Herbaceous,51.3820528,11.47242672
Tracheophyta,Asterales,Campanulaceae,Campanula,Campanula erinus,45,508.8819885,435.3491474,64.99127256,19.25740276,16.11552402,286.6832712,22.97696942,15.57413117,439.6299538,4.615442733,87.31565692,343.1704407,64.10182953,256.7513123,1.435722709,1.281083397,11773.06441,Annual Herbaceous,56.57937945,13.85829046
Tracheophyta,Asterales,Campanulaceae,Canarina,Canarina canariensis,1191,652.895813,200.3307146,92.71142082,18.73859138,14.57764879,260.5460798,22.71052277,15.05395957,475.081997,12.18620957,73.31806422,544.5787354,55.79991531,481.9676819,4.845504761,0.872384407,6663.817992,Perennial Herbaceous,68.95449602,6.509599897
Tracheophyta,Asterales,Campanulaceae,Wahlenbergia,Wahlenbergia lobelioides,96,327.9865875,319.7423457,65.73464844,20.03960219,16.03199924,279.8552729,23.08213421,16.84714774,358.2856946,4.386871208,81.77365428,275.6070557,74.56019592,158.4212646,0.357839003,1.299987381,17308.71799,Annual Herbaceous,54.87456209,10.1048277
Tracheophyta,Boraginales,Boraginaceae,Cynoglossum,Cynoglossum creticum,42,720.9715576,252.5198815,87.68429524,19.05274262,16.35442013,300.8758447,23.13858664,14.85987652,412.478776,5.771818143,86.65226878,494.6075134,70.96658325,395.9667664,1.489740431,0.833951699,4298.120483,Annual Herbaceous,66.89531352,4.771216761
Tracheophyta,Boraginales,Boraginaceae,Echium,Echium aculeatum,212,728.9696655,283.1430732,81.24021831,19.20187088,17.08995656,322.5120737,24.27787375,14.9899321,400.8063569,3.951562983,91.00962692,238.332756,71.39377594,163.0261383,0.084515378,1.681709067,8948.298203,Insular Woodiness,57.11904596,12.65496667
Tracheophyta,Boraginales,Boraginaceae,Echium,Echium auberianum,27,2499.381348,291.2056608,62.83142754,9.598743587,16.18597842,371.1739224,13.56938893,5.63629281,387.9886529,1.997233881,88.64892398,107.1697006,107.1697006,0,0,3.620320395,8948.298203,Perennial Herbaceous,29.91818464,0.673363033
Tracheophyta,Boraginales,Boraginaceae,Echium,Echium bonnetii,154,115.8721619,145.5942112,24.04488414,20.72600215,12.35654848,247.9637747,23.14101419,17.15212257,149.4489275,0,93.86047941,50.38514519,30.60002708,9.588592529,0,2.96613073,8948.298203,Annual Herbaceous,38.82402504,5.404389236
Tracheophyta,Boraginales,Boraginaceae,Echium,Echium brevirame,128,381.0304565,258.3349285,59.20981891,20.02618145,16.66653297,314.8278251,23.74882315,16.6949347,406.2939699,2.159452585,86.28995901,101.0647926,34.95281601,59.92961121,0.113933068,4.020133612,8948.298203,Insular Woodiness,52.7150172,5.666855552
Tracheophyta,Boraginales,Boraginaceae,Echium,Echium decaisnei,288,453.2739563,278.9219524,64.63929768,20.02493647,17.07313079,313.6443932,24.34409116,15.86096703,246.0990799,0.136280897,90.38916846,182.1643677,63.2492466,110.8617172,0.027152491,1.350972657,8948.298203,Insular Woodiness,41.14914459,8.057756401
Tracheophyta,Boraginales,Boraginaceae,Echium,Echium giganteum,70,196.0326309,148.9656467,103.0411033,20.27921479,14.00050232,200.1299725,22.8797087,17.71029775,357.8523804,7.634934858,75.71956618,491.1848755,125.3601608,366.6274872,1.743929923,0.728549266,8948.298203,Insular Woodiness,67.70985267,4.117491611
Tracheophyta,Boraginales,Boraginaceae,Echium,Echium leucophaeum,94,479.2359619,122.3468052,89.70720883,18.9102675,11.38185095,239.6468119,22.45346209,15.79495729,426.0975986,13.98611112,69.99787998,386.2423706,54.80126953,329.1931763,1.886260271,1.103187095,8948.298203,Insular Woodiness,66.33823011,8.854801371
Tracheophyta,Boraginales,Boraginaceae,Echium,Echium onosmifolium,66,1269.572021,535.4429717,80.92336903,16.98002761,20.39050515,405.8234592,23.02760021,11.9198518,462.0297734,0.679959238,96.94097279,205.0054321,83.3786087,129.79562,8.85E-13,2.253744052,8948.298203,Insular Woodiness,38.44436677,2.456978523
Tracheophyta,Boraginales,Boraginaceae,Echium,Echium perezii,96,2246.702637,170.8768893,101.6790994,9.180422804,15.87695559,356.214576,15.46325702,5.430451861,1070.407833,5.074778945,97.95542915,83.83535004,55.3802948,22.1717453,1.73E-25,12.76797714,8948.298203,Insular Woodiness,42.0028013,4.06830824
Tracheophyta,Boraginales,Boraginaceae,Echium,Echium pitardii,66,224.0579376,293.3470955,34.95664944,20.09844444,14.3710986,246.1976922,22.17544218,16.28199415,162.2318243,0,90.78955345,35.23589897,17.78500175,8.686775208,2.13E-14,4.604163056,8948.298203,Annual Herbaceous,46.83993091,7.190103506
Tracheophyta,Boraginales,Boraginaceae,Echium,Echium plantagineum,615,644.8329468,336.61843,57.69459095,18.48330647,16.81743248,303.4120927,22.8319225,14.60271887,491.6546865,6.023582763,83.09574237,380.8859558,61.73166275,305.3431702,1.508575082,1.290818627,8948.298203,Annual Herbaceous,59.18157844,9.675014527
Tracheophyta,Boraginales,Boraginaceae,Echium,Echium simplex,69,472.6890869,248.1358775,86.20373499,19.59954112,11.30286009,234.8872238,22.94360027,16.01320888,398.932364,13.40324862,70.71910277,421.3894043,74.98506927,350.6466675,0.577133775,0.946707155,8948.298203,Insular Woodiness,67.10960738,6.347487987
Tracheophyta,Boraginales,Boraginaceae,Echium,Echium strictum,142,511.5391846,218.7199678,109.451299,19.34428528,12.42868259,242.3445621,23.04152974,15.79236383,404.4615393,11.53397134,73.3412682,423.9084473,66.47264862,353.3323059,1.577815235,0.954124745,8948.298203,Insular Woodiness,66.10700987,7.142491141
Tracheophyta,Boraginales,Boraginaceae,Echium,Echium triste,58,81.73781586,112.5261143,32.39635185,22.07508651,16.4813339,280.569315,24.96429963,18.52651378,175.4489912,0.118601786,95.96340293,140.3190613,121.4617386,17.50822258,0,1.250357504,8948.298203,Annual Herbaceous,45.12370515,1.619175091
Tracheophyta,Boraginales,Boraginaceae,Echium,Echium virescens,221,963.8867188,446.1472243,59.13278711,17.54291749,20.15055243,328.0042947,22.72215726,13.66154908,403.7403318,5.735271999,86.79486906,444.5426025,114.2780457,342.7955933,2.007712603,0.908215162,8948.298203,Insular Woodiness,60.29183171,12.16758929
Tracheophyta,Boraginales,Boraginaceae,Echium,Echium webbii,62,779.213501,349.9169919,78.72444611,17.15485188,15.94428351,311.1539746,22.01887231,13.21245344,666.1526793,3.517691355,87.25823902,503.5679169,51.44997978,383.3092499,14.66310787,1.32286561,8948.298203,Insular Woodiness,54.22308483,6.954383245
Tracheophyta,Boraginales,Boraginaceae,Echium,Echium wildpretii,547,2172.877441,195.313004,54.0612448,11.83080145,19.76853924,345.6226871,13.80433308,8.385085891,372.8469776,1.673185253,100.489179,214.9319916,206.4548798,3.628669262,0,1.734720713,8948.298203,Insular Woodiness,25.31782208,3.173676053
Tracheophyta,Boraginales,Boraginaceae,Myosotis,Myosotis latifolia,131,1055.424194,208.2618645,78.27845163,17.4345727,17.45812325,307.6407296,22.23264757,13.42195275,638.9158694,10.64807589,77.64702193,833.7658691,58.51895142,738.7618408,15.46007252,0.7663013,2507.040948,Perennial Herbaceous,69.11819819,5.852655652
Tracheophyta,Boraginales,Heliotropiaceae,Heliotropium,Heliotropium europaeum,35,53.6425209,71.36710686,16.99065462,21.66942169,15.2778205,276.1933802,24.65405214,17.8061128,146.9114582,0.095078523,91.46617518,121.4399643,51.5160141,10.28143501,0,1.209745565,15007.48372,Annual Herbaceous,43.53690543,10.08704307
Tracheophyta,Brassicales,Brassicaceae,Cakile,Cakile maritima,259,4.668225765,4.437284872,6.815080758,21.1330288,7.248093128,248.5678875,23.2740576,17.64476612,98.15285795,0,94.35251346,72.40205384,66.60562134,0.056449104,0,1.355664001,1509.278719,Annual Herbaceous,36.52207568,3.275511539
Tracheophyta,Brassicales,Brassicaceae,Capsella,Capsella bursa-pastoris,25,707.7786255,284.2669227,45.53137538,17.97058536,17.52258667,312.3872037,22.8692374,13.69979687,474.0167299,6.245973393,77.6621752,385.2315369,72.92240906,322.0952454,1.130437136,1.230472286,4514.288076,Annual Herbaceous,60.0771434,8.65454459
Tracheophyta,Brassicales,Brassicaceae,Carrichtera,Carrichtera annua,108,226.594696,212.9791798,18.10366421,20.38915378,14.36531691,255.8043536,22.75594773,16.60180619,147.418976,0,93.57881123,28.7205143,18.77405548,6.152163029,0,5.132880786,5870.015049,Annual Herbaceous,37.38876659,3.944988401
Tracheophyta,Brassicales,Brassicaceae,Crambe,Crambe strigosa,102,797.9331055,271.4317186,93.84369629,18.13977074,12.12955529,250.5988574,22.29416209,14.43672151,625.613758,17.87738166,72.77841511,702.0094604,45.0520668,633.5830688,15.77678347,0.89117568,630.2795648,Insular Woodiness,72.96466486,3.342788938
Tracheophyta,Brassicales,Brassicaceae,Descurainia,Descurainia bourgaeana,108,2214.033081,131.4656458,34.58140296,10.71063577,18.37478908,344.7849774,14.8696416,6.885419723,389.9654457,1.89870509,91.00169175,164.0135727,144.1942978,4.648518801,0,2.377641309,3987.543065,Insular Woodiness,27.15123665,6.29257829
Tracheophyta,Brassicales,Brassicaceae,Descurainia,Descurainia gilva,35,2197.481445,209.036465,89.97888858,9.284345905,15.78234487,355.5949944,15.55551538,5.499301144,1035.835693,4.933474489,95.94491619,76.89128113,46.0358696,20.8096962,0.145824865,13.47143237,3987.543065,Insular Woodiness,41.95030368,6.7699995
Tracheophyta,Brassicales,Brassicaceae,Descurainia,Descurainia millefolia,159,417.7204895,309.7526846,109.0634433,19.60814319,14.17036783,242.531221,23.21903653,16.31240806,387.5756629,6.752826747,82.16644718,415.6256714,100.5078735,293.6427612,1.370620728,0.932511367,3987.543065,Insular Woodiness,64.95609259,8.69895597
Tracheophyta,Brassicales,Brassicaceae,Descurainia,Descurainia preauxiana,27,931.3217163,501.2625898,105.9768182,19.51975441,20.8196646,363.0588389,25.03967927,15.23032015,354.224762,0.083759881,99.25323315,192.2983856,58.56430817,127.042717,0.025633859,1.842057909,3987.543065,Insular Woodiness,37.45400731,2.440088854
Tracheophyta,Brassicales,Brassicaceae,Erucastrum,Erucastrum canariense,28,379.7668304,325.6330146,52.42096382,19.64307506,13.24966343,244.2765027,22.03180734,15.53939428,175.4984884,0,93.66905851,42.57360077,25.61001968,16.91189861,0,4.122237378,10386.7853,Perennial Herbaceous,47.15016817,8.815356809
Tracheophyta,Brassicales,Brassicaceae,Erysimum,Erysimum bicolor,452,717.5412292,486.3497639,91.62795416,18.99084001,17.38813527,286.7966528,23.0548403,15.44075374,420.4676015,6.622996839,85.77314662,498.2434235,87.00845337,365.3478394,1.21535027,0.843899953,3589.566045,Insular Woodiness,66.39993124,7.275674934
Tracheophyta,Brassicales,Brassicaceae,Erysimum,Erysimum scoparium,340,2127.324219,162.4866799,55.14645926,11.45414774,18.76438646,344.5069335,14.7421408,7.798918111,411.7560259,1.765597765,98.06468167,191.1830139,162.5651321,6.83938241,0,2.153727036,3589.566045,Insular Woodiness,28.768578,9.83340676
Tracheophyta,Brassicales,Brassicaceae,Hirschfeldia,Hirschfeldia incana,89,565.2971802,394.9087077,42.02421218,18.47696268,16.94980254,297.9327488,22.48374573,14.92190737,353.9347873,2.094718165,88.87033913,232.5887909,59.67652512,143.1154327,0.355534434,1.521719021,9607.637735,Annual Herbaceous,51.28035561,10.33689661
Tracheophyta,Brassicales,Brassicaceae,Lobularia,Lobularia canariensis,490,564.9068604,309.8393747,88.82332153,19.05704163,16.327043,293.2700101,23.03089854,15.2799367,382.1488054,3.10760592,88.73503866,279.3846893,64.79589081,185.402916,0.456761986,1.367823005,9844.876384,Insular Woodiness,53.51248213,12.64846385
Tracheophyta,Brassicales,Brassicaceae,Lobularia,Lobularia maritima,62,395.4163666,466.6618105,47.15291616,19.69704189,15.00429807,277.6895861,23.33504941,16.07751267,343.7808579,2.24831458,86.43311859,226.1324768,90.13684464,93.4417038,0.052800745,1.52026309,9844.876384,Perennial Herbaceous,52.41661653,8.156821608
Tracheophyta,Brassicales,Brassicaceae,Matthiola,Matthiola bolleana,55,42.05326462,49.89692099,14.05017253,21.1335807,14.40760768,255.7591818,23.43814047,17.58548904,124.0096848,0,95.24218352,32.27466583,27.66810608,2.190908194,0,3.842322812,2629.138416,Annual Herbaceous,37.80725408,6.43897596
Tracheophyta,Brassicales,Brassicaceae,Notoceras,Notoceras bicorne,69,177.9243317,199.9219849,35.82047253,21.0601954,14.96056056,267.508749,23.58293303,17.56190017,169.5029926,0.018094854,93.11015231,68.11005402,49.29948807,17.8443718,0,2.488663311,5958.508832,Annual Herbaceous,40.0420285,7.688891713
Tracheophyta,Brassicales,Brassicaceae,Parolinia,Parolinia intermedia,26,105.1434593,114.6740742,66.86905522,23.15213068,19.14997457,303.695145,27.24701325,19.89443206,210.9873295,2.493281165,88.83716238,132.0538406,98.71412659,17.32738161,0,1.597737169,68.8062883,Derived Woodiness,44.33943854,2.978840252
Tracheophyta,Brassicales,Brassicaceae,Raphanus,Raphanus raphanistrum,66,708.2339478,260.7914122,37.32131047,17.47620304,17.18416166,330.3062299,22.30600234,13.45068937,541.9283513,6.210838532,83.58296194,387.9378204,49.4843483,304.3732147,1.46176368,1.396946425,5959.163716,Annual Herbaceous,57.45534476,7.114775668
Tracheophyta,Brassicales,Brassicaceae,Sisymbrium,Sisymbrium erysimoides,38,113.8586769,130.8060886,32.12831334,20.93521909,14.14163963,249.521698,23.44979637,17.74235968,216.0557289,0.841824057,86.58981749,131.6346588,61.07234764,42.22163963,0,1.64132859,6516.684931,Annual Herbaceous,44.57971259,14.63474013
Tracheophyta,Brassicales,Brassicaceae,Sisymbrium,Sisymbrium irio,32,168.0028,231.4409471,21.01024951,21.07592677,15.22296068,261.959327,23.8987618,17.57263925,208.2295404,0.576001552,89.25342997,133.8067703,82.55022812,10.08909059,0,1.556195848,6516.684931,Annual Herbaceous,50.59911862,11.92178682
Tracheophyta,Brassicales,Resedaceae,Reseda,Reseda crystallina,57,351.186554,181.0355588,58.37503764,19.48474448,13.08301083,244.1718375,21.61929439,15.75108182,170.3316453,0,92.44621618,32.01721191,14.49760056,10.56844902,0,5.320002432,9775.528638,Perennial Herbaceous,40.34063762,7.806292113
Tracheophyta,Brassicales,Resedaceae,Reseda,Reseda luteola,145,1142.096313,366.3148609,56.79293664,16.61013981,17.88299095,330.1145172,21.99071222,12.51433922,617.3940152,4.822647179,87.76059057,355.6707764,63.83193207,255.1879425,3.485374451,1.735858148,9775.528638,Perennial Herbaceous,57.6890365,14.477968
Tracheophyta,Brassicales,Resedaceae,Reseda,Reseda scoparia,76,66.87228775,76.75423803,53.11888474,22.43778794,14.88310281,267.4278252,24.87133271,19.04263907,147.2601013,0.178516974,91.07432798,127.9194374,109.3951073,15.32382107,0,1.151194097,9775.528638,Perennial Herbaceous,44.73484092,4.942850558
Tracheophyta,Caryophyllales,Aizoaceae,Aizoon,Aizoon canariense,753,40.24077988,50.45486204,21.82084067,21.61001627,14.6840036,257.4073457,24.33899558,17.9763194,149.6673155,0.019445305,94.34256372,107.4512482,78.52856446,8.093250275,0,1.392885779,10736.86152,Annual Herbaceous,39.52266065,7.46199887
Tracheophyta,Caryophyllales,Aizoaceae,Mesembryanthemum,Mesembryanthemum crystallinum,954,59.6379509,80.52192672,21.00707988,21.25800681,14.00562785,246.4293136,23.9502919,17.92489629,166.3797239,0.062032779,91.07275274,111.7055779,79.52418518,11.62128401,0,1.489448666,10449.68837,Annual Herbaceous,44.32334944,10.89043055
Tracheophyta,Caryophyllales,Aizoaceae,Mesembryanthemum,Mesembryanthemum nodiflorum,699,21.67671394,25.93883338,16.9933929,21.52632454,14.30833363,248.4428462,24.32061899,18.03248093,143.3775368,0.010328829,92.94644782,107.9123001,87.07078552,6.568282127,0,1.328648696,10449.68837,Annual Herbaceous,40.42065974,8.488101746
Tracheophyta,Caryophyllales,Amaranthaceae,Arthrocaulon,Arthrocaulon macrostachyum,42,2.532123089,1.911840622,5.882860055,21.21341374,7.273066392,243.1732976,23.2965837,17.80966979,91.58068076,0,100.2376189,130.9240112,80.55567169,8.646420002,0,0.69949492,474.1860664,Perennial Herbaceous,35.97802024,5.028913757
Tracheophyta,Caryophyllales,Amaranthaceae,Atriplex,Atriplex glauca,95,10.85877228,11.24114816,13.51265478,22.08675886,14.69741226,250.25851,24.87513622,18.86170119,145.2680295,0.098968424,89.32481604,153.8476257,115.4914551,9.152853966,0,0.944233158,6579.456895,Perennial Herbaceous,45.2801592,8.831640018
Tracheophyta,Caryophyllales,Amaranthaceae,Atriplex,Atriplex halimus,53,6.821241856,5.895031913,11.15971721,20.74629224,12.29701591,246.1963379,22.62706504,17.78189823,137.8116709,0,92.40655824,124.6728134,85.23293304,3.395340681,0,1.105386709,6579.456895,Perennial Herbaceous,46.97669865,6.721579515
Tracheophyta,Caryophyllales,Amaranthaceae,Bassia,Bassia tomentosa,1188,34.27550507,18.38476258,34.81932283,22.56066098,13.5663942,225.955583,25.28507258,19.88828404,127.5132069,0.86403041,92.76444436,191.8087006,124.2203064,41.98906708,0,0.664793654,8193.285773,Insular Woodiness,45.12133901,0
Tracheophyta,Caryophyllales,Amaranthaceae,Beta,Beta vulgaris,72,281.31427,345.3552414,30.00888989,19.72048749,15.09283613,257.8942274,23.60093615,16.20566014,288.7373016,3.889848448,79.45406391,178.3051071,59.05080605,90.31824112,0.106047824,1.619343979,8151.558804,Perennial Herbaceous,54.78423417,12.96607554
Tracheophyta,Caryophyllales,Amaranthaceae,Bosea,Bosea yervamora,206,213.6029053,183.8999464,67.78037508,20.35428896,13.91157032,226.233401,23.27434791,17.08662869,347.0122335,7.754899239,74.89773144,444.6227875,101.268322,301.3325195,1.331323922,0.780464347,1876.702658,Insular Woodiness,60.43336247,7.258100147
Tracheophyta,Caryophyllales,Amaranthaceae,Chenopodiastrum,Chenopodiastrum murale,241,129.170929,179.5546555,29.10470947,20.95474223,14.5534844,257.7421411,24.02860901,17.72710197,253.9035477,1.382656261,88.00417448,217.1642456,81.12682343,62.55025864,1.66E-12,1.169177491,9976.135879,Annual Herbaceous,51.81381408,13.76938555
Tracheophyta,Caryophyllales,Amaranthaceae,Nitrosalsola,Nitrosalsola vermiculata,113,13.52033138,16.37706684,14.60192611,21.11920713,7.274298657,247.5498196,23.24697442,17.61375853,127.0215944,0,95.3475028,44.33804703,37.96985626,0.956463814,0,2.864844143,12505.27482,Derived Woodiness,35.8684296,4.120765328
Tracheophyta,Caryophyllales,Amaranthaceae,Patellifolia,Patellifolia procumbens,595,28.47305679,36.36903479,21.80179052,21.42691858,14.19276193,246.4223548,24.42648157,18.02565861,164.3433388,0.224367169,92.38641177,188.2160187,104.6117172,12.0517664,0,0.8731634,12774.29539,Perennial Herbaceous,43.32051681,12.12866928
Tracheophyta,Caryophyllales,Amaranthaceae,Suaeda,Suaeda vera,144,3.896699548,3.190648445,8.409819507,21.11052822,7.279699768,247.1695506,23.25485167,17.81157498,135.967932,0,93.0233355,132.6058121,99.21230698,7.002264261,0,1.025354243,6526.832694,Derived Woodiness,36.15572194,4.957574385
Tracheophyta,Caryophyllales,Amaranthaceae,Traganum,Traganum moquinii,164,4.181369305,3.22404721,7.42117838,21.13816677,12.04070841,248.4267258,23.27665483,17.75600614,104.0378142,0,94.37977951,77.50640106,69.45645523,0.124323476,0,1.342312542,2174.827886,Derived Woodiness,37.97684633,4.330029959
Tracheophyta,Caryophyllales,Caryophyllaceae,Dicheranthus,Dicheranthus plocamoides,77,588.5739746,376.1194403,89.2689966,19.05623312,17.79038324,356.1312978,23.03435893,14.34911514,422.253043,4.392355379,92.16912956,320.824585,85.70635986,228.2629242,0.478852808,1.316149269,247.6546053,Derived Woodiness,52.82814184,10.72085918
Tracheophyta,Caryophyllales,Caryophyllaceae,Gymnocarpos,Gymnocarpos decander,35,31.14455032,28.14874408,31.33512936,22.58364671,14.73316027,270.515177,25.35669864,18.63544217,132.6146609,0.091082143,93.33320303,113.0030365,100.3453674,3.994057179,0,1.173549535,1512.080539,Derived Woodiness,41.60176383,5.424205275
Tracheophyta,Caryophyllales,Caryophyllaceae,Paronychia,Paronychia canariensis,130,578.5688782,204.798694,103.8312735,19.09142715,14.40498898,242.669635,23.05087685,15.57845463,438.854174,9.892629452,79.8514242,424.5200195,70.31819916,349.344574,1.386665702,1.033765556,4793.449085,Perennial Herbaceous,66.10700987,7.548018145
Tracheophyta,Caryophyllales,Caryophyllaceae,Petrorhagia,Petrorhagia nanteuilii,36,670.2926636,388.3258696,68.44313785,19.2367512,16.4715327,300.6589414,24.22435079,15.40967695,456.4163081,5.7677568,89.08939804,350.0397797,85.51485062,259.5012283,0.320267491,1.303898399,12889.4863,Annual Herbaceous,63.15646528,8.611129986
Tracheophyta,Caryophyllales,Caryophyllaceae,Polycarpaea,Polycarpaea carnosa,44,178.9959259,143.6312864,127.7463667,22.50207887,18.39300857,277.9257845,27.97444419,17.86308999,283.8474495,3.461928712,86.05443305,293.4028625,125.1778641,114.8736496,1.25E-12,0.967432448,8975.901821,Perennial Herbaceous,52.96448466,8.863420769
Tracheophyta,Caryophyllales,Caryophyllaceae,Polycarpaea,Polycarpaea divaricata,189,335.49646,424.9228063,54.50428738,19.98822778,15.42691625,269.7274794,23.23369033,16.35979607,365.7581302,3.597960431,86.06490696,320.4424744,58.5136261,77.5,0.087691352,1.141415884,8975.901821,Perennial Herbaceous,56.08622713,12.79913258
Tracheophyta,Caryophyllales,Caryophyllaceae,Polycarpaea,Polycarpaea latifolia,60,667.9502869,255.0267234,93.31073338,18.17773613,11.20402668,249.9188729,21.56825171,14.64586685,515.487481,14.91537608,72.51627397,488.8744659,34.44487381,421.2062683,7.9173522,1.054437319,8975.901821,Perennial Herbaceous,69.70417498,4.503917286
Tracheophyta,Caryophyllales,Caryophyllaceae,Polycarpaea,Polycarpaea nivea,252,14.81970167,15.11783612,13.42309107,21.22008519,14.28020853,255.413935,23.43179468,17.91623674,131.0814924,0,92.57308108,69.4935112,64.76234818,1.141567349,0,1.886240746,8975.901821,Perennial Herbaceous,39.41121316,6.10607759
Tracheophyta,Caryophyllales,Caryophyllaceae,Polycarpon,Polycarpon tetraphyllum,91,331.4025269,386.5525681,51.0678245,20.29884374,15.90530867,264.0235861,24.31398671,16.5212206,362.3150346,4.08870597,84.01464925,237.6462097,79.64793396,114.2560577,0.078174472,1.524598415,5223.636667,Annual Herbaceous,57.44706386,12.67909321
Tracheophyta,Caryophyllales,Caryophyllaceae,Silene,Silene gallica,240,590.721344,290.270575,67.78245777,18.95793645,14.72325181,279.2486798,22.60959455,15.37968532,468.4197112,8.686126143,77.6733611,390.2796173,62.73788834,317.2966614,1.805628181,1.200215667,15294.50558,Annual Herbaceous,61.26773833,9.893056472
Tracheophyta,Caryophyllales,Caryophyllaceae,Silene,Silene vulgaris,429,908.2366943,433.4465799,52.4725583,17.44701314,18.85461238,345.0629232,22.47525141,13.24777188,503.412556,4.823864233,86.76704835,400.3708191,74.31050873,303.4361877,1.352440834,1.257365752,15294.50558,Perennial Herbaceous,56.05132446,9.790631725
Tracheophyta,Caryophyllales,Caryophyllaceae,Spergula,Spergula arvensis,30,463.3605042,433.5937631,47.78731139,19.14567905,16.82839066,290.015239,22.71929361,15.17364176,385.2842104,6.034355221,80.30869772,278.7698212,68.92407608,174.1923752,0.465430662,1.382087232,20579.45558,Annual Herbaceous,53.10285641,10.6681108
Tracheophyta,Caryophyllales,Caryophyllaceae,Spergularia,Spergularia flaccida,28,102.233242,144.5994392,26.35857866,21.40763402,16.78358182,285.806564,24.77321458,18.0517402,216.6991188,0.311827192,94.72839332,167.7178497,78.63240814,34.24317169,0,1.292045654,14630.3188,Annual Herbaceous,41.92069384,5.056799902
Tracheophyta,Caryophyllales,Frankeniaceae,Frankenia,Frankenia ericifolia,93,24.00543976,27.90989382,30.85802609,21.84176182,13.69317642,230.4115747,24.94767514,18.73489314,306.0646168,5.37059066,83.10541612,350.9406738,197.1942291,36.06949234,9.93E-14,0.872126373,9668.182653,Perennial Herbaceous,54.25155619,12.3443122
Tracheophyta,Caryophyllales,Frankeniaceae,Frankenia,Frankenia pulverulenta,37,90.90371704,129.9078508,17.34659722,21.02566145,13.19463458,244.8197978,22.98420872,17.39341371,136.6192894,0,92.63747407,50.62366104,32.01093674,10.45047188,0,2.698724007,9668.182653,Annual Herbaceous,44.93785586,9.095097521
Tracheophyta,Caryophyllales,Plumbaginaceae,Limonium,Limonium papillatum,28,8.938682079,7.983542592,8.39978786,21.07660546,7.242213667,248.592198,23.21489043,17.61242145,131.2504323,0,94.9553371,65.53139114,64.45941925,0.298278593,0,2.002863513,15001.75396,Perennial Herbaceous,35.93403608,4.68688782
Tracheophyta,Caryophyllales,Plumbaginaceae,Limonium,Limonium pectinatum,519,18.69660759,18.09334782,30.65286045,22.30577617,14.45926283,230.7643113,25.39448314,19.0596806,276.7957655,3.334028576,84.49113539,384.6932678,278.9846191,14.53867245,0,0.719523289,15001.75396,Perennial Herbaceous,51.70695825,13.47709655
Tracheophyta,Caryophyllales,Plumbaginaceae,Limonium,Limonium puberulum,43,432.793335,29.27718743,88.94674424,18.32583854,11.3120852,201.2546501,19.96180388,15.5466353,180.7209661,0,90.83601672,37.43708801,27.09751129,4.307045937,5.89E-26,4.827324338,15001.75396,Insular Woodiness,49.96320247,0.199266791
Tracheophyta,Caryophyllales,Polygonaceae,Polygonum,Polygonum maritimum,26,4.069826484,2.406467684,10.13314748,21.06016748,12.26926112,248.6598353,23.24557091,17.93520236,129.9762517,0,92.33913014,103.3630867,77.34178162,0.721797705,0,1.257472622,5355.278403,Perennial Herbaceous,44.61704821,7.760089954
Tracheophyta,Caryophyllales,Polygonaceae,Rumex,Rumex bucephalophorus,35,656.1598511,269.6645705,68.70476514,18.14184432,17.06960134,308.544105,22.58824318,14.60352621,453.8754991,4.945408534,86.47880015,334.2598572,51.1669693,286.5496216,0.819555283,1.35785225,12485.4942,Annual Herbaceous,56.17442453,7.097824282
Tracheophyta,Caryophyllales,Polygonaceae,Rumex,Rumex lunaria,1561,370.518158,275.5793383,56.98208804,19.92136244,16.05556964,277.8050111,23.27440673,16.00119152,325.6462105,2.233516211,87.51441974,233.651062,70.58508301,123.4550247,0.12785238,1.393728784,12485.4942,Insular Woodiness,53.20591997,11.66429721
Tracheophyta,Caryophyllales,Polygonaceae,Rumex,Rumex maderensis,105,973.3530273,319.037078,68.40138879,18.08473649,17.34511563,310.2482202,22.56795314,14.32876568,635.2326269,8.239535599,81.4622295,634.9581909,58.71468735,560.6918335,9.656433105,1.000432211,12485.4942,Perennial Herbaceous,67.24717079,7.735138584
Tracheophyta,Caryophyllales,Polygonaceae,Rumex,Rumex spinosus,45,243.7627106,250.6868675,27.06915573,20.40884133,14.945437,250.3817146,23.48681892,17.16786104,197.3540134,0.407712628,90.69108743,104.9165878,57.9177475,23.47297668,1.45E-13,1.881056347,12485.4942,Annual Herbaceous,47.96359187,15.18784142
Tracheophyta,Caryophyllales,Polygonaceae,Rumex,Rumex vesicarius,415,92.91049194,126.48386,27.38679926,21.28519549,14.9022813,271.118563,24.47294323,17.68917227,163.6309242,0.055135318,94.9892515,99.64463806,61.49824905,13.41370964,0,1.6421448,12485.4942,Annual Herbaceous,41.37030023,7.670187441
Tracheophyta,Caryophyllales,Tamaricaceae,Tamarix,Tamarix canariensis,171,16.26708031,18.5026165,25.00480563,21.41237645,12.60501065,242.1017921,24.29804194,18.26212693,178.0727538,0.259577995,92.25512159,203.1083374,96.84786224,32.95035553,0,0.876737785,9447.774869,Ancestral Woodiness,39.68902597,8.914987072
Tracheophyta,Celastrales,Celastraceae,Gymnosporia,Gymnosporia cassinoides,34,469.9533691,222.1682525,76.90715321,19.64307076,16.53074246,278.0936649,23.3386939,15.89927636,432.3118949,8.713327002,79.11589318,485.7822876,69.1894455,340.7538147,1.295445502,0.889929308,2219.214157,Ancestral Woodiness,61.91020861,7.882628162
Tracheophyta,Cucurbitales,Cucurbitaceae,Bryonia,Bryonia verrucosa,231,454.4774475,177.5687234,77.35834162,19.70714799,16.73387733,302.7607776,24.16780252,15.69731609,353.3286557,4.104141068,82.16926017,322.5302429,80.04412842,236.8197937,0.538463473,1.09549,7746.705702,Perennial Herbaceous,55.86614267,12.40554381
Tracheophyta,Cucurbitales,Cucurbitaceae,Citrullus,Citrullus colocynthis,37,31.61070061,36.28767055,19.91499358,21.03752699,7.19946831,245.5286724,23.17627141,17.58430639,123.4258749,0,94.76201488,49.38789749,40.02806091,0.472700506,0,2.499111749,5396.850081,Perennial Herbaceous,33.8195903,1.882300005
Tracheophyta,Dipsacales,Caprifoliaceae,Pterocephalus,Pterocephalus lasiospermus,507,2143.937256,182.1241622,39.12174085,11.41929268,18.78177207,344.3421068,14.30325783,7.598182351,398.9381682,1.418056844,94.79319622,199.0160217,170.3519745,4.425981045,0,2.004553024,2521.568887,Derived Woodiness,26.15496388,5.716195615
Tracheophyta,Dipsacales,Caprifoliaceae,Pterocephalus,Pterocephalus porphyranthus,54,1913.723877,489.4161778,85.49277992,10.92191309,12.62596138,290.3456879,15.60758751,7.227738701,998.4785065,4.54740536,92.55161463,134.6417465,45.57503319,86.5367775,3.685909986,7.415816656,2521.568887,Derived Woodiness,48.66217052,12.50977644
Tracheophyta,Dipsacales,Viburnaceae,Viburnum,Viburnum rugosum,644,831.8243408,232.734447,87.33875034,17.29804703,15.65863547,276.0723601,21.54539502,13.69652137,615.6452264,13.32008192,74.55791291,696.5582275,43.58499908,639.4327393,14.38111353,0.883838855,2016.586071,Ancestral Woodiness,69.34626815,5.928758537
Tracheophyta,Ericales,Ericaceae,Arbutus,Arbutus canariensis,344,877.1376648,368.4579075,60.37602689,17.52828749,18.63196214,313.833021,22.45531373,13.63936625,530.5876291,11.91009007,74.29656208,608.7960205,77.29265594,528.3056641,4.031695127,0.871535968,5708.359091,Ancestral Woodiness,63.31004764,11.52516137
Tracheophyta,Ericales,Ericaceae,Erica,Erica canariensis,418,861.5308838,291.4787618,69.95309897,17.25156495,16.33381898,295.4854395,21.72886161,13.45825568,617.4471479,10.82566856,77.7863968,569.6442261,50.02294731,504.8963928,8.262244701,1.083917153,3390.757626,Ancestral Woodiness,66.63900671,8.017478325
Tracheophyta,Ericales,Ericaceae,Erica,Erica platycodon,123,838.7494507,132.4452079,81.72585255,16.57932143,11.22750764,260.2297149,20.14418994,13.37261748,636.350673,18.79417099,71.70209403,550.4420776,16.1231823,520.4200439,14.85917377,1.156071999,3390.757626,Ancestral Woodiness,70.8824817,2.756959751
Tracheophyta,Ericales,Pentaphylacaceae,Visnea,Visnea mocanera,102,559.5067749,254.0610064,85.90610121,19.17468855,14.85631722,263.6109339,22.97711914,15.40396228,397.0277085,6.367148147,79.60232559,566.9989624,67.62532425,502.4935913,4.874852419,0.700226517,2904.018633,Ancestral Woodiness,66.38465214,9.351512453
Tracheophyta,Ericales,Primulaceae,Lysimachia,Lysimachia arvensis,157,514.8444824,446.6576146,58.36706372,19.42695004,15.79272694,272.8688328,23.02234173,15.79531089,395.7767402,5.118055176,85.18896307,335.4371338,65.33215332,243.851532,0.569725215,1.179883502,10408.90878,Annual Herbaceous,59.28397946,14.67239549
Tracheophyta,Fabales,Fabaceae,Adenocarpus,Adenocarpus foliolosus,348,942.0795593,446.3128224,68.38535132,16.32133784,17.67360451,315.7538601,21.1775751,12.39404678,618.2296954,10.02088618,79.12711431,444.2974701,55.46032524,390.4022369,4.33459115,1.391476965,3148.393527,Ancestral Woodiness,59.76549228,12.17113566
Tracheophyta,Fabales,Fabaceae,Adenocarpus,Adenocarpus viscosus,338,2107.466064,255.2464575,51.22929712,11.41189032,18.52799663,346.7545289,14.94184595,7.806253601,455.8211508,1.900538206,97.8261487,197.4395905,147.9402008,15.76717329,0,2.308661347,3148.393527,Ancestral Woodiness,32.25618579,12.06968025
Tracheophyta,Fabales,Fabaceae,Anagyris,Anagyris latifolia,32,530.0267334,481.7323391,65.88001939,19.59444498,17.12968991,292.2903443,23.55553505,15.57595041,388.4664722,4.078256151,83.33163314,254.3816757,83.07276917,201.3838654,0.478477657,1.527100846,2865.335061,Ancestral Woodiness,53.00019842,10.06031001
Tracheophyta,Fabales,Fabaceae,Bituminaria,Bituminaria bituminosa,1297,626.7799072,340.5100288,57.69459095,18.63402555,16.8740633,304.7907675,22.91593353,14.89657004,450.7321376,4.882017936,85.0565102,353.6396179,65.2740097,279.1467285,0.95194304,1.274552156,10721.72247,Perennial Herbaceous,57.81847752,11.29522753
Tracheophyta,Fabales,Fabaceae,Chamaecytisus,Chamaecytisus prolifer,171,1095.883667,396.0858563,62.81877777,16.81276712,19.27065884,360.0447157,22.04397395,12.39518155,512.0947604,3.166408268,90.1717102,356.7158813,73.90787506,263.711792,0.762730658,1.435581613,2642.218215,Ancestral Woodiness,52.26983493,13.71215183
Tracheophyta,Fabales,Fabaceae,Cytisus,Cytisus filipes,36,413.7434082,259.8439631,100.5402646,18.83942936,15.33948561,279.268987,22.19277513,15.68883551,426.5924344,3.853409995,87.79051414,435.1715546,80.37511063,340.275177,2.311668396,0.98028566,857.6486673,Ancestral Woodiness,54.90793239,12.68578471
Tracheophyta,Fabales,Fabaceae,Cytisus,Cytisus supranubius,319,2147.332275,188.0216235,46.95172874,10.97975412,18.37478908,342.5272912,14.33704014,7.293665632,418.219128,1.884885027,95.97666868,181.2536774,161.2444763,6.181099415,0,2.307369065,857.6486673,Ancestral Woodiness,27.89748636,6.76788509
Tracheophyta,Fabales,Fabaceae,Genista,Genista canariensis,27,618.2687378,233.0261891,92.23664389,18.56168867,13.49231115,239.6200288,21.67859204,15.17163637,438.4670144,11.84947058,72.91523168,428.3029785,58.45822144,350.6466675,2.148926497,1.023730949,6364.551831,Ancestral Woodiness,71.37476973,5.018324012
Tracheophyta,Fabales,Fabaceae,Genista,Genista stenopetala,29,846.8952637,193.0554415,85.79261243,17.87814232,16.11327628,285.8523481,22.10868747,14.22380741,709.0182464,8.964947523,84.50440884,763.203064,61.95376205,635.993042,27.29542542,0.929003407,6364.551831,Ancestral Woodiness,68.3550689,9.297550155
Tracheophyta,Fabales,Fabaceae,Lotus,Lotus campylocladus,164,1273.074768,705.7320785,58.89648277,14.84513499,18.74210387,325.3303108,20.16927464,10.63447509,404.915752,1.569874376,92.69648888,276.3457184,92.87787628,186.1070099,0.33207649,1.465250681,9546.400301,Insular Woodiness,52.0056439,9.353503975
Tracheophyta,Fabales,Fabaceae,Lotus,Lotus lancerottensis,165,148.4860992,208.6424317,15.90580979,20.54251309,12.01813145,246.9046451,22.92830244,16.81559005,145.5133008,0,93.72749101,33.81008911,19.18356133,2.388849258,0,4.30384257,9546.400301,Perennial Herbaceous,37.07590653,4.408834718
Tracheophyta,Fabales,Fabaceae,Lotus,Lotus sessilifolius,152,27.55805779,32.14488862,28.76709315,22.20329841,15.66429658,270.6511596,25.30667471,18.63544217,176.7840086,0.772327407,91.06117351,152.5894547,100.688179,16.09111691,0,1.158559804,9546.400301,Perennial Herbaceous,42.52649076,4.75319576
Tracheophyta,Fabales,Fabaceae,Lotus,Lotus tenellus,29,34.5570755,46.1575011,51.84932218,22.06325686,14.10688963,243.3375474,25.70804864,19.04550053,282.8321677,3.913192194,83.06531604,363.1737976,143.9642792,53.59438324,0,0.778779112,9546.400301,Perennial Herbaceous,55.40928306,4.100676889
Tracheophyta,Fabales,Fabaceae,Medicago,Medicago laciniata,92,109.5749512,118.2289202,14.92526374,21.13390871,14.62725845,259.8255413,24.0776969,17.39642153,135.5061976,0,96.05021395,27.71923065,18.49374771,3.087750673,0,4.888526646,11967.03402,Annual Herbaceous,36.51046469,4.74247516
Tracheophyta,Fabales,Fabaceae,Medicago,Medicago minima,58,482.4583588,384.2878003,39.83464378,19.7938834,16.64887566,314.9463494,24.34415994,16.02785775,256.9601944,0.187309637,91.50231079,145.2926178,77.24463654,84.38746262,2.37E-13,1.768570202,11967.03402,Annual Herbaceous,45.29997823,9.360345026
Tracheophyta,Fabales,Fabaceae,Medicago,Medicago polymorpha,67,417.9235229,403.4490864,46.81497025,19.59298364,14.87600305,251.5116434,22.92245772,16.14344653,368.2795815,4.907672984,79.63758327,281.037262,81.58722687,180.9434509,0.180272549,1.310429723,11967.03402,Annual Herbaceous,54.14807872,11.83268576
Tracheophyta,Fabales,Fabaceae,Ononis,Ononis angustissima,36,412.6433716,227.0604977,67.07454429,20.27568434,17.86615459,323.1833036,24.70409871,16.23248097,224.9545455,0.396614893,92.26846727,132.5114441,65.53443336,49.20887947,5.71E-14,1.69762353,4742.947699,Derived Woodiness,38.46263272,5.635752177
Tracheophyta,Fabales,Fabaceae,Ononis,Ononis natrix,178,14.58957958,16.14307038,9.653559079,21.08795252,7.267242761,248.3631772,23.23023437,17.60802913,104.0583754,0,94.5443127,17.53900337,14.25466681,0.001799397,0,5.932969691,4742.947699,Annual Herbaceous,36.59797936,3.697565755
Tracheophyta,Fabales,Fabaceae,Ornithopus,Ornithopus compressus,43,844.4819336,365.8130899,69.53280466,18.09399628,16.01940587,294.596776,22.13083322,14.13470082,596.5362436,7.47406418,85.1852659,550.1566772,59.84547424,434.1138611,6.923789978,1.084302469,7156.172884,Annual Herbaceous,64.33303905,12.21542129
Tracheophyta,Fabales,Fabaceae,Retama,Retama monosperma,26,522.2439117,375.5542352,76.12695812,19.56994634,17.14469658,312.5393988,24.08880245,15.38891043,408.4327312,3.606634072,86.97800728,265.2080536,66.39447784,188.9963226,0.557811365,1.540046487,5522.060897,Ancestral Woodiness,52.43605768,6.982156002
Tracheophyta,Fabales,Fabaceae,Retama,Retama rhodorhizoides,103,470.3277893,325.25137,70.76955084,20.02331562,17.69715368,334.5754701,24.64800148,15.90791852,416.7650317,2.476617143,86.80170082,292.4721375,69.62316895,214.0193939,0.220400006,1.424973453,5522.060897,Ancestral Woodiness,52.82814184,7.315993821
Tracheophyta,Fabales,Fabaceae,Trifolium,Trifolium angustifolium,43,459.5065002,388.4562667,60.94791081,19.94211513,14.46845568,261.6252089,23.77764935,16.39347797,425.5810991,7.528073892,77.61592018,404.6217041,74.43006897,338.1195374,0.792895317,1.051799977,7604.665927,Annual Herbaceous,63.5308651,10.22513393
Tracheophyta,Fabales,Fabaceae,Trifolium,Trifolium arvense,100,629.139801,481.8894988,68.9360223,18.16593364,15.75576352,309.8074816,22.78170953,14.12690689,472.4886921,3.717408848,85.56871135,269.0883179,66.01858139,205.0486145,0.675554544,1.755887048,7604.665927,Annual Herbaceous,55.2076224,10.18766224
Tracheophyta,Fabales,Fabaceae,Trifolium,Trifolium campestre,89,575.4862061,359.0941537,62.25839206,18.80604474,16.33859778,304.3766524,22.963494,14.9042038,416.8573108,6.165712406,82.54150527,315.1107788,61.90790558,233.8536377,0.844431996,1.322891309,7604.665927,Annual Herbaceous,57.75086334,12.06590011
Tracheophyta,Fabales,Fabaceae,Trifolium,Trifolium stellatum,33,810.6201782,452.0687562,67.39391414,17.12230758,15.96582526,315.4509401,22.01791197,12.6975529,562.6926111,4.225405421,88.83152269,296.8127136,60.85144424,233.1100464,1.767256856,1.895783386,7604.665927,Annual Herbaceous,52.27859348,4.074049606
Tracheophyta,Fabales,Fabaceae,Trifolium,Trifolium subterraneum,27,964.5670776,389.8732157,51.16624032,18.0682318,17.48468339,314.9459064,22.73142916,14.27250707,565.2591191,5.92621637,85.47942126,402.500061,69.42118073,347.2978516,2.431721687,1.404370269,7604.665927,Annual Herbaceous,56.35330215,12.44080259
Tracheophyta,Fabales,Fabaceae,Vicia,Vicia aphylla,32,450.1089172,278.3441692,93.14777014,20.08483447,16.54374358,285.3407904,24.4173315,16.27992462,351.9021166,3.882461374,88.08802509,351.0290833,97.57348251,268.5547638,1.108765006,1.002487069,5249.982283,Annual Herbaceous,59.76513615,7.108120133
Tracheophyta,Fabales,Fabaceae,Vicia,Vicia lutea,28,933.7627869,286.8325157,59.52322733,17.14823898,18.20676861,341.1158546,22.24243181,12.71860701,569.5162097,4.851180686,85.78150631,417.6626587,64.49613762,343.9884796,1.945500135,1.363579429,5249.982283,Perennial Herbaceous,58.86200163,11.57925
Tracheophyta,Fabales,Fabaceae,Vicia,Vicia sativa,40,920.8485413,454.4914191,54.34281403,17.69537294,17.06324521,298.9242515,22.49139381,13.8662305,479.276355,4.075797083,85.52382759,431.7347107,74.03403473,330.9212494,0.682722867,1.110117725,5249.982283,Annual Herbaceous,56.64853131,15.30540098
Tracheophyta,Fagales,Myricaceae,Morella,Morella faya,555,956.5220337,315.3681316,81.39448771,16.95728325,16.76439657,295.3144861,21.34275253,13.28082881,640.9571674,9.602646857,83.28241919,699.7600708,45.34365463,625.4579468,15.33154202,0.915967049,2483.727202,Ancestral Woodiness,67.58071711,6.621298488
Tracheophyta,Gentianales,Apocynaceae,Ceropegia,Ceropegia burchardii,50,275.4821625,244.7213232,32.58863265,19.47949004,6.79781765,245.0850266,21.61353678,16.04515739,149.3451509,0,95.57098106,42.83886909,26.26498127,15.32148457,0,3.486206662,7218.185563,Perennial Herbaceous,37.36277424,3.521939965
Tracheophyta,Gentianales,Apocynaceae,Ceropegia,Ceropegia dichotoma,135,261.7009583,219.3379742,115.7512813,21.26996526,13.91931043,226.4501438,24.51702588,18.28777568,350.1876921,7.804643648,79.98252789,341.2022095,114.2735977,189.0905762,0.393853724,1.026334773,7218.185563,Ancestral Woodiness,64.42841221,7.926379184
Tracheophyta,Gentianales,Apocynaceae,Ceropegia,Ceropegia fusca,241,91.79637909,63.00850355,22.34523705,21.62465298,15.59719727,273.0923545,24.52235834,18.07829255,159.8957121,0.733206447,94.84131304,88.90387726,71.80667114,17.57292557,0,1.798523495,7218.185563,Ancestral Woodiness,41.79560405,2.475661395
Tracheophyta,Gentianales,Apocynaceae,Periploca,Periploca laevigata,843,224.6060486,239.768025,62.9243922,20.73401667,15.3329359,272.6929372,24.49939611,17.349327,307.2235109,2.803492528,84.65399897,241.8692474,92.8842392,115.7157822,0.048928,1.270204932,12362.54786,Ancestral Woodiness,53.07136107,12.53184053
Tracheophyta,Gentianales,Gentianaceae,Ixanthus,Ixanthus viscosus,210,805.6247253,154.6692317,93.48874264,17.47677061,12.0319544,257.3338895,20.96099818,13.98642898,601.2012485,14.99705077,72.68110563,598.9324341,28.89680386,558.6864624,13.99188089,1.003788097,1996.830858,Insular Woodiness,72.12207718,4.598483139
Tracheophyta,Gentianales,Rubiaceae,Galium,Galium aparine,70,601.0931702,274.1837677,58.1788069,18.36192883,17.27722877,301.6293235,23.06896363,14.36563109,516.4623445,9.302805978,74.70518766,408.8659515,58.42627335,334.5819092,1.710852981,1.263158115,4014.371143,Annual Herbaceous,59.88382423,11.41270199
Tracheophyta,Gentianales,Rubiaceae,Galium,Galium scabrum,141,898.2108765,219.3848031,87.33875034,17.09526736,12.94408862,271.5976693,21.2114128,13.68713756,645.8681783,13.62719785,73.36984386,576.6040649,35.57044601,524.8619995,14.37443256,1.12012422,4014.371143,Perennial Herbaceous,70.80056393,4.565919131
Tracheophyta,Gentianales,Rubiaceae,Phyllis,Phyllis nobla,366,844.8252563,144.8199047,88.45434753,16.86735009,11.95942363,267.4788196,20.87809524,13.46257906,643.3475829,15.22784957,73.18053372,558.4331665,29.51300335,520.4200439,13.5890584,1.152058333,2456.337258,Ancestral Woodiness,70.30308627,3.828358767
Tracheophyta,Gentianales,Rubiaceae,Phyllis,Phyllis viscosa,39,249.5318604,153.3105813,105.768988,24.71719218,18.24332069,270.660535,27.31530655,21.361501,326.1716013,6.345511051,85.43711178,417.1604309,118.9450912,302.3328857,0.150581971,0.781885282,2456.337258,Ancestral Woodiness,58.72492668,13.32105127
Tracheophyta,Gentianales,Rubiaceae,Plocama,Plocama pendula,480,87.02360535,95.04808288,35.6360835,21.76593313,15.2199531,272.0824764,24.67817908,18.2538142,174.7581464,0.62209596,94.34256372,129.2477722,81.43115234,27.09116268,0,1.352117281,4980.610717,Ancestral Woodiness,42.42217313,5.403678552
Tracheophyta,Gentianales,Rubiaceae,Rubia,Rubia fruticosa,524,398.7173462,266.8984728,71.00314478,19.91326421,14.52967848,267.8091624,23.50594795,16.15514879,349.825291,4.159059643,84.477113,315.6076813,72.7978363,206.6941986,0.431544274,1.108418178,7157.798245,Insular Woodiness,56.76222365,10.79350716
Tracheophyta,Gentianales,Rubiaceae,Sherardia,Sherardia arvensis,104,783.7757874,307.3759458,64.02980854,17.83431686,16.51560713,297.396577,22.55781347,14.06269061,543.4380742,8.221696754,81.35745379,441.2423706,56.81603813,364.2677917,2.517458797,1.231608999,2090.741077,Annual Herbaceous,61.2346083,10.56392515
Tracheophyta,Geraniales,Geraniaceae,Erodium,Erodium botrys,38,705.4660339,425.3375479,47.27307851,18.22248672,17.81649868,332.0482989,22.60182028,13.73961952,561.1134464,5.097886912,87.91535971,243.017952,57.8456974,190.0114822,0.821140736,2.308938257,8885.75942,Annual Herbaceous,56.56725976,7.944444247
Tracheophyta,Geraniales,Geraniaceae,Erodium,Erodium chium,50,303.2924347,320.0040562,47.15845167,20.75400063,16.00907153,263.5529924,24.20674284,17.47484457,297.2376343,2.426493516,87.22369628,176.4585419,76.95740128,83.40446854,0.047822401,1.684461581,8885.75942,Perennial Herbaceous,50.4671314,11.02700004
Tracheophyta,Geraniales,Geraniaceae,Erodium,Erodium cicutarium,70,701.7527771,570.2386454,59.41813446,17.93904466,17.81915133,333.827278,22.72465885,14.19721246,435.8269271,2.016286112,91.30885253,213.4271393,62.55997658,137.1619339,0.209845796,2.042040804,8885.75942,Annual Herbaceous,46.42619117,12.28348605
Tracheophyta,Geraniales,Geraniaceae,Erodium,Erodium malacoides,131,353.0017395,307.5597098,54.55053047,19.90805994,14.97525271,264.6485725,23.17850554,16.45895103,328.6847159,3.03518383,84.0213981,268.1572571,72.19818115,144.4134674,0.178360716,1.225716281,8885.75942,Perennial Herbaceous,54.62630349,11.65850538
Tracheophyta,Geraniales,Geraniaceae,Erodium,Erodium moschatum,42,538.080658,205.9246248,56.95579041,18.57909207,16.63196211,291.2852435,23.46606466,14.85596174,425.7740985,6.633898077,78.74514851,330.1019135,65.62113571,257.3550568,0.926223159,1.289826206,8885.75942,Perennial Herbaceous,56.83168352,9.637902822
Tracheophyta,Geraniales,Geraniaceae,Geranium,Geranium molle,36,472.7328033,239.7149239,63.58442029,19.5217107,17.15831405,287.7316917,23.21820572,15.73594129,440.8475148,6.558634519,83.76620621,411.434021,63.59276962,332.9560089,3.299680948,1.071490184,4842.507876,Annual Herbaceous,58.70446173,12.39279602
Tracheophyta,Geraniales,Geraniaceae,Geranium,Geranium purpureum,80,881.8251648,327.4882328,68.92097031,18.07340328,17.59474751,302.6248417,22.64736519,14.27762147,586.286773,8.933426103,80.47336196,537.4904785,70.1427803,427.1058807,3.066075683,1.090785412,4842.507876,Perennial Herbaceous,64.35675547,10.1218409
Tracheophyta,Geraniales,Geraniaceae,Geranium,Geranium reuteri,425,897.630249,224.7784121,78.00465094,16.81788187,15.1070773,279.3080826,21.27165664,13.58195151,617.0668261,12.08359923,75.62827837,626.4467773,38.49388504,572.0141602,13.00788021,0.985026739,4842.507876,Perennial Herbaceous,70.75251158,7.124337532
Tracheophyta,Geraniales,Geraniaceae,Geranium,Geranium rotundifolium,40,618.5443726,474.5276261,53.08262957,18.86627091,16.98393244,289.5140864,22.77952887,14.97806852,508.6585674,6.587637292,80.65222235,505.1239166,79.12902832,407.5725403,0.954270482,1.006997591,4842.507876,Annual Herbaceous,63.89291724,7.839184333
Tracheophyta,Lamiales,Acanthaceae,Justicia,Justicia hyssopifolia,37,202.9800568,197.7856856,87.91101386,21.10464247,18.4850465,274.0223449,24.77362028,17.62550568,263.99356,3.276831757,86.0819198,356.7828369,136.0846405,120.3634109,2.08E-13,0.739927857,326.6129634,Derived Woodiness,60.7911816,5.182015009
Tracheophyta,Lamiales,Lamiaceae,Ajuga,Ajuga iva,62,198.6822357,157.6206997,56.40276633,20.60917716,13.95002721,252.0095636,23.25332961,17.28459811,174.6624784,0.004685188,93.55572955,67.87637329,46.09223938,19.0429697,0,2.573244119,7069.599414,Perennial Herbaceous,41.71919693,7.557393104
Tracheophyta,Lamiales,Lamiaceae,Bystropogon,Bystropogon canariensis,134,924.524292,258.397073,82.8593624,17.42055856,16.79004987,298.6618565,21.77443748,13.82647872,572.5212738,9.905254015,75.91300583,596.4509888,45.19784546,550.6842957,10.10678768,0.95987983,2448.273796,Derived Woodiness,68.90654091,5.597489687
Tracheophyta,Lamiales,Lamiaceae,Bystropogon,Bystropogon origanifolius,120,934.5393372,621.9372621,73.02099768,17.06777899,16.77677872,325.9731764,21.90952767,12.70473137,520.4806882,4.311845873,86.42848098,254.4183197,60.58442307,169.7699585,1.044357896,2.045767336,2448.273796,Derived Woodiness,54.99949038,9.506503082
Tracheophyta,Lamiales,Lamiaceae,Cedronella,Cedronella canariensis,214,1028.335754,210.1082824,62.95654276,16.52283206,18.00076747,310.9449249,21.25405464,12.68654761,667.2040127,11.95411891,77.78376077,636.630249,41.56392479,569.5856628,12.91625929,1.048024365,4956.777819,Perennial Herbaceous,68.03390104,7.10594927
Tracheophyta,Lamiales,Lamiaceae,Clinopodium,Clinopodium menthifolium,63,909.5162964,261.6433371,63.16401339,17.25156495,17.22030241,299.0905802,21.72526821,13.6380506,620.7616097,11.74893975,76.94190758,662.2941895,49.03866959,597.2445068,10.71872616,0.937289832,2155.725588,Perennial Herbaceous,69.17109237,5.499623276
Tracheophyta,Lamiales,Lamiaceae,Lavandula,Lavandula buchii,168,176.4484406,196.797773,93.49101105,20.97967187,11.98753488,239.8605309,24.56342241,17.51240731,359.3677798,9.993620525,73.17474526,334.7735138,103.2063751,208.3824081,0.195009261,1.073465388,10707.20648,Insular Woodiness,63.86524805,7.03245554
Tracheophyta,Lamiales,Lamiaceae,Lavandula,Lavandula canariensis,727,278.1074829,284.9171212,63.6342522,20.41882397,15.15519945,275.0394554,24.15273061,17.09293375,329.8732817,2.598249433,86.31060675,257.8036499,88.09546661,154.8009033,0.157023996,1.27955241,10707.20648,Insular Woodiness,53.37027228,11.54270275
Tracheophyta,Lamiales,Lamiaceae,Lavandula,Lavandula minutolii,60,731.1794434,410.4287715,87.20544522,19.55587842,19.11336449,360.4808264,24.66062677,15.04037341,297.2773504,0.431409141,96.98018695,170.0656967,70.60577393,97.98136139,0,1.748014774,10707.20648,Insular Woodiness,39.46835846,3.713160156
Tracheophyta,Lamiales,Lamiaceae,Lavandula,Lavandula pinnata,102,348.529007,237.8086464,65.97385451,18.60579575,13.1702783,230.3329277,20.3690544,15.62836769,178.6513616,0,90.73201627,36.37919998,25.34668159,7.308365822,0,4.910810619,10707.20648,Insular Woodiness,49.94312846,2.325672009
Tracheophyta,Lamiales,Lamiaceae,Marrubium,Marrubium vulgare,209,1020.731628,545.1694123,53.85227851,16.89208288,17.76338576,344.4153121,21.8015726,12.52371034,527.0862944,2.756639707,88.3805315,320.6032715,71.0697937,231.6352386,0.811016619,1.644045277,13671.30229,Perennial Herbaceous,54.3944693,11.45455875
Tracheophyta,Lamiales,Lamiaceae,Micromeria,Micromeria ericifolia,59,608.1234131,388.5896048,66.76607603,18.85842795,16.11552402,275.1089217,22.79659159,15.28698015,385.0314855,6.338673006,82.58286311,407.742981,81.03115082,306.2159729,1.033824801,0.944299481,2654.298449,Insular Woodiness,60.78403348,13.88199693
Tracheophyta,Lamiales,Lamiaceae,Micromeria,Micromeria herpyllomorpha,78,664.5768738,671.3662471,91.44182291,18.57694677,15.82355699,308.4920521,22.66761175,15.09791317,653.9943371,5.177565685,87.24097639,279.7537842,50.02113914,164.3586273,1.313091159,2.337749743,2654.298449,Insular Woodiness,54.46638577,13.26331348
Tracheophyta,Lamiales,Lamiaceae,Nepeta,Nepeta teydea,79,2209.384521,194.5470905,51.22929712,11.01200626,18.78177207,338.8034306,14.20895136,7.316806055,400.790629,2.060063214,97.3834398,205.1130981,169.2476196,8.715196609,0,1.953998222,444.6859626,Perennial Herbaceous,27.21196537,6.496801967
Tracheophyta,Lamiales,Lamiaceae,Salvia,Salvia aegyptiaca,58,72.5400238,93.68879311,32.37647646,20.99628125,12.50731163,266.7220426,24.09266391,17.53870016,161.9592174,0,94.92933662,52.09204292,44.53675652,4.557878375,0,3.109097058,11373.76564,Derived Woodiness,36.55112726,4.942306153
Tracheophyta,Lamiales,Lamiaceae,Salvia,Salvia broussonetii,25,214.0257874,272.1825173,86.25982482,20.27441364,13.13601374,265.0156893,23.93167046,16.33335229,361.4107009,6.21306388,75.95688916,236.8078461,73.2399826,131.8699341,0.019698614,1.526177054,11373.76564,Insular Woodiness,52.22819051,3.588601934
Tracheophyta,Lamiales,Lamiaceae,Salvia,Salvia canariensis,452,708.0975037,667.1473095,68.28942998,18.80464113,18.64618605,359.3727604,23.28091929,14.21893316,419.404467,1.513900887,89.76182092,260.2140808,77.8850441,168.4522095,0.187473744,1.611766995,11373.76564,Insular Woodiness,44.40292069,9.669506661
Tracheophyta,Lamiales,Lamiaceae,Sideritis,Sideritis canariensis,46,1078.53949,397.4208659,82.02034253,17.47041768,18.40737871,302.5056866,22.34733588,13.65646267,602.5363427,7.591853585,81.09116113,504.5685577,82.30868912,433.6897736,9.911558151,1.194161494,2610.586665,Insular Woodiness,69.13613885,5.039872274
Tracheophyta,Lamiales,Lamiaceae,Sideritis,Sideritis cretica,89,325.8986511,195.2179887,132.2200822,22.94250826,16.13441269,272.7176647,25.86201941,19.35793542,327.0039332,4.609753723,86.14194439,469.9711304,105.0862885,313.4480591,0.386485815,0.695795788,2610.586665,Insular Woodiness,66.10700987,6.992606005
Tracheophyta,Lamiales,Lamiaceae,Sideritis,Sideritis dasygnaphala,52,1591.686768,163.5651484,72.51922816,14.68611881,19.97582241,406.8790738,21.4401095,9.737867753,557.1037339,1.308415431,96.46402543,275.830246,90.83473206,194.7932663,0.288400054,2.019734029,2610.586665,Insular Woodiness,40.15738523,3.597790671
Tracheophyta,Lamiales,Lamiaceae,Sideritis,Sideritis dendrochahorra,38,502.8844604,155.4808656,98.21330833,18.9199517,11.86921867,240.4527387,22.70644054,15.8008957,464.0532724,15.26828599,70.16742761,372.0368805,57.39743614,279.8653259,1.121673286,1.247331371,2610.586665,Insular Woodiness,65.49513746,5.953800751
Tracheophyta,Lamiales,Lamiaceae,Sideritis,Sideritis macrostachyos,114,631.567627,95.09651946,101.9701169,18.21011897,10.8489554,236.7508483,21.49012724,15.09482077,444.885183,14.65605196,71.28359758,483.3335114,35.21516037,434.0300446,8.523182392,0.920451764,2610.586665,Insular Woodiness,71.61273672,4.192675493
Tracheophyta,Lamiales,Lamiaceae,Sideritis,Sideritis oroteneriffae,45,1707.819702,322.9170487,77.48781095,13.07539911,18.81922662,331.9922087,18.24338465,9.116604695,643.7835043,7.693681042,84.72233056,347.9241638,67.34546661,247.779892,4.351605892,1.850355828,2610.586665,Insular Woodiness,55.31070117,2.652740521
Tracheophyta,Lamiales,Lamiaceae,Stachys,Stachys arvensis,140,675.5856323,338.2611533,61.44607852,18.38872189,16.74569978,311.7054103,22.77198893,14.08966387,465.8525426,5.163706797,84.39333939,332.4887543,57.09431458,278.2798462,1.219892144,1.401107666,3203.125801,Annual Herbaceous,58.70446173,9.514006822
Tracheophyta,Lamiales,Lamiaceae,Stachys,Stachys ocymastrum,154,444.5214233,237.5454315,77.21655575,19.71375166,13.5101955,258.979605,23.38429676,16.15756531,400.2332364,8.480754949,79.41733745,391.1929016,71.20453644,293.4564972,1.188035488,1.02310966,3203.125801,Annual Herbaceous,62.32923401,9.059925575
Tracheophyta,Lamiales,Lamiaceae,Teucrium,Teucrium heterophyllum,65,341.4596558,164.6257449,113.7013554,20.3032301,14.22472673,239.1114478,24.27610374,17.14408928,386.0280726,6.48619239,81.70434615,323.1111145,89.18067169,235.508728,0.236816257,1.194722358,8176.384866,Ancestral Woodiness,60.47684226,5.172589279
Tracheophyta,Lamiales,Oleaceae,Chrysojasminum,Chrysojasminum odoratissimum,275,353.6298523,237.9488391,89.49315363,19.63560576,13.87817466,244.3476432,23.67848365,16.36991162,387.2962029,8.390351607,79.51853295,458.5648804,95.95267487,368.9061279,1.99506855,0.844583219,6383.567568,Ancestral Woodiness,65.55667981,7.30978569
Tracheophyta,Lamiales,Oleaceae,Olea,Olea europaea,242,387.0881958,298.2966609,43.87635028,20.04900615,16.71417404,289.5086558,24.26856282,16.21929948,311.3379738,2.11640247,85.48942911,218.6359558,58.41727829,161.4797211,0.260851339,1.424001705,8534.154141,Ancestral Woodiness,50.14138325,12.30522574
Tracheophyta,Lamiales,Oleaceae,Picconia,Picconia excelsa,184,697.8675232,238.7590026,94.31375552,17.94215806,16.05467287,272.957185,21.9906507,14.4699194,546.4617528,13.90121396,72.81547531,678.8189087,50.97105598,626.6431885,12.17278147,0.80501846,2666.861738,Ancestral Woodiness,67.73268513,7.817093744
Tracheophyta,Lamiales,Orobanchaceae,Cistanche,Cistanche phelypaea,73,17.43431854,18.5853077,17.16868055,21.02141493,7.261970405,243.294955,23.12396834,17.73479236,109.1016806,0,95.96653705,39.2852211,37.48027039,0.183338314,0,2.777168552,2721.979428,Perennial Herbaceous,34.56532089,6.564825793
Tracheophyta,Lamiales,Plantaginaceae,Campylanthus,Campylanthus salsoloides,363,264.9232483,235.2120377,66.59458155,21.26620402,16.24978683,287.9957832,24.58439094,17.34149928,219.5512312,0.446568253,94.13308833,152.6024933,78.52856446,48.4174881,0,1.438713264,4114.068962,Derived Woodiness,43.19635076,7.472143692
Tracheophyta,Lamiales,Plantaginaceae,Digitalis,Digitalis canariensis,242,725.9000854,158.7097782,84.28710169,17.89734567,11.40331772,250.5888125,21.72526821,14.65669726,498.3276923,13.70133231,72.08374669,575.2826538,34.10780716,530.8787842,9.045588493,0.866231041,293.3308212,Insular Woodiness,70.99737902,3.293758267
Tracheophyta,Lamiales,Plantaginaceae,Globularia,Globularia salicina,406,451.2581329,349.5686704,90.75191261,19.46906063,13.54220193,247.6872155,22.84249362,16.02347711,429.9805441,9.530672119,75.26370663,498.0580902,81.12356567,392.2914429,2.199873805,0.863314044,6292.005605,Derived Woodiness,66.92247366,5.722861301
Tracheophyta,Lamiales,Plantaginaceae,Kickxia,Kickxia commutata,40,563.7532959,257.0724245,54.00948464,19.68926199,16.01932849,250.7985726,23.54029924,16.08081895,361.6396973,7.762464813,80.65160104,405.4874878,89.68566132,325.9919281,1.090649486,0.891864011,1754.04116,Perennial Herbaceous,61.3370439,10.94674374
Tracheophyta,Lamiales,Plantaginaceae,Misopates,Misopates orontium,126,577.9932861,343.511312,53.50045741,19.46927321,16.78027388,295.9807682,23.6083743,15.45583894,435.5000105,3.337822146,85.28040678,278.7657928,69.70031357,218.132309,0.641771346,1.562243366,12607.93686,Annual Herbaceous,54.98683255,11.48326217
Tracheophyta,Lamiales,Plantaginaceae,Nanorrhinum,Nanorrhinum heterophyllum,79,71.98178101,89.74763264,18.90238949,20.78735746,12.06601572,248.1043367,22.94545738,17.25916842,138.0977989,0,94.62356047,33.55516815,21.9684124,2.544137239,0,4.115544833,8153.191886,Perennial Herbaceous,36.58680177,5.889426568
Tracheophyta,Lamiales,Plantaginaceae,Nanorrhinum,Nanorrhinum sagittatum,31,46.47572327,64.62643596,14.81168877,20.80394155,12.04773126,247.4466131,23.00568376,17.29920067,123.8268889,0,93.91667062,33.24977875,28.84361267,3.635370493,0,3.724141741,8153.191886,Perennial Herbaceous,35.43837864,4.024620715
Tracheophyta,Lamiales,Plantaginaceae,Nanorrhinum,Nanorrhinum scoparium,112,191.7289352,203.6885284,68.65409079,21.81598089,15.88299069,290.0536187,25.15927501,18.02339123,197.2964537,0.123286946,99.60883369,128.8625183,85.76850891,28.44469929,0,1.531061601,8153.191886,Perennial Herbaceous,40.93516543,6.342847789
Tracheophyta,Lamiales,Plantaginaceae,Plantago,Plantago arborescens,175,673.9411621,189.7106329,96.74346481,17.85186812,12.122913,256.5974252,21.78375945,14.52423091,504.4035524,13.56460978,73.16535748,491.7013855,54.5632782,404.7962646,4.218753338,1.025833092,10825.33317,Insular Woodiness,68.12389059,6.164924576
Tracheophyta,Lamiales,Plantaginaceae,Plantago,Plantago coronopus,88,30.67253971,35.40187843,26.60093128,21.26893555,13.1903632,246.496372,23.66740492,17.93923525,154.5634988,0,91.32455733,124.2233238,84.76462936,7.134405375,0,1.244238956,10825.33317,Perennial Herbaceous,42.88794604,11.86867187
Tracheophyta,Lamiales,Plantaginaceae,Plantago,Plantago lagopus,149,455.1008911,284.5402047,49.09010273,19.7331191,15.46155555,275.1526886,23.7363094,16.15928081,348.4966599,4.47534628,82.93228015,261.2965088,71.96302795,160.9430389,0.333333343,1.333721072,10825.33317,Annual Herbaceous,57.012018,11.24125356
Tracheophyta,Lamiales,Plantaginaceae,Plantago,Plantago ovata,34,113.3321724,141.019037,26.46794326,20.7044889,14.46329284,249.2357807,23.0048839,17.24755994,137.1186433,0,93.61929938,32.66269207,25.51372337,3.993281126,0,4.198020266,10825.33317,Annual Herbaceous,40.08345772,8.017638526
Tracheophyta,Lamiales,Plantaginaceae,Plantago,Plantago webbii,81,2143.943359,131.0378057,69.7414476,11.28541483,16.8612918,311.6407068,14.31064822,7.607793472,496.2683522,2.533696228,98.10225696,160.3757172,89.5398941,10.72605896,0,3.094410806,10825.33317,Insular Woodiness,38.97335423,18.38308919
Tracheophyta,Lamiales,Plantaginaceae,Veronica,Veronica anagallis-aquatica,32,452.3174133,423.1615967,66.48431834,19.90279369,18.64998963,340.4501668,24.55307529,15.71140682,400.5482328,6.714416393,83.4939915,399.5875702,87.21427917,273.678299,0.306792974,1.002404135,2155.274237,Perennial Herbaceous,56.4849241,18.50235694
Tracheophyta,Lamiales,Scrophulariaceae,Scrophularia,Scrophularia glabrata,159,1977.695435,430.5709657,47.72886868,12.09875237,19.79510211,338.5157244,16.57308071,8.699023402,449.4978471,1.797529212,99.67792648,213.0059052,145.7141724,39.2648201,0,2.110260027,4129.016825,Insular Woodiness,36.55592792,19.68860426
Tracheophyta,Lamiales,Scrophulariaceae,Scrophularia,Scrophularia smithii,68,816.3345337,144.1127197,86.11196815,16.86591615,11.61727751,262.3306519,20.77706208,13.65635852,615.5256574,14.17509002,73.31825242,573.1262817,25.71385002,542.0710754,13.46816206,1.073979116,4129.016825,Perennial Herbaceous,71.49758819,3.453056448
Tracheophyta,Laurales,Lauraceae,Apollonias,Apollonias barbujana,153,582.0597534,203.1085083,97.29893339,18.93349627,12.51607993,254.8834343,22.35954203,15.39639989,521.4267217,15.22243139,72.168955,627.5059814,52.32546234,570.1022949,11.03389549,0.830950998,4741.485501,Ancestral Woodiness,69.13049668,4.209610898
Tracheophyta,Laurales,Lauraceae,Laurus,Laurus novocanariensis,392,832.8449707,213.3684369,75.92742841,17.1748943,12.75462213,269.1058479,21.37011666,13.56267678,646.633462,14.78361447,73.31999869,633.0556335,36.81361389,578.5361938,13.69593811,1.021448081,1717.244573,Ancestral Woodiness,69.39237773,5.967443026
Tracheophyta,Laurales,Lauraceae,Mespilodaphne,Mespilodaphne foetens,130,659.3389893,206.0885488,106.0123652,18.61343996,12.39707586,261.3666106,22.18114621,15.19803133,652.3666402,17.54552579,72.4948763,781.0949097,44.5505619,722.2006226,16.95402241,0.835195099,3788.21288,Ancestral Woodiness,72.30458645,4.11265185
Tracheophyta,Laurales,Lauraceae,Persea,Persea indica,195,854.9971313,203.94971,80.16511011,17.3025411,14.20466113,270.8368583,21.72886161,13.62839121,678.5391436,16.26309131,75.47602989,732.8435059,42.8496933,666.2809448,17.35933876,0.925899101,3301.171189,Ancestral Woodiness,69.09779021,6.297151932
Tracheophyta,Malpighiales,Euphorbiaceae,Euphorbia,Euphorbia aphylla,181,104.1931229,132.9487039,62.49453627,22.32231822,14.76768591,246.3542054,25.1375415,19.52524092,260.3934014,3.242030513,85.13597539,302.8120728,126.5814896,69.09400177,0,0.859917503,12627.65473,Derived Woodiness,52.59740261,11.0840119
Tracheophyta,Malpighiales,Euphorbiaceae,Euphorbia,Euphorbia atropurpurea,239,754.5259399,316.891543,92.92927818,18.82753841,18.68348974,374.2280858,25.01474944,14.01314999,408.047811,5.789834851,91.28874448,263.5832214,81.15007019,177.1473541,0.053199999,1.548079611,12627.65473,Derived Woodiness,53.86308541,6.89179745
Tracheophyta,Malpighiales,Euphorbiaceae,Euphorbia,Euphorbia balsamifera,1786,43.53580856,51.2106554,19.38459546,21.62465298,14.41789472,243.6374909,23.8826835,18.00861366,162.0315074,0.045128446,91.42115949,112.0112038,83.82437134,21.61901283,0,1.446565183,12627.65473,Derived Woodiness,43.1409794,6.334985481
Tracheophyta,Malpighiales,Euphorbiaceae,Euphorbia,Euphorbia berthelotii,37,742.7219849,229.6561336,89.18259009,17.9207332,18.46706089,329.7638011,22.93787993,13.94112717,354.8002531,1.126469359,94.08097566,219.3296509,61.80224609,151.7443542,0.295040011,1.617657492,12627.65473,Derived Woodiness,47.55463288,5.861116937
Tracheophyta,Malpighiales,Euphorbiaceae,Euphorbia,Euphorbia canariensis,1232,106.5153809,134.7168841,59.3334206,21.44358827,14.84031604,264.7761776,24.56060353,18.11773666,223.3426652,1.27671557,89.91361646,193.6688919,99.86148834,33.14824486,0,1.1532191,12627.65473,Insular Woodiness,46.22672545,10.78599593
Tracheophyta,Malpighiales,Euphorbiaceae,Euphorbia,Euphorbia handiensis,70,84.71324158,11.00606988,30.67359136,20.38182885,6.941774629,241.6750302,22.48090482,16.95776131,95.82658491,0,101.3538721,39.1088562,35.38417625,2.017989099,0,2.450252813,12627.65473,Insular Woodiness,34.76304598,4.364872554
Tracheophyta,Malpighiales,Euphorbiaceae,Euphorbia,Euphorbia lamarckii,579,220.3246918,262.1376088,52.86545414,20.50722006,15.53669025,268.6103687,24.22689205,17.27895425,319.3686219,4.071938679,87.15535569,299.1827087,102.6191101,161.6886292,0.055499557,1.067470186,12627.65473,Derived Woodiness,54.40144415,11.82069003
Tracheophyta,Malpighiales,Euphorbiaceae,Euphorbia,Euphorbia mellifera,30,739.0535278,397.9572949,90.91587236,17.90495579,14.68717164,283.4825176,21.27838696,14.86815107,561.2017091,10.76970153,77.83028389,568.5734863,49.72853279,497.7448425,11.82486057,0.98703461,12627.65473,Insular Woodiness,71.52145489,8.899932855
Tracheophyta,Malpighiales,Euphorbiaceae,Euphorbia,Euphorbia paralias,171,9.232143402,7.25337083,7.408643621,21.08928645,7.247587041,247.9075172,23.23051876,17.63206233,95.93874079,0,93.98874567,30.87989616,30.13841438,3.88E-12,0,3.106834954,12627.65473,Derived Woodiness,35.79704699,4.126654862
Tracheophyta,Malpighiales,Euphorbiaceae,Euphorbia,Euphorbia regis-jubae,591,401.4558411,304.5282932,59.66682328,19.84428752,14.8719936,259.4390264,22.79005187,15.91349947,195.5995635,0,92.57987406,66.51396942,39.83224869,23.85526657,0,2.94072907,12627.65473,Derived Woodiness,40.20241196,7.033459635
Tracheophyta,Malpighiales,Euphorbiaceae,Euphorbia,Euphorbia segetalis,80,400.3146515,125.2267855,50.21424187,18.7219954,13.23284854,241.0051365,21.16778431,15.38022886,193.1366386,0,89.76326293,61.93647766,23.24914551,35.88274574,0.15873041,3.118301943,12627.65473,Perennial Herbaceous,51.06102489,2.65106409
Tracheophyta,Malpighiales,Euphorbiaceae,Euphorbia,Euphorbia terracina,33,264.2235107,150.8650243,26.41148169,20.3604758,14.76649174,269.3305027,23.25772841,16.56073871,226.6513507,0.300202601,91.3697969,78.34483337,44.68504715,33.6055336,0.041707359,2.89299678,12627.65473,Perennial Herbaceous,48.06201398,11.68311898
Tracheophyta,Malpighiales,Euphorbiaceae,Mercurialis,Mercurialis canariensis,44,523.2603149,252.125161,92.22988868,19.01539754,13.04973492,239.3667661,22.48763598,15.97479102,442.9754699,8.594275385,77.72776344,508.6979218,53.72547531,433.0921936,4.173831582,0.870802594,1847.298801,Annual Herbaceous,68.90555102,6.58216575
Tracheophyta,Malpighiales,Hypericaceae,Hypericum,Hypericum canariense,547,553.0598145,258.5937093,79.10758816,19.11555929,16.12369246,272.70454,23.21154441,15.50056239,455.2904391,8.588715281,78.6034339,520.9029541,72.75238037,429.8263855,3.065502882,0.874040808,4133.382505,Ancestral Woodiness,63.91667092,8.399308575
Tracheophyta,Malpighiales,Hypericaceae,Hypericum,Hypericum glandulosum,64,614.6295776,187.873264,94.51998858,18.13977074,12.33667492,243.3237718,21.72153969,14.74874977,468.3033714,13.15122928,73.04338937,501.8269806,47.27235794,430.7938995,5.601634264,0.933196878,4133.382505,Ancestral Woodiness,69.71250271,5.74816011
Tracheophyta,Malpighiales,Hypericaceae,Hypericum,Hypericum grandifolium,413,932.0177612,286.0519427,80.420962,16.9236219,16.11327628,287.0061446,21.24981295,13.46547276,652.2529516,11.9624654,74.89350001,601.831604,44.29437637,545.3591309,13.5509491,1.083779827,4133.382505,Ancestral Woodiness,69.1815953,6.727953013
Tracheophyta,Malpighiales,Hypericaceae,Hypericum,Hypericum reflexum,193,668.5217285,446.3977479,90.1337167,18.47731077,17.82387143,313.721224,22.97005495,14.66744647,464.3988652,8.846017617,78.82524002,385.2315369,79.0161438,302.2809448,1.147805929,1.205505834,4133.382505,Ancestral Woodiness,60.54073219,11.02515819
Tracheophyta,Malpighiales,Violaceae,Viola,Viola anagae,41,824.2921753,86.65482092,67.89508515,16.43511997,8.936419901,226.7991617,19.6650676,13.38379414,435.8634123,14.10264066,71.03025279,536.8156738,15.43850613,507.786438,13.11662102,0.811942411,1362.258272,Perennial Herbaceous,77.52635586,0.493014775
Tracheophyta,Malpighiales,Violaceae,Viola,Viola cheiranthifolia,31,2655.61792,350.4763603,72.70556887,8.354705323,14.48922291,369.0412806,12.17636772,4.253104958,397.3739608,2.153685399,89.9391187,109.9891739,109.9891739,0,0,3.612846126,1362.258272,Perennial Herbaceous,30.17509235,3.450072464
Tracheophyta,Malpighiales,Violaceae,Viola,Viola palmensis,39,2246.702637,58.55835645,72.98950156,9.300571741,13.61005371,308.5634066,15.87150696,5.575209906,1033.678126,4.618647774,95.33588121,73.53518677,39.05747986,28.6549263,0.203378782,14.05691849,1362.258272,Perennial Herbaceous,43.95133631,6.957206256
Tracheophyta,Malvales,Cistaceae,Cistus,Cistus monspeliensis,934,929.05896,318.5457134,71.53602349,18.00946049,18.92726776,353.5083175,22.88453151,13.67769204,414.966545,3.614220763,89.14351811,362.4248047,66.93109894,270.7519379,0.859936893,1.144972804,6693.126289,Ancestral Woodiness,55.1157418,11.7815486
Tracheophyta,Malvales,Cistaceae,Cistus,Cistus symphytifolius,670,1196.464478,312.0087088,65.27017327,16.07683065,19.04297449,318.9478338,21.21832235,11.89651312,622.3602504,5.013083339,87.77370809,471.8317719,86.29955673,356.8743744,8.262000561,1.319029975,6693.126289,Ancestral Woodiness,58.09778274,12.39016237
Tracheophyta,Malvales,Cistaceae,Helianthemum,Helianthemum canariense,210,232.9636383,227.0439548,32.79313237,20.34306084,13.97064201,248.1631906,22.77578381,16.49462687,160.0404651,0,92.16744987,37.09605026,23.46102905,6.838500977,0,4.314218468,5261.47035,Ancestral Woodiness,40.24008385,7.36685041
Tracheophyta,Malvales,Cistaceae,Tuberaria,Tuberaria guttata,143,1052.612915,370.1971844,63.20752749,16.85361715,18.03898264,324.7858427,22.2378986,12.59502316,604.0308798,6.024220825,87.23149524,415.6752625,52.52768326,342.4251099,3.700493336,1.45313165,5495.961247,Annual Herbaceous,58.71023369,8.981553172
Tracheophyta,Malvales,Cytinaceae,Cytinus,Cytinus hypocistis,55,903.4139404,256.1963386,72.83007003,18.22791989,17.30468011,320.3173502,23.26453673,14.55966276,528.8691715,5.922509701,86.36954003,668.321106,56.68951416,580.6188354,4.890041351,0.791339921,2000.896118,Perennial Herbaceous,63.08902352,7.683963286
Tracheophyta,Malvales,Malvaceae,Malva,Malva acerifolia,149,415.4430847,274.4208308,110.6334897,20.17415206,18.23839375,295.3378134,24.80576505,15.69796087,282.2105974,3.236979516,85.082216,389.8031006,108.7909012,241.6911316,0.170585752,0.723982434,8328.635985,Perennial Herbaceous,57.36376921,6.867200002
Tracheophyta,Malvales,Malvaceae,Malva,Malva multiflora,33,572.9755249,74.45947672,42.06598514,18.02195532,14.62312116,253.6772883,22.32330594,14.46001295,406.628166,4.559180706,88.05902578,93.58515167,42.98047638,58.12325287,0.363213331,4.345007288,8328.635985,Perennial Herbaceous,51.76832133,7.972685463
Tracheophyta,Malvales,Malvaceae,Malva,Malva parviflora,111,116.6978531,159.5636826,28.26045037,21.02608703,15.04551974,267.9505132,24.35485481,17.63942097,232.4113086,1.022264162,89.66337594,170.8517456,78.40105438,50.35395432,1.93E-13,1.360309827,8328.635985,Annual Herbaceous,48.70148481,12.70872226
Tracheophyta,Malvales,Thymelaeaceae,Daphne,Daphne gnidium,356,917.8631897,293.69126,52.4006878,17.49074133,18.86751843,302.850357,22.52057998,13.77637572,616.9474008,14.15443298,70.52751141,679.5873108,67.36593628,608.3505859,9.915113926,0.907826546,959.6720658,Ancestral Woodiness,70.20847685,5.377284073
Tracheophyta,Ranunculales,Papaveraceae,Fumaria,Fumaria muralis,30,460.8280487,520.4445643,44.92566771,19.85549153,17.49881176,260.8483326,22.92424068,16.10523395,412.4376283,4.172790313,83.58626966,377.2829742,73.36442184,292.3858795,1.073802888,1.09317848,4328.235903,Annual Herbaceous,57.06269476,12.6575304
Tracheophyta,Ranunculales,Papaveraceae,Papaver,Papaver rhoeas,65,604.1436768,445.5105316,56.13850507,18.42723129,16.92248439,315.1570061,22.71656078,14.42845524,466.83331,3.428534809,87.58027153,288.1516113,54.03282928,215.1933594,0.642321587,1.620096129,8110.374989,Annual Herbaceous,53.6851609,10.51744273
Tracheophyta,Ranunculales,Papaveraceae,Papaver,Papaver somniferum,173,606.6836548,410.050837,54.94655157,19.01226366,16.91127362,306.5966265,23.05196767,15.00168436,421.9257219,4.297560152,84.04395917,312.5054016,65.68865967,237.3772583,0.614443839,1.350138973,8110.374989,Annual Herbaceous,55.10954459,11.57739634
Tracheophyta,Ranunculales,Ranunculaceae,Ranunculus,Ranunculus cortusifolius,630,935.8317261,266.6515462,69.030846,16.90739675,16.90781471,302.7814434,21.57007187,13.12955755,586.8627119,8.890028471,78.47329921,509.6181641,44.34721756,471.2871399,7.948329449,1.15157338,5529.601491,Perennial Herbaceous,67.2983416,10.03117953
Tracheophyta,Rosales,Rhamnaceae,Rhamnus,Rhamnus crenulata,151,389.3354797,214.3693096,98.30082545,19.67818169,14.07064833,240.5594954,23.70041083,16.49288951,393.5592304,8.284805317,80.80216232,430.4732666,102.0358353,317.9295044,0.932474673,0.914247785,2487.98206,Ancestral Woodiness,61.74612066,7.297029973
Tracheophyta,Rosales,Rhamnaceae,Rhamnus,Rhamnus glandulosa,97,832.9483643,230.3037757,67.89508515,17.01569265,12.59984998,267.8011029,21.27165664,13.70532133,604.0308798,13.24558313,72.91552348,563.9987183,38.34753418,510.2189941,11.30892181,1.070979171,2487.98206,Ancestral Woodiness,70.30308627,7.749714385
Tracheophyta,Rosales,Rosaceae,Bencomia,Bencomia caudata,49,591.2684937,253.8811334,84.29220789,19.26286174,18.84698025,298.2157667,23.54302042,14.94274472,488.5367322,14.69290396,72.57461455,600.0753174,86.59619141,506.6748657,4.395666599,0.814125691,3121.712889,Derived Woodiness,60.99791898,7.661564303
Tracheophyta,Rosales,Rosaceae,Marcetella,Marcetella moquiniana,29,156.6393127,100.8230891,84.54499511,23.19594209,13.7376633,179.6412684,24.55993425,20.80890019,323.5955975,6.812873368,80.74592059,501.6356201,120.4777374,290.6651001,0.922893107,0.64508098,163.8655684,Derived Woodiness,65.91360651,5.365751546
Tracheophyta,Rosales,Rosaceae,Poterium,Poterium megacarpon,28,1006.853027,399.8005909,54.7881339,17.21050538,19.17587486,383.6130106,22.36066512,12.47673184,391.1688569,2.24674924,88.99505112,408.6245728,104.4311485,282.2095337,0.462603912,0.957281776,3695.108731,Perennial Herbaceous,51.27382702,6.697836686
Tracheophyta,Rosales,Rosaceae,Rubus,Rubus ulmifolius,161,717.4349365,300.6540687,67.43052606,18.38567158,15.87517874,280.3563135,22.51053294,14.56773549,559.9148261,11.94425505,74.45972589,611.2680054,52.04003143,533.6799927,8.534101486,0.915989093,2161.875392,Ancestral Woodiness,68.73307695,5.920428643
Tracheophyta,Rosales,Urticaceae,Forsskaolea,Forsskaolea angustifolia,472,233.0865173,277.1117732,35.20166981,20.73783981,15.71589387,275.9053009,24.13698118,17.22119794,235.4159516,0.797962734,91.47210821,148.1722183,74.13230896,39.27515221,5.25E-14,1.588799535,10531.41228,Ancestral Woodiness,46.37310836,10.50417876
Tracheophyta,Rosales,Urticaceae,Gesnouinia,Gesnouinia arborea,60,766.3339233,251.9595177,110.0767778,17.67277827,12.40665576,259.1394501,21.90950858,14.30183151,655.1818501,13.12636952,74.51417002,609.6904602,45.81380081,559.6490479,14.6630764,1.074613911,6390.054669,Insular Woodiness,72.74202558,3.672873948
Tracheophyta,Rosales,Urticaceae,Parietaria,Parietaria judaica,83,310.875,345.2005701,37.76595806,20.15278563,14.76219473,247.2218973,23.38942264,17.06882121,404.1002076,4.781107486,78.3869947,290.2369995,87.71434784,178.9888,0.449577212,1.39231114,7092.943407,Perennial Herbaceous,60.6383468,10.95277267
Tracheophyta,Rosales,Urticaceae,Urtica,Urtica membranacea,28,708.4449158,392.3745829,89.39338337,19.2898184,18.30262953,294.1817194,22.96126499,15.39400608,462.2930637,9.065652517,78.0958207,595.6708984,82.83255768,513.868576,3.171743035,0.776088046,18137.63754,Annual Herbaceous,64.08416252,8.243041701
Tracheophyta,Rosales,Urticaceae,Urtica,Urtica morifolia,73,1030.795288,252.2001778,66.35947714,16.92451127,18.59405131,346.354103,22.02311648,12.46303303,613.5425464,7.20183035,87.08613943,598.8932495,61.21607208,525.7595215,7.737496376,1.024460615,18137.63754,Insular Woodiness,64.47657384,6.881672266
Tracheophyta,Rosales,Urticaceae,Urtica,Urtica urens,47,471.7392578,295.3541175,42.95483316,19.29118151,15.06644573,271.4252418,23.03812328,15.50757854,402.3641817,4.287345184,77.84371492,304.3735352,80.57159424,232.6010437,0.611813307,1.321942072,18137.63754,Annual Herbaceous,55.21338421,9.778879444
Tracheophyta,Sapindales,Anacardiaceae,Pistacia,Pistacia atlantica,59,361.9624023,203.6445301,60.90484157,20.07342318,15.9725157,288.8556286,23.91870206,16.37561351,304.5565788,2.630469734,80.87674205,301.1032104,89.18067169,208.6492157,0.316767991,1.011469052,7834.599638,Ancestral Woodiness,54.62021532,8.420857983
Tracheophyta,Sapindales,Anacardiaceae,Pistacia,Pistacia lentiscus,48,419.8443451,176.7728349,66.51111115,20.34553523,17.05724337,286.8926719,24.4837677,16.59689699,305.4901375,0.544845836,79.85612253,257.2403107,49.89734459,209.1910248,0.784073651,1.18756713,7834.599638,Ancestral Woodiness,53.51449772,1.712505388
Tracheophyta,Sapindales,Rutaceae,Cneorum,Cneorum pulverulentum,182,119.8884087,156.7129427,51.85963307,21.94827926,17.86377542,300.2803201,25.1488001,18.31589788,212.3445031,0.925465268,91.97789568,142.6292038,101.3228607,27.686656,0,1.488786991,3417.954847,Ancestral Woodiness,42.99937084,5.841971959
Tracheophyta,Sapindales,Rutaceae,Ruta,Ruta pinnata,30,605.0366821,275.6322075,105.9270681,18.74322993,18.11219422,267.6397422,24.20857654,14.82161535,328.2323497,3.476529384,86.55815818,476.4403229,109.1180725,378.2489624,4.220810413,0.68892647,2588.637244,Ancestral Woodiness,60.5224697,2.9814057
Tracheophyta,Saxifragales,Crassulaceae,Aeonium,Aeonium arboreum,585,535.071106,400.7409705,65.98400571,19.16481526,17.09724376,290.7033792,23.17429609,15.27724049,407.2665751,4.63438649,82.80228379,376.0777588,76.09236908,266.0337524,1.235670328,1.082931829,9240.69879,Insular Woodiness,57.0249593,10.56055971
Tracheophyta,Saxifragales,Crassulaceae,Aeonium,Aeonium aureum,151,1179.139526,506.990743,90.25825762,16.71169668,18.9644763,347.1741454,22.18146638,12.24804332,580.0164186,6.158250135,84.71266725,392.8305359,69.07910919,312.0509949,1.589608312,1.476505428,9240.69879,Perennial Herbaceous,54.80208192,9.843749228
Tracheophyta,Saxifragales,Crassulaceae,Aeonium,Aeonium canariense,367,578.9762573,200.1446656,102.6886438,18.51564989,12.88245606,245.8522625,22.09342635,15.24451934,459.1799571,10.88673447,73.68955085,455.9507446,58.84392929,393.985199,2.79517889,1.007082371,9240.69879,Perennial Herbaceous,67.73268513,6.364581785
Tracheophyta,Saxifragales,Crassulaceae,Aeonium,Aeonium castello-paivae,60,694.7327576,299.2603758,100.2903989,17.97571078,15.93266353,267.3001622,21.95658441,14.51871625,454.1524146,8.422458868,86.27322797,578.7954407,78.00963211,475.3044739,3.82476306,0.784650988,9240.69879,Insular Woodiness,66.38465214,4.366633757
Tracheophyta,Saxifragales,Crassulaceae,Aeonium,Aeonium ciliatum,82,672.3360901,141.4299412,97.75725579,17.94270605,10.98021939,248.9089366,21.73813014,14.52965817,536.945612,15.5769279,71.23528549,510.2392426,34.09062195,474.3977966,8.920902252,1.052340877,9240.69879,Insular Woodiness,71.12062394,5.374607371
Tracheophyta,Saxifragales,Crassulaceae,Aeonium,Aeonium cuneatum,49,754.2930908,99.52223972,104.4926546,17.59829706,9.332438892,229.667321,20.57168262,14.49745149,423.9441383,13.25135811,71.35487622,527.0142822,23.15553856,491.3286743,11.9205637,0.804426279,9240.69879,Perennial Herbaceous,75.58527352,2.303271715
Tracheophyta,Saxifragales,Crassulaceae,Aeonium,Aeonium davidbramwellii,82,530.66745,224.7912392,63.22060748,19.18650995,16.52958482,313.1703983,23.24817745,15.44070685,467.314152,2.457598119,86.21398036,183.095787,36.51252747,127.7239494,0.859217674,2.552293308,9240.69879,Insular Woodiness,52.986281,4.446017678
Tracheophyta,Saxifragales,Crassulaceae,Aeonium,Aeonium decorum,33,579.3328247,287.0611857,103.9227553,18.7608508,17.81782942,322.7108352,23.2216233,14.57998918,343.9059128,1.573061143,94.17209616,215.8960876,64.86360168,126.6631546,0.102554664,1.59292332,9240.69879,Insular Woodiness,47.94092954,5.810404065
Tracheophyta,Saxifragales,Crassulaceae,Aeonium,Aeonium diplocyclum,104,811.9320374,342.6743406,103.0003924,17.40666822,17.77413615,333.4342474,22.21423727,13.48441429,538.4446666,3.198683702,88.17796874,334.6856232,51.21832657,278.0969391,2.346228719,1.608807278,9240.69879,Perennial Herbaceous,56.09635123,10.04379767
Tracheophyta,Saxifragales,Crassulaceae,Aeonium,Aeonium goochiae,47,456.0483704,253.561656,121.633152,19.72506822,13.02497162,247.2268082,22.92861385,16.53123979,655.63099,18.71999107,75.24414913,682.6415405,58.87662125,580.7095947,25.73723984,0.960432308,9240.69879,Insular Woodiness,66.76780659,11.48070814
Tracheophyta,Saxifragales,Crassulaceae,Aeonium,Aeonium haworthii,121,755.0670166,213.2534232,81.07350647,19.72453632,16.50978254,303.2448814,25.18417323,15.60855145,421.1976737,5.035734538,89.24082151,406.7081604,64.74038696,340.9312439,0.65946579,1.035626316,9240.69879,Insular Woodiness,67.85433779,4.663772308
Tracheophyta,Saxifragales,Crassulaceae,Aeonium,Aeonium hierrense,36,675.1914063,334.879515,62.85916712,18.21880311,16.1434617,318.1302047,22.71802334,14.02965955,524.9430848,1.478420731,90.72426461,162.0138474,35.54738426,134.2766876,0.777896017,3.240112455,9240.69879,Insular Woodiness,56.62802133,5.720147989
Tracheophyta,Saxifragales,Crassulaceae,Aeonium,Aeonium lancerottense,161,437.1419373,149.605778,62.20943086,18.39984418,13.1901445,241.7515891,20.27841916,14.90985064,194.2765261,0,88.89780488,46.09089279,17.7575798,25.33166313,0.103815593,4.215074049,9240.69879,Insular Woodiness,49.70007283,2.25481984
Tracheophyta,Saxifragales,Crassulaceae,Aeonium,Aeonium lindleyi,339,321.2434387,252.9839632,101.465558,19.86291103,11.91765818,236.8315671,23.02142063,16.59177921,407.4969364,12.48170682,71.549812,374.2645264,70.80879211,289.3623657,1.176986694,1.088793908,9240.69879,Insular Woodiness,65.55667981,7.612430713
Tracheophyta,Saxifragales,Crassulaceae,Aeonium,Aeonium nobile,31,380.9049683,163.983668,101.5698866,19.56454767,18.21069062,315.8145097,24.86367588,15.97723276,403.5261057,1.791825356,87.02880617,266.8328857,70.25481415,177.111557,0.395029515,1.51228026,9240.69879,Insular Woodiness,51.47955938,1.390942337
Tracheophyta,Saxifragales,Crassulaceae,Aeonium,Aeonium percarneum,170,549.1183472,374.9862702,79.32127706,19.56593177,17.47426743,337.6270571,23.99200866,15.25128851,328.1672243,1.58141378,85.14905467,270.8496552,78.16654587,198.209198,0.233537838,1.211621348,9240.69879,Insular Woodiness,49.91989663,10.02485896
Tracheophyta,Saxifragales,Crassulaceae,Aeonium,Aeonium sedifolium,47,487.6465759,246.7648073,134.2647687,19.88910883,18.81591988,322.9017971,24.35336044,16.29563264,340.7739294,3.932755551,89.24830647,234.8611908,83.13100433,81.70530701,0,1.450958876,9240.69879,Insular Woodiness,48.33390112,4.275120619
Tracheophyta,Saxifragales,Crassulaceae,Aeonium,Aeonium simsii,81,1343.428589,279.8821948,87.55812358,15.77881887,20.37299263,395.9121555,21.91485775,11.04164418,522.8956281,1.513783128,94.10043994,278.1469421,78.83020782,200.9884033,0.410716325,1.879925855,9240.69879,Perennial Herbaceous,41.50981533,6.008982639
Tracheophyta,Saxifragales,Crassulaceae,Aeonium,Aeonium smithii,26,1319.082458,752.5990336,72.3427568,15.37797301,19.69295732,344.4505861,21.46694618,11.18454977,319.6321145,0.538173225,99.65367849,226.0204315,110.9892731,86.96362686,5.57E-13,1.414173543,9240.69879,Insular Woodiness,48.34412752,10.63113431
Tracheophyta,Saxifragales,Crassulaceae,Aeonium,Aeonium spathulatum,249,1262.778198,307.7841042,59.25275981,16.3826058,18.96204551,337.2942402,21.1720253,11.67749119,619.8296509,5.81265613,86.61682434,301.510437,67.97960663,237.8219604,3.574876308,2.055748574,9240.69879,Insular Woodiness,57.49409649,6.291601532
Tracheophyta,Saxifragales,Crassulaceae,Aeonium,Aeonium tabulaeforme,172,346.5917664,145.9963293,117.8082894,20.74119059,12.99132402,231.053924,24.39576744,17.74440162,375.3671107,10.36213785,73.23313865,407.0067444,100.6408539,311.4509888,0.81724596,0.922262631,9240.69879,Perennial Herbaceous,68.40282489,3.588830659
Tracheophyta,Saxifragales,Crassulaceae,Aeonium,Aeonium urbicum,282,634.5736389,273.4656786,64.34193526,18.7516842,16.83271443,306.6962587,23.02911111,14.66770895,426.9619206,6.943690561,81.39325016,367.091095,82.18232346,269.9423676,0.441459447,1.163095282,9240.69879,Insular Woodiness,58.10008546,9.851787352
Tracheophyta,Saxifragales,Crassulaceae,Aeonium,Aeonium valverdense,25,327.6148071,241.1732498,55.34336522,21.66031395,17.88372376,386.7782492,28.14063669,17.11632793,327.9505521,0.207949526,96.64637366,50.00144577,19.84749222,35.48614502,0,6.558821391,9240.69879,Insular Woodiness,47.31932351,7.256288895
Tracheophyta,Saxifragales,Crassulaceae,Aichryson,Aichryson laxum,551,818.5737915,270.6875229,75.04107997,17.94934784,15.64939026,271.5976693,22.1672227,14.2914918,558.363666,12.00203697,74.32549591,602.1290894,51.46136475,534.9799194,10.81555748,0.927315547,8654.903794,Annual Herbaceous,69.05749839,5.283446424
Tracheophyta,Saxifragales,Crassulaceae,Aichryson,Aichryson pachycaulon,37,902.6945801,99.59028875,84.20440443,16.58259397,11.78534422,261.3001442,20.68999963,12.73148652,691.3140643,19.57292256,74.61072955,500.9241638,25.30460358,473.0004578,11.72499847,1.380077294,8654.903794,Annual Herbaceous,70.30308627,3.52697153
Tracheophyta,Saxifragales,Crassulaceae,Aichryson,Aichryson parlatorei,61,742.6656494,238.1140299,89.44024641,17.9873365,17.00546177,316.3522327,22.60457486,14.12871687,509.2909056,6.591486261,88.51041755,381.8201904,62.83948898,317.3382568,1.442006826,1.333850117,8654.903794,Annual Herbaceous,56.247093,11.44361553
Tracheophyta,Saxifragales,Crassulaceae,Aichryson,Aichryson punctatum,52,812.5389404,325.8151951,85.33605063,18.31422405,17.56409146,305.2836823,22.62425129,14.2675952,521.1163431,6.579520015,82.21438909,410.4938202,62.2293644,350.4267883,4.2929039,1.269486451,8654.903794,Annual Herbaceous,63.24245668,9.536893109
Tracheophyta,Saxifragales,Crassulaceae,Aichryson,Aichryson tortuosum,43,501.8337708,95.91211234,90.25290873,17.97813408,13.18941997,240.8567824,19.86319862,14.64926579,191.5614327,0,89.57643731,24.96783447,14.2428236,6.371737003,0,7.672328689,8654.903794,Perennial Herbaceous,49.70007283,1.965317722
Tracheophyta,Saxifragales,Crassulaceae,Crassula,Crassula tillaea,47,930.2462158,456.8531817,49.89675568,17.66625509,18.71523714,340.2341544,22.36019795,13.38514313,521.114157,4.649844755,87.85083598,354.1402588,63.10342407,266.1486511,0.985927165,1.471490869,7514.825933,Annual Herbaceous,56.04801538,12.12864936
Tracheophyta,Saxifragales,Crassulaceae,Monanthes,Monanthes anagensis,35,645.1774292,117.5376757,95.29811025,18.28174098,10.34163235,241.4526831,21.63552472,14.98528021,520.7412829,17.31866936,71.356189,484.3210754,37.22631073,441.1174011,7.206239223,1.075198477,20170.63619,Perennial Herbaceous,71.61273672,4.264568929
Tracheophyta,Saxifragales,Crassulaceae,Monanthes,Monanthes brachycaulos,153,566.5192871,376.5354714,91.65904526,18.87663256,14.29892114,264.828152,22.81367767,15.61397329,450.3401019,10.75072679,73.87154638,375.3301086,78.82305145,293.1642151,1.311342955,1.199850722,20170.63619,Perennial Herbaceous,64.64368118,7.246022299
Tracheophyta,Saxifragales,Crassulaceae,Monanthes,Monanthes laxiflora,276,605.0366821,204.2751147,108.2135202,18.65694313,13.26088765,240.8806835,22.18457962,15.48710887,396.2121483,10.1828027,75.57100536,459.2938232,59.53401947,379.8990479,2.578331709,0.862655077,20170.63619,Perennial Herbaceous,70.12766403,3.874572749
Tracheophyta,Saxifragales,Crassulaceae,Monanthes,Monanthes pallens,111,647.362915,413.9898077,96.68574027,19.41405322,17.69715368,324.4398137,24.40260123,14.69979905,333.4858311,3.001012836,91.73692648,260.8282166,88.95526123,175.4125214,0.076537341,1.278565009,20170.63619,Perennial Herbaceous,54.27768036,8.239347339
Tracheophyta,Saxifragales,Crassulaceae,Monanthes,Monanthes polyphylla,88,291.1573181,170.3938837,149.582558,20.79764803,14.18170507,250.7945005,24.18290819,17.71029775,368.3291198,5.9961708,84.89262592,403.6568909,106.3461418,272.2569427,0.535888076,0.912480694,20170.63619,Perennial Herbaceous,60.19082042,9.880637456
Tracheophyta,Saxifragales,Crassulaceae,Sedum,Sedum rubens,51,599.4935913,365.0203007,83.73061658,19.12928253,17.29939963,323.8470486,23.20381081,14.89970137,430.8254004,6.203227618,83.12905124,380.6233826,78.06595612,298.7271118,1.367367268,1.131894203,3357.298608,Annual Herbaceous,57.41375835,9.17229103
Tracheophyta,Saxifragales,Crassulaceae,Umbilicus,Umbilicus horizontalis,259,699.630249,517.5128232,60.90484157,18.18496963,17.41104937,313.6317271,22.54611852,14.39196224,476.735081,4.425679605,84.90038502,360.3474121,70.40432739,250.4216309,1.066702485,1.322987387,7906.444126,Perennial Herbaceous,55.56893271,11.30341839
Tracheophyta,Solanales,Convolvulaceae,Convolvulus,Convolvulus althaeoides,465,765.0288086,332.9499361,47.15291616,18.08050649,18.15117044,346.3976194,22.8616,13.82919007,423.9432613,2.906599073,86.8372742,269.129364,63.11110306,197.9853363,0.579205334,1.57523971,9448.069295,Derived Woodiness,52.41773713,8.531475931
Tracheophyta,Solanales,Convolvulaceae,Convolvulus,Convolvulus arvensis,49,565.206604,216.4291951,32.25123332,18.29588277,15.93171962,295.9034715,22.2147167,14.06711627,451.714401,2.196565421,86.2392397,115.2153244,35.38502502,56.6735611,0.255548835,3.920610416,9448.069295,Perennial Herbaceous,52.80299803,7.995994316
Tracheophyta,Solanales,Convolvulaceae,Convolvulus,Convolvulus canariensis,78,711.5291748,147.3573098,87.26147582,17.86711233,16.45627345,276.6362905,22.12121076,14.13358229,502.0878491,15.25609578,71.40456712,601.7189636,52.11897659,539.8664551,8.459798813,0.834422512,9448.069295,Insular Woodiness,67.34633497,7.751587851
Tracheophyta,Solanales,Convolvulaceae,Convolvulus,Convolvulus floridus,411,257.3683167,243.9732364,64.85931288,20.21554897,14.30301129,248.9207511,23.7310493,16.91808309,341.9838145,5.060628332,79.80276011,316.7684631,82.45330811,195.269455,0.38449204,1.079601836,9448.069295,Insular Woodiness,57.29852066,9.180517802
Tracheophyta,Solanales,Convolvulaceae,Convolvulus,Convolvulus siculus,106,562.3740845,479.2502803,81.6740106,19.63812634,18.23787007,342.5190814,24.23323902,15.21103867,347.490192,1.821792066,90.79749533,244.0119781,79.80334473,155.070015,0.222813688,1.424070222,9448.069295,Annual Herbaceous,48.83755021,10.86034573
Tracheophyta,Solanales,Convolvulaceae,Cuscuta,Cuscuta planiflora,77,320.7424927,302.779379,67.75173045,20.46755582,15.02945957,273.1866436,24.2127879,17.05360265,334.4658627,2.063098722,88.62268752,235.4409332,77.29853058,123.2077713,0.099668622,1.420593514,6517.812086,Annual Herbaceous,54.48255129,11.72515534
Tracheophyta,Solanales,Solanaceae,Hyoscyamus,Hyoscyamus albus,220,15.96863556,16.09913094,37.25331802,21.15865074,12.94840919,222.0932902,23.81334986,18.44000046,306.3868627,5.738921603,77.01086386,595.6186523,540.6300354,14.65606976,2.88E-26,0.514401054,11036.09443,Perennial Herbaceous,57.63875852,7.623538219
Tracheophyta,Solanales,Solanaceae,Lycium,Lycium intricatum,472,70.15567398,91.50070304,32.18357847,21.09898384,13.08030515,246.157238,23.29412947,17.65370127,156.9849252,0,92.46631735,76.87185669,54.86852455,12.11551094,0,2.042163829,6931.381522,Ancestral Woodiness,40.52748012,8.496950502
Tracheophyta,Solanales,Solanaceae,Solanum,Solanum nigrum,83,516.6390991,471.3842046,47.45336256,18.94475283,13.3259767,256.7594208,22.72170456,15.5466353,420.775049,5.976613248,81.98004546,366.7694702,47.06458664,274.5645752,0.92367661,1.147246658,8212.946574,Annual Herbaceous,58.29894436,15.06006615
Tracheophyta,Solanales,Solanaceae,Solanum,Solanum vespertilio,30,534.1042175,64.83970209,88.42502209,19.55370932,16.14239331,286.2859383,23.65199372,15.35707541,453.7444605,13.9487928,72.24097025,476.179245,63.07755089,425.5567932,3.461935759,0.952885841,8212.946574,Perennial Herbaceous,61.09771248,11.58086461
Tracheophyta,Solanales,Solanaceae,Solanum,Solanum villosum,52,1008.838135,266.2888141,59.92543972,16.30976974,17.72813662,324.5143817,21.66623312,12.43159056,661.9472297,11.30081162,84.46130805,616.8479004,43.79737854,551.5004883,13.69608545,1.07311256,8212.946574,Perennial Herbaceous,65.94721175,6.675032999
Tracheophyta,Solanales,Solanaceae,Withania,Withania aristata,147,152.0159302,112.3957553,78.38051821,20.66312178,14.06707457,210.3663847,23.92632636,17.5320884,335.7485785,6.851488714,77.13780155,441.5266113,120.750885,297.5126038,1.111783266,0.760426597,1687.880551,Ancestral Woodiness,63.69864011,6.238492227
Tracheophyta,Zygophyllales,Zygophyllaceae,Fagonia,Fagonia cretica,83,199.0991516,241.8933014,36.87185028,21.07349297,14.43407838,249.1129658,23.61127489,17.27930133,166.8331721,0,92.45116872,67.75095367,40.25427628,11.86491585,0,2.462447583,10766.20547,Perennial Herbaceous,41.33457561,7.179993422
Tracheophyta,Zygophyllales,Zygophyllaceae,Tetraena,Tetraena fontanesii,239,4.450436592,3.882321883,9.310746845,21.3356045,13.44938286,248.5634206,23.42643552,17.97709794,130.6204749,0,93.93157586,167.0669098,153.0733337,2.990229845,0,0.78184528,6663.174638,Ancestral Woodiness,39.33160338,6.152540882
