phylum,order,family,genus,species,num_occurrences,elevation_median,elevation_mad,TRI_median,annual_temp,diurnal_temp_range_median,temp_seasonality,temp_driest_quarter,temp_coldest_quarter,annual_precip,precip_driest_quarter,precip_seasonality,evapotranspiration,evaporation,transpiration,interception,aridity_index,range_size,growth_form,cloud_median,cloud_mad
Tracheophyta,Apiales,Apiaceae,Ammi,Ammi majus,17,513.5441284,409.0779939,56.81499525,19.54459724,17.0899743,343.8386755,24.08831172,14.99843042,321.8356842,2.209394966,82.55000348,260.2034302,72.55862427,164.2306213,0.5,1.236861805,4737.963408,Annual Herbaceous,54.13392299,9.367310682
Tracheophyta,Apiales,Apiaceae,Ammodaucus,Ammodaucus leucotrichus,5,131.6539917,133.5244398,39.73039917,20.95358377,15.648184,243.3180285,23.71078682,17.51324559,146.9114582,0.082081495,95.95407945,120.0185623,99.6566925,20.33000183,0,1.224072805,3803.12342,Annual Herbaceous,38.25954952,9.2583622
Tracheophyta,Apiales,Apiaceae,Astydamia,Astydamia latifolia,1109,14.53629208,15.42586017,26.26575099,21.75841591,14.37967477,250.2656427,24.63562701,18.57423965,221.9184713,1.34274333,87.54855241,334.9154968,210.3653564,11.30648041,0,0.66261034,11520.0174,Perennial Herbaceous,46.72665439,11.11111788
Tracheophyta,Apiales,Apiaceae,Athamanta,Athamanta cervariifolia,39,700.4111938,367.3413877,120.9577356,18.80067841,17.69715368,319.9772516,23.11399644,14.48651064,453.2924779,6.591486261,89.56618208,385.2315369,80.74098969,311.4509888,0.819555283,1.176675413,5986.933336,Perennial Herbaceous,59.74764012,9.173776345
Tracheophyta,Apiales,Apiaceae,Athamanta,Athamanta montana,121,1238.5979,872.949161,86.86610204,15.56367624,18.3036638,328.3928112,21.29223812,11.15234165,574.1811872,3.296215095,86.91089478,256.3536682,66.78057098,183.6118011,1.055866003,2.239800941,5986.933336,Perennial Herbaceous,52.39280964,7.579928361
Tracheophyta,Apiales,Apiaceae,Bupleurum,Bupleurum salicifolium,86,672.041687,158.2970047,109.1915245,18.43118433,17.08857042,291.9291922,22.42316894,14.59189641,417.5056404,5.978843101,88.26947839,408.9859009,56.92563438,322.8575287,2.420931458,1.020831377,10530.24647,Derived Woodiness,59.62821918,13.27861342
Tracheophyta,Apiales,Apiaceae,Bupleurum,Bupleurum semicompositum,10,107.9493599,143.0412728,32.20324197,21.17801666,12.16202269,241.6227495,23.91827909,17.84440219,200.7172779,0.638931061,89.60991652,101.9252777,67.46368218,22.34393024,0,1.969259073,10530.24647,Annual Herbaceous,44.97273533,10.49928577
Tracheophyta,Apiales,Apiaceae,Conium,Conium maculatum,25,657.5594482,157.0327136,30.32793023,17.90113949,17.77766256,324.0394191,23.03812328,13.86724813,522.129536,12.2260422,72.56323827,359.5733337,63.23806763,277.4722595,1.179814339,1.452080805,973.643875,Perennial Herbaceous,58.86985868,6.913088308
Tracheophyta,Apiales,Apiaceae,Crithmum,Crithmum maritimum,221,17.88826561,19.13627178,47.70537895,21.40019958,13.18860119,219.1886716,24.53808004,18.56158907,319.3455813,7.685537969,76.38532552,578.326416,531.2539673,23.86939812,5.22E-13,0.552189166,6958.904394,Perennial Herbaceous,62.5058659,5.468587834
Tracheophyta,Apiales,Apiaceae,Daucus,Daucus carota,87,623.0758667,228.8917584,56.97011073,18.25812965,14.42010278,276.8079954,22.10087509,14.86563675,585.7317098,8.570740586,84.79991635,376.3122559,45.72508621,315.9052429,4.4877882,1.556504474,6202.020212,Perennial Herbaceous,64.10620898,8.002472362
Tracheophyta,Apiales,Apiaceae,Daucus,Daucus elegans,66,779.3456421,192.3898822,98.42074636,17.97534836,12.4172667,254.764209,21.62983823,14.50338393,621.6903794,13.78865728,75.1470465,728.0109253,45.8928299,662.8789368,17.00675297,0.853957486,6202.020212,Perennial Herbaceous,72.00127522,4.955246936
Tracheophyta,Apiales,Apiaceae,Drusa,Drusa glandulosa,195,641.0182495,423.5706034,75.50501474,19.11526044,16.61057401,299.0797261,23.35874962,15.26115587,483.575212,5.792327654,86.81682503,445.1787415,59.60173798,361.311676,3.27934432,1.08624956,8692.742753,Annual Herbaceous,64.51516004,8.300032311
Tracheophyta,Apiales,Apiaceae,Ferula,Ferula communis,209,768.8061523,421.2819121,77.89077743,18.58729554,17.7842811,325.3233815,23.16568662,14.59780463,456.1403248,4.958646035,85.35201586,381.8201904,75.945961,311.4509888,0.978081524,1.194646947,8948.899974,Perennial Herbaceous,54.43545205,12.4432147
Tracheophyta,Apiales,Apiaceae,Ferula,Ferula lancerotensis,77,502.7019348,98.91681154,78.45917015,18.03025128,13.19766175,243.2666867,19.83433636,14.62344933,198.8740461,0,88.23109211,35.34485245,13.9269495,17.89574623,0.019265659,5.626676371,8948.899974,Perennial Herbaceous,49.96320247,1.828867169
Tracheophyta,Apiales,Apiaceae,Foeniculum,Foeniculum vulgare,523,549.1653442,329.5935447,51.79803792,18.92949756,15.66455774,280.3618058,22.87664563,15.25303806,484.1524903,5.841207622,84.372677,338.2457275,62.50830078,258.3212891,1.231040001,1.43136321,8437.697094,Perennial Herbaceous,60.53902631,11.49385577
Tracheophyta,Apiales,Apiaceae,Pimpinella,Pimpinella cumbrae,60,2143.943359,170.6144662,80.67431496,12.00750452,19.44607395,311.3388055,14.24470669,8.674015576,411.1090515,1.673185253,106.4607195,205.8101959,171.644249,3.533866048,0,1.997515476,848.5112814,Perennial Herbaceous,26.18042399,6.22604335
Tracheophyta,Apiales,Apiaceae,Pimpinella,Pimpinella dendroselinum,24,1051.252258,583.4296138,114.0150706,16.20713161,17.98282796,339.5074593,22.19498357,12.21475485,379.6846272,3.718412542,89.51528317,368.92836,71.81177902,264.3728943,4.611961603,1.029155436,848.5112814,Perennial Herbaceous,53.03000406,6.277754922
Tracheophyta,Apiales,Apiaceae,Pimpinella,Pimpinella junionae,5,759.4645996,579.5491001,95.288102,17.44510216,16.73141128,302.4570274,22.60863121,13.94925759,414.5436794,1.346331765,94.30792295,334.6622009,65.34666443,230.6922302,0.54526794,1.238692862,848.5112814,Perennial Herbaceous,48.9769241,8.313537927
Tracheophyta,Apiales,Apiaceae,Rutheopsis,Rutheopsis herbanica,9,237.5263062,31.3226171,11.33082866,19.67882426,6.833977324,245.632421,21.82423168,16.21909612,133.0309178,0,100.2467319,36.84418488,19.53706741,11.60808849,0,3.610635388,116.3469908,Perennial Herbaceous,39.04433919,1.007491822
Tracheophyta,Apiales,Apiaceae,Scandix,Scandix pecten-veneris,47,763.3343506,313.5299936,68.30620979,18.09209852,17.76433232,326.699396,23.16144279,13.88585448,459.3792798,2.654275869,89.00147793,288.0659485,58.13306046,200.9844818,0.89858669,1.594701776,20674.78246,Annual Herbaceous,51.86773572,12.12713805
Tracheophyta,Apiales,Apiaceae,Todaroa,Todaroa aurea,88,537.2698669,346.8744223,82.49984041,19.53295367,16.75809022,321.9368671,23.95634294,15.45291435,450.4313236,4.368524854,86.96781373,231.3252792,68.68531036,162.4679108,0.283257097,1.947177261,4756.549045,Perennial Herbaceous,53.2199483,6.865639973
Tracheophyta,Apiales,Apiaceae,Torilis,Torilis arvensis,56,275.7633209,246.872955,64.94064823,20.17040847,13.7277125,244.3137792,22.96958067,16.93318708,405.797142,5.747627738,85.15120557,343.8659058,75.48477554,263.7972565,1.434212506,1.180102869,7730.128209,Annual Herbaceous,64.0831963,9.875283352
Tracheophyta,Apiales,Apiaceae,Torilis,Torilis nodosa,8,305.5444946,58.19574881,22.09240644,19.81794427,16.28279443,262.3621431,22.70978844,17.17115938,293.5281244,3.285151761,87.82925835,180.861145,101.8681259,71.76647758,0.126729228,1.622947396,7730.128209,Annual Herbaceous,54.56114562,6.781296883
Tracheophyta,Apiales,Araliaceae,Hedera,Hedera canariensis,371,812.5482178,212.4856094,86.30187702,17.64103023,12.39707586,263.6081948,21.84128525,14.13814877,665.0916704,16.03286148,73.94652222,598.6217041,41.81743622,554.6009521,15.50220108,1.11103835,5844.58616,Ancestral Woodiness,70.30308627,5.644963821
Tracheophyta,Aquifoliales,Aquifoliaceae,Ilex,Ilex canariensis,737,800.8121338,285.3695522,83.71784965,17.69999782,15.93660355,276.697497,21.7391555,14.28675334,579.3052619,12.14427374,76.76887589,671.3306885,48.48726654,604.9744873,11.91353703,0.86292087,6035.030473,Ancestral Woodiness,68.51257995,6.732270047
Tracheophyta,Aquifoliales,Aquifoliaceae,Ilex,Ilex perado,97,831.3271484,131.741371,78.86353813,16.9196826,11.45116011,264.3188252,20.8289724,13.38379414,628.5143901,18.39629429,71.0552181,546.5587158,18.94848824,513.8666992,14.85917377,1.149948527,6035.030473,Ancestral Woodiness,70.30308627,7.080076003
Tracheophyta,Asterales,Asteraceae,Allagopappus,Allagopappus canariensis,253,215.240921,261.3886906,56.22714449,20.71567619,15.72541587,277.5601962,24.39376059,17.35670119,274.4998919,1.766475073,90.14553605,244.9484253,94.36789703,113.4218292,1.02E-12,1.120643628,3146.7068,Derived Woodiness,52.45416245,10.95986348
Tracheophyta,Asterales,Asteraceae,Allagopappus,Allagopappus viscosissimus,13,467.482666,154.2494,119.3763732,21.38250942,22.10464659,397.347993,26.07891504,16.6649854,249.9275918,0.073388664,92.32317962,229.4133148,99.57433319,113.3224106,1.69E-25,1.089420603,3146.7068,Derived Woodiness,33.95983169,5.64746613
Tracheophyta,Asterales,Asteraceae,Anacyclus,Anacyclus radiatus,30,202.3028641,152.4519827,10.26837532,20.5784904,15.11508354,270.1727767,23.03605791,16.50900023,145.8440753,0,93.32114958,18.68186665,10.91693974,6.419826031,0,7.806718572,4660.229908,Annual Herbaceous,39.01259156,3.965133335
Tracheophyta,Asterales,Asteraceae,Andryala,Andryala integrifolia,52,1090.458862,307.4146306,48.98280102,16.65870936,19.53864058,362.0953298,22.51155625,12.09098956,572.1726909,3.270369195,85.82530363,378.5705109,76.70523834,313.1140289,1.134550869,1.511403225,9386.792671,Perennial Herbaceous,49.98624302,9.304100008
Tracheophyta,Asterales,Asteraceae,Andryala,Andryala perezii,46,486.2201538,137.2984516,72.41381979,18.14011522,13.1765352,242.5343767,20.21158992,14.71286201,192.8972567,0,89.37905854,34.93168259,15.46984434,16.68639231,4.54E-13,5.52212898,9386.792671,Perennial Herbaceous,49.06794935,3.013136794
Tracheophyta,Asterales,Asteraceae,Andryala,Andryala pinnatifida,472,755.9683838,285.9162971,78.19755123,17.76536697,14.81985412,266.8519007,21.64293718,14.3321873,471.3357476,8.644318328,80.98367472,414.3169556,53.48902893,352.6615143,2.458751917,1.137621189,9386.792671,Perennial Herbaceous,66.36120298,9.200780537
Tracheophyta,Asterales,Asteraceae,Andryala,Andryala webbii,21,1336.655273,1340.719958,93.81093634,13.58302805,14.89430086,314.3928763,17.11209821,9.893632808,921.7380735,4.182237272,95.43566114,207.2324066,64.55793762,146.5522003,3.865761995,4.447847171,9386.792671,Perennial Herbaceous,51.11576879,14.66645611
Tracheophyta,Asterales,Asteraceae,Anthemis,Anthemis arvensis,5,371.7103882,307.751256,52.15976494,20.70363371,16.41474272,310.1194187,23.2605221,15.93301964,192.5968332,0,94.44455617,128.2139587,34.05595398,60.06534576,0.132951498,1.502151834,719.135634,Annual Herbaceous,38.55967988,2.590283737
Tracheophyta,Asterales,Asteraceae,Argyranthemum,Argyranthemum adauctum,115,1456.519897,389.2224969,77.12045621,15.25981692,19.559627,383.118146,21.3845987,10.43125624,540.1246758,1.513900887,92.26713846,327.640564,89.48119354,235.4220886,0.405088037,1.648528098,11464.10884,Insular Woodiness,45.61198368,8.914536887
Tracheophyta,Asterales,Asteraceae,Argyranthemum,Argyranthemum broussonetii,121,750.3136597,185.8600716,78.24067683,17.73390991,12.09582233,255.1603231,21.57840627,14.26970627,607.8951209,16.15020671,71.70398769,523.2842407,38.58677292,465.6879578,8.678110123,1.161692009,11464.10884,Insular Woodiness,71.72082743,5.0067059
Tracheophyta,Asterales,Asteraceae,Argyranthemum,Argyranthemum callichrysum,59,1088.222778,243.4032127,69.33164044,15.39812814,19.41185466,386.8975269,21.27165664,10.75421142,623.8297263,8.513652061,89.35525828,545.3696289,56.50640488,466.0313721,5.761075497,1.143865909,11464.10884,Insular Woodiness,59.08733267,4.557757284
Tracheophyta,Asterales,Asteraceae,Argyranthemum,Argyranthemum coronopifolium,16,192.6991043,86.57725906,166.1570311,23.21206809,17.60353535,270.0486273,28.04040228,19.39159949,290.083269,3.618514071,85.24832959,280.6326752,90.74300385,119.886467,0.041888999,1.033676028,11464.10884,Insular Woodiness,59.43601794,6.643016102
Tracheophyta,Asterales,Asteraceae,Argyranthemum,Argyranthemum escarrei,4,554.742981,21.50620613,111.9601067,19.46515634,16.56288231,297.9049756,19.95720469,15.79674825,200.1244068,0.859981499,95.08254103,83.66829681,62.24626541,27.0689106,0,2.391878578,11464.10884,Insular Woodiness,32.5299361,0.265963345
Tracheophyta,Asterales,Asteraceae,Argyranthemum,Argyranthemum filifolium,17,237.6235046,195.6375829,86.08995624,22.14034015,15.64599284,297.3986008,26.18682787,18.63677083,153.0757473,0,104.2213703,112.974884,73.29384613,34.47013092,0,1.35495379,11464.10884,Insular Woodiness,38.87067444,1.642599372
Tracheophyta,Asterales,Asteraceae,Argyranthemum,Argyranthemum foeniculaceum,33,649.5463867,330.049618,88.68089733,19.16301261,19.03009406,367.9501707,25.18043754,14.59999613,368.5842327,5.904725065,91.22684014,385.2315369,111.1436615,242.3804932,0.070766643,0.956786237,11464.10884,Insular Woodiness,55.69362477,7.233263112
Tracheophyta,Asterales,Asteraceae,Argyranthemum,Argyranthemum frutescens,466,87.30148315,110.9243034,59.95146456,21.28305033,14.38760211,240.1574164,24.50840515,18.25083418,309.8577743,4.276219581,83.35912479,280.9658051,119.2929802,71.50563431,7.64E-12,1.102830909,11464.10884,Insular Woodiness,54.82000864,13.01833877
Tracheophyta,Asterales,Asteraceae,Argyranthemum,Argyranthemum gracile,98,624.4077148,405.9814466,39.8802364,19.33711071,18.64947398,348.8633619,23.38598442,14.9775941,251.5714087,0.569678591,99.03385454,203.7721405,117.1081734,93.03029633,0,1.234572145,11464.10884,Insular Woodiness,50.50768186,8.431046856
Tracheophyta,Asterales,Asteraceae,Argyranthemum,Argyranthemum haouarytheum,27,859.4299927,1257.348661,76.71327949,16.32710585,16.86693934,344.9419826,20.92063087,11.94849209,707.5637862,5.074778945,86.49853719,79.42823792,44.67290497,24.27481079,0.047387872,8.908214569,11464.10884,Insular Woodiness,47.89685884,8.738529715
Tracheophyta,Asterales,Asteraceae,Argyranthemum,Argyranthemum hierrense,20,607.293396,66.72048389,43.99820436,20.06794521,14.52973237,261.8074905,23.08355835,16.73960114,296.5693698,2.184765576,88.8763821,173.8957977,32.14376163,128.6035728,0.163033247,1.705442993,11464.10884,Insular Woodiness,59.42595829,6.568319167
Tracheophyta,Asterales,Asteraceae,Argyranthemum,Argyranthemum lemsii,3,376.822937,186.0888096,102.6719664,19.13056575,9.840857162,225.5703654,21.86244021,16.08607879,424.0991741,12.69142766,72.51653411,308.9653625,53.89056396,240.3231506,0.956920028,1.372643104,11464.10884,Insular Woodiness,70.33339344,0.282113587
Tracheophyta,Asterales,Asteraceae,Argyranthemum,Argyranthemum maderense,42,489.455658,141.0002234,83.12599245,18.15768497,13.19766175,240.2606096,20.04896009,14.76599339,205.0444023,0,88.09259905,45.67029953,16.21426249,30.10806656,0.107344002,4.489666247,11464.10884,Insular Woodiness,50.90619958,1.47192422
Tracheophyta,Asterales,Asteraceae,Argyranthemum,Argyranthemum sundingii,3,386.2736206,2.586043872,92.19150095,18.88745497,11.00820849,258.9154977,22.66125055,15.51014799,498.90198,10.43664729,76.71914506,281.8501282,54.32474136,227.0482941,0.606945872,1.770096694,11464.10884,Insular Woodiness,56.53635506,5.013407444
Tracheophyta,Asterales,Asteraceae,Argyranthemum,Argyranthemum sventenii,4,643.4963074,116.3066852,120.4002499,18.84628392,18.2327427,359.1210439,23.41738579,14.87579018,402.5041894,1.051019693,95.7065161,159.1515427,36.1086483,140.2471008,0.409610741,2.529062444,11464.10884,Insular Woodiness,59.58816577,7.164983793
Tracheophyta,Asterales,Asteraceae,Argyranthemum,Argyranthemum tenerifae,166,2267.20874,212.8142717,45.72929643,10.81655933,18.68487987,343.5544118,14.05659511,7.095932593,393.2106447,1.441090397,96.72785656,188.1511078,173.2155685,0.638439476,0,2.089866222,11464.10884,Insular Woodiness,27.15123665,7.193269627
Tracheophyta,Asterales,Asteraceae,Argyranthemum,Argyranthemum vincentii,7,792.2099609,65.43936149,140.6628556,18.53819748,21.21248375,363.937053,24.95662796,14.33942365,257.4102713,3.375083647,90.34813863,666.3400269,131.4177094,519.7133179,6.274507999,0.386304681,11464.10884,Insular Woodiness,60.10942321,0.465144737
Tracheophyta,Asterales,Asteraceae,Argyranthemum,Argyranthemum webbii,23,444.7208252,204.2554782,78.51258626,19.74264635,14.00081705,258.0209742,23.70653946,16.61999962,664.1820325,7.235903062,81.11001154,602.5181274,70.28287506,464.38797,24.28216171,1.102343651,11464.10884,Insular Woodiness,62.64459755,6.153105774
Tracheophyta,Asterales,Asteraceae,Artemisia,Artemisia ramosa,9,13.9551506,16.81777433,10.07792454,22.21188525,14.92804625,241.6755343,25.31435049,18.96559788,124.7096667,0.081086968,100.2368277,119.0256348,81.99725342,16.64032555,0,1.047754687,8237.116527,Ancestral Woodiness,38.22568353,6.277295923
Tracheophyta,Asterales,Asteraceae,Artemisia,Artemisia reptans,12,79.99310493,81.2312022,52.61272908,21.67748993,14.48918278,268.7493739,24.94393331,18.0961711,143.029267,0.084681302,90.15127622,136.426033,101.4176674,46.10100651,0,1.048401568,8237.116527,Ancestral Woodiness,40.89968204,5.630989264
Tracheophyta,Asterales,Asteraceae,Artemisia,Artemisia thuscula,843,472.0082092,364.842509,72.09022098,19.64326751,14.87823096,266.3777807,23.32089128,16.15935717,398.3746251,6.897146158,80.32560139,358.3804016,77.5719986,271.3981934,0.902585685,1.111597128,8237.116527,Ancestral Woodiness,60.59406667,10.94269126
Tracheophyta,Asterales,Asteraceae,Asteriscus,Asteriscus aquaticus,136,108.6906395,138.90526,39.13568763,21.73175849,15.54274671,264.1627661,24.93002122,18.41051517,246.7815011,2.512117242,86.85810785,215.9220047,110.6048355,60.89296532,1.95E-24,1.142919645,12528.66961,Annual Herbaceous,52.24306944,8.457608275
Tracheophyta,Asterales,Asteraceae,Asteriscus,Asteriscus graveolens,46,415.6647339,232.1759722,68.05120776,20.92452892,18.07209732,323.10461,24.73147653,16.66217212,199.9406744,0.282184094,94.30026238,115.0857773,79.66960907,34.32018089,0,1.737318712,12528.66961,Perennial Herbaceous,34.64100082,5.887700515
Tracheophyta,Asterales,Asteraceae,Asteriscus,Asteriscus intermedius,193,427.6443176,191.603925,47.33813822,18.36525202,13.16799783,241.7114874,20.11285255,15.40525329,184.5962593,0,89.99218777,33.91282654,15.50608158,13.6470089,4.44E-13,5.44325785,12528.66961,Perennial Herbaceous,49.70007283,2.93388168
Tracheophyta,Asterales,Asteraceae,Asteriscus,Asteriscus schultzii,34,84.93864822,71.29707481,76.16038649,20.01157137,13.64558321,246.6611697,21.93275214,16.47512955,152.1323649,0,87.58415127,33.26436138,26.25566673,3.12736702,0,4.573434108,12528.66961,Perennial Herbaceous,48.46988635,4.836159562
Tracheophyta,Asterales,Asteraceae,Asteriscus,Asteriscus sericeus,207,438.4868774,325.9877609,55.92045521,18.8272045,6.854160152,243.7344667,21.42405996,15.14664251,222.5166711,0,91.56205534,79.45291138,35.73278046,24.8576889,0,2.800610666,12528.66961,Perennial Herbaceous,46.91166399,14.81476283
Tracheophyta,Asterales,Asteraceae,Atractylis,Atractylis arbuscula,10,19.21185017,12.54152282,24.33733959,20.34202755,14.40572028,248.9814366,22.27945366,16.56056741,142.9406818,0,88.89685794,66.3957119,57.40693283,7.304749966,0,2.152860142,7301.377465,Insular Woodiness,49.36586548,1.831965874
Tracheophyta,Asterales,Asteraceae,Atractylis,Atractylis cancellata,35,279.8706055,227.7862106,55.08564327,19.84323951,13.83633818,263.9352782,23.51673437,16.32475725,198.1187891,0,94.4401748,79.76760101,53.11410904,24.16135597,0,2.48369998,7301.377465,Annual Herbaceous,40.27609997,4.498122194
Tracheophyta,Asterales,Asteraceae,Atractylis,Atractylis preauxiana,5,16.27075386,16.66006031,27.5900549,22.13138037,13.57663512,284.6973568,26.44929214,18.325744,133.4182066,0,88.22297357,135.7295685,86.84285736,0.444130242,0,0.98297083,7301.377465,Insular Woodiness,36.39498219,1.190221623
Tracheophyta,Asterales,Asteraceae,Bethencourtia,Bethencourtia palmensis,62,2284.285156,115.1570458,100.7555215,9.059660279,16.70972623,362.1634932,15.39473201,5.312989738,1042.437805,4.925189613,98.0154741,89.99629211,56.78391075,4.505990684,0,11.58311949,574.6001822,Insular Woodiness,42.0028013,4.06830824
Tracheophyta,Asterales,Asteraceae,Calendula,Calendula arvensis,734,501.0146027,493.8495898,49.64960627,19.54389068,16.41619873,296.2216021,23.02454018,15.70620074,339.3061514,2.193485156,89.44247044,227.6007462,68.56842422,128.3927422,0.128947347,1.490795426,12749.49815,Annual Herbaceous,51.95365045,13.61523406
Tracheophyta,Asterales,Asteraceae,Calendula,Calendula tripterocarpa,33,126.2309113,140.5562986,14.37234013,20.663963,7.226539722,248.58782,23.0314094,16.98862487,126.1136742,0,93.30300685,28.50958061,21.89290619,6.134027004,0,4.423554172,12749.49815,Annual Herbaceous,35.38770601,3.179041604
Tracheophyta,Asterales,Asteraceae,Carduus,Carduus baeocephalus,4,325.9142456,127.2627816,128.1449809,20.54439762,11.597862,199.6537226,22.50940075,18.01671624,172.0763306,3.645974841,83.23095691,76.52381134,64.7872715,12.20126414,6.58E-13,2.248663881,8533.381355,Annual Herbaceous,50.72800533,0.923728018
Tracheophyta,Asterales,Asteraceae,Carduus,Carduus bourgaei,3,131.6539917,60.67301152,36.64372239,20.40974274,6.941738054,243.4889485,22.50499059,17.00476235,95.95142506,0,100.1939325,43.49527359,41.22503281,7.391716004,0,2.206019577,8533.381355,Annual Herbaceous,32.01486976,0.262745688
Tracheophyta,Asterales,Asteraceae,Carduus,Carduus clavulatus,148,590.0348511,322.7196884,86.98726595,18.61031099,13.77657752,257.4917444,22.51426518,15.30531149,514.4827771,11.82986402,73.26592931,496.2585297,51.77589035,424.6661224,4.189552069,1.036723293,8533.381355,Annual Herbaceous,67.3055815,7.220067481
Tracheophyta,Asterales,Asteraceae,Carduus,Carduus pycnocephalus,7,735.2175293,528.1899593,69.06071567,17.57383101,15.27680623,311.6938433,21.36534155,14.52970362,643.8326683,10.38121316,79.51853295,439.991272,65.35034943,357.8261414,9.900950432,1.463285091,8533.381355,Perennial Herbaceous,59.96494383,15.79051378
Tracheophyta,Asterales,Asteraceae,Carduus,Carduus tenuiflorus,51,789.8249512,543.2622751,57.66984338,18.44270724,16.75609882,306.1554618,22.13728144,14.40072171,579.0185054,6.435057059,84.78824409,439.991272,55.09110641,375.8390198,1.723973274,1.315977253,8533.381355,Perennial Herbaceous,57.31122467,12.19974581
Tracheophyta,Asterales,Asteraceae,Carduus,Carduus volutarioides,4,181.1614151,72.69830103,82.44815714,20.47165492,13.69731805,199.4629236,22.54166681,18.0524675,357.9409521,7.339484925,76.08757232,374.751297,121.0323486,264.3273087,1.37867564,0.955142664,8533.381355,Annual Herbaceous,61.00287988,7.804723161
Tracheophyta,Asterales,Asteraceae,Carlina,Carlina canariensis,41,830.7426147,441.7082924,88.22881235,19.52931408,19.44476059,393.0086044,24.34049057,14.53812613,370.8315307,0.180393537,96.46402543,192.2983856,77.39962769,133.6137543,0.028012605,1.928417285,10646.58744,Insular Woodiness,39.63143804,4.208624022
Tracheophyta,Asterales,Asteraceae,Carlina,Carlina falcata,35,622.1029663,383.9188356,90.16668655,19.06778092,15.37900098,296.3966678,22.73013487,15.19096007,606.9428829,3.719559287,85.13295053,301.1200867,52.41109085,244.5735474,6.642226696,2.015617389,10646.58744,Perennial Herbaceous,56.89358808,12.16094333
Tracheophyta,Asterales,Asteraceae,Carlina,Carlina salicifolia,733,737.6582642,341.8995591,76.88790138,18.13977074,16.82184529,302.2300776,22.57660606,14.27576806,473.2929753,6.37618323,84.96009068,389.4197998,64.3635025,304.897583,1.259448647,1.215379843,10646.58744,Insular Woodiness,60.40364237,12.2068417
Tracheophyta,Asterales,Asteraceae,Carlina,Carlina texedae,12,1665.610229,147.1270562,75.9295201,14.05869112,19.84360254,407.9558398,20.48496568,9.13843526,574.4652097,1.626257735,96.50063236,219.6836319,91.44621277,138.841568,0.085446469,2.614965916,10646.58744,Perennial Herbaceous,38.64938025,2.228770537
Tracheophyta,Asterales,Asteraceae,Carlina,Carlina xeranthemoides,135,2054.85376,246.2933054,51.3669502,12.20374586,20.12751283,337.1739681,14.79577351,8.746781554,413.2471063,1.756057276,99.44879875,225.5366364,186.9553375,21.0657177,0,1.832283717,10646.58744,Insular Woodiness,28.81322488,10.71243432
Tracheophyta,Asterales,Asteraceae,Carthamus,Carthamus lanatus,17,605.0753784,267.3447051,68.14453205,18.6402002,14.46582206,240.9944982,21.96213893,15.38891043,373.679697,6.724488328,81.11370696,261.1922607,75.64887238,171.7818756,0.170225009,1.430669101,2345.392529,Annual Herbaceous,57.66474001,13.79197355
Tracheophyta,Asterales,Asteraceae,Centaurea,Centaurea calcitrapa,16,133.8371887,118.442566,34.82229068,20.32281355,13.96773364,187.1821153,22.79094326,17.61430737,345.7676339,4.50021134,76.09414164,377.4650116,127.6732864,233.6770096,0.978016958,0.916025653,20699.41338,Perennial Herbaceous,61.17820193,4.272496345
Tracheophyta,Asterales,Asteraceae,Centaurea,Centaurea melitensis,100,393.1667938,404.7062061,61.809554,19.87594011,14.87390618,277.2571056,23.26951137,16.28575952,377.187711,4.273155665,87.28587906,281.9415283,85.70467758,173.6504593,0.380810201,1.337822467,20699.41338,Annual Herbaceous,54.04901522,13.81408843
Tracheophyta,Asterales,Asteraceae,Cheirolophus,Cheirolophus arboreus,7,739.2989502,753.433901,71.9720689,18.36917394,14.84716916,287.515383,21.16160501,15.02666908,671.3533757,6.213278404,88.35697828,328.3438416,52.49810791,257.3035889,5.167535782,2.044665655,4471.562067,Derived Woodiness,60.80521107,18.60095721
Tracheophyta,Asterales,Asteraceae,Cheirolophus,Cheirolophus arbutifolius,11,424.03479,68.00445676,95.12428273,20.30983907,18.65747918,351.9749156,25.50815467,15.73377675,324.627362,2.11455025,82.18265712,477.292511,99.57433319,367.1607361,0.896797955,0.680143423,4471.562067,Derived Woodiness,48.28202714,12.57485671
Tracheophyta,Asterales,Asteraceae,Cheirolophus,Cheirolophus burchardii,41,169.1177368,74.28722763,172.576226,24.90189495,18.4850465,272.7114208,29.3179734,21.3412698,259.6542886,3.244142782,85.17501454,297.2670898,107.6710815,103.5557404,2.06E-13,0.873471358,4471.562067,Derived Woodiness,54.53526678,4.046173737
Tracheophyta,Asterales,Asteraceae,Cheirolophus,Cheirolophus canariensis,17,565.3547363,113.9326611,82.13410541,19.47345829,19.35954995,396.1840159,25.99573025,14.69156514,382.7452602,6.331235979,92.10109778,436.6332397,115.7431107,242.3804932,0.150581971,0.876582966,4471.562067,Derived Woodiness,50.13332564,4.665944414
Tracheophyta,Asterales,Asteraceae,Cheirolophus,Cheirolophus junonianus,13,373.5114746,6.468322101,101.0334507,20.76179804,17.5184959,334.7548497,24.24456158,16.85864824,306.0257904,1.299267893,88.36958197,26.59712791,16.9275589,10.1855154,0,11.5059713,4471.562067,Derived Woodiness,51.59120761,0.071224836
Tracheophyta,Asterales,Asteraceae,Cheirolophus,Cheirolophus metlesicsii,7,908.4165039,142.6216136,86.46071212,17.31724064,21.10940107,350.1315567,23.25115859,13.04720985,360.8215275,4.382206244,85.7472137,520.9458008,104.5860901,411.8682861,2.305914164,0.692627768,4471.562067,Derived Woodiness,55.90833124,2.02644444
Tracheophyta,Asterales,Asteraceae,Cheirolophus,Cheirolophus tagananensis,5,386.2736206,218.1907554,96.67084939,18.6463216,11.00820849,258.9154977,23.71471452,15.28754892,381.4683169,9.389392123,72.91523168,236.8078461,71.680336,201.0540466,0.609519601,1.610877018,4471.562067,Derived Woodiness,53.15485806,23.49685264
Tracheophyta,Asterales,Asteraceae,Cheirolophus,Cheirolophus teydis,139,2141.099121,134.3982691,49.01943911,11.92878016,19.82257808,331.7823358,13.93368439,8.426165532,410.9464662,1.186080408,108.2525142,222.5360413,205.6170807,9.13779068,0,1.846651283,4471.562067,Derived Woodiness,25.42855665,3.649769914
Tracheophyta,Asterales,Asteraceae,Cheirolophus,Cheirolophus webbianus,12,236.8214951,108.5271186,97.55976378,21.54254059,17.65872707,233.583936,25.06577018,18.58947912,389.4496213,11.39384059,76.15846348,436.2123718,120.5454369,292.5824127,1.465461612,0.892798202,4471.562067,Derived Woodiness,67.27636093,1.51534309
Tracheophyta,Asterales,Asteraceae,Cichorium,Cichorium pumilum,5,440.4716492,293.0556079,34.32448997,20.06999265,14.19739015,275.1526886,22.91686373,16.26626589,348.4966599,3.977319199,77.5585783,285.9318542,43.88785172,240.4428864,1.159957051,1.218810198,11152.13639,Perennial Herbaceous,59.95770721,7.075325479
Tracheophyta,Asterales,Asteraceae,Coleostephus,Coleostephus myconis,27,682.7589722,364.3263726,52.9639698,18.41249607,17.90008647,306.8051692,22.95947267,14.09062106,506.3967074,13.63694752,73.52254754,520.7837524,77.25792694,428.2562866,1.99076581,0.972374244,420.6281541,Annual Herbaceous,57.16988109,3.977645935
Tracheophyta,Asterales,Asteraceae,Crepis,Crepis canariensis,4,440.4324951,218.7620007,84.1292193,18.17194917,13.06410498,244.5072974,20.00231865,14.9698303,193.2840392,0,88.6630389,42.26058578,14.98531818,22.69100761,0.167826854,4.573624232,13764.26621,Perennial Herbaceous,50.44593908,1.918027869
Tracheophyta,Asterales,Asteraceae,Crepis,Crepis foetida,4,1291.968903,719.3621079,36.88699068,14.96829107,18.7711407,332.2848159,20.87940948,11.09259942,448.9949477,1.395792212,88.37496026,208.3198013,107.1440125,150.9847412,0.127037331,2.155315744,13764.26621,Annual Herbaceous,43.59507182,6.932845707
Tracheophyta,Asterales,Asteraceae,Cynara,Cynara cardunculus,223,583.5512085,155.6577976,58.48219134,17.93234682,14.82273626,292.903154,21.64086864,14.35138571,320.7652068,0.878647866,88.22391706,127.7026062,36.46253586,74.60761261,0.197677985,2.5118141,7077.983203,Perennial Herbaceous,49.08811358,9.865835942
Tracheophyta,Asterales,Asteraceae,Dittrichia,Dittrichia viscosa,234,729.4457092,442.5684972,50.84886672,18.41917612,17.58995555,316.0062579,22.79753194,14.31432869,415.2942804,2.887668124,87.23601088,304.6962891,62.8434124,222.5358734,0.466641709,1.362977809,6665.180786,Perennial Herbaceous,52.47130482,12.13391882
Tracheophyta,Asterales,Asteraceae,Filago,Filago desertorum,7,126.2309113,178.6556259,17.73013814,20.46289863,7.226539722,248.7345304,22.94154865,16.98027579,114.5773754,0,93.45559548,16.9702034,16.62528229,4.976371288,0,6.751679559,4764.31081,Annual Herbaceous,37.39483662,5.035474271
Tracheophyta,Asterales,Asteraceae,Filago,Filago pygmaea,13,1137.993286,410.5841893,83.53305033,16.76879625,19.559627,390.2251103,22.15394421,11.9501634,442.6528346,1.836820464,90.14322595,258.7095337,87.30729675,179.6861572,0.270878851,1.711003179,4764.31081,Annual Herbaceous,47.54082586,7.611180621
Tracheophyta,Asterales,Asteraceae,Filago,Filago pyramidata,31,319.8242493,317.8824164,35.03294888,19.67882426,7.226539722,248.58782,22.60915821,16.21909612,170.2559641,0,94.68917172,54.64500427,36.73781967,18.03235817,0,3.115672994,4764.31081,Annual Herbaceous,38.93050115,6.236334088
Tracheophyta,Asterales,Asteraceae,Geropogon,Geropogon hybridus,4,771.0289917,236.304125,59.28704551,17.25098288,17.97831909,320.0073591,21.53302885,13.23770796,626.1230222,6.263013314,89.55382536,638.6763,52.01542854,534.1460114,11.74348164,0.980344851,397.6745587,Annual Herbaceous,62.84124771,2.615074249
Tracheophyta,Asterales,Asteraceae,Gonospermum,Gonospermum canariense,67,622.2559814,356.1513502,85.52261595,18.39069867,13.65198606,266.1472916,22.38762041,14.90178999,740.2007165,8.086628943,85.35201586,522.4007568,51.9344635,419.401001,20.94677353,1.416921218,3887.756393,Insular Woodiness,62.07628793,10.35075865
Tracheophyta,Asterales,Asteraceae,Gonospermum,Gonospermum ferulaceum,14,476.8763733,209.0567802,68.94809387,20.21642331,19.91292979,382.1470808,25.82234688,15.57154893,230.8187564,0,100.2008462,130.6382675,64.31892014,56.07997704,0.012944448,1.766854084,3887.756393,Insular Woodiness,35.12246073,1.99493054
Tracheophyta,Asterales,Asteraceae,Gonospermum,Gonospermum fruticosum,204,361.8147125,273.2201207,90.91649978,20.01282831,13.81225877,243.1224749,24.23162624,16.54049822,385.865106,8.624341825,76.126296,431.805481,90.87340927,331.7519073,0.844142973,0.893608634,3887.756393,Insular Woodiness,64.99857333,7.583323766
Tracheophyta,Asterales,Asteraceae,Gonospermum,Gonospermum gomerae,15,539.4331665,157.3854012,115.1472167,18.51139226,14.81421402,239.5163342,22.43865869,15.25428254,415.926913,9.37938689,78.99964583,688.8322144,90.33531952,569.6887207,3.176049709,0.603814549,3887.756393,Insular Woodiness,66.85521908,1.098990451
Tracheophyta,Asterales,Asteraceae,Gonospermum,Gonospermum ptarmiciflorum,5,1046.178223,456.0677223,80.42941858,17.60727967,19.58512075,395.4894378,24.43457452,12.69394396,454.5895789,0.861325041,88.98906402,439.991272,109.0560074,357.8261414,0.453692079,1.033178628,3887.756393,Insular Woodiness,47.41506452,9.437914018
Tracheophyta,Asterales,Asteraceae,Gonospermum,Gonospermum revolutum,27,177.1018677,115.7653018,99.61776688,21.07712319,11.04887022,230.4001338,23.9151062,18.1102677,381.6990375,11.82435281,71.76161838,333.3341675,108.1313553,186.1225128,0.365810424,1.145094247,3887.756393,Insular Woodiness,64.78405773,3.11520061
Tracheophyta,Asterales,Asteraceae,Hedypnois,Hedypnois rhagadioloides,92,602.1803284,440.948012,57.60786088,18.78718932,14.88414979,281.077694,22.77198893,15.14164914,495.306774,4.524714033,88.00339168,308.4241943,59.12457466,193.8437424,1.093151569,1.605927106,7492.243041,Annual Herbaceous,58.7402614,13.22171529
Tracheophyta,Asterales,Asteraceae,Helichrysum,Helichrysum gossypinum,4,389.0168915,161.9737333,39.82824207,18.67820235,13.23540401,247.3045207,20.57285593,15.3567042,179.6890304,0,91.63218697,22.96412945,8.23115778,3.984266281,0.010808397,7.824769965,17127.7145,Derived Woodiness,45.3714409,3.182662785
Tracheophyta,Asterales,Asteraceae,Helichrysum,Helichrysum luteoalbum,151,519.9193115,427.563959,53.4197745,19.67941931,14.39660548,266.5087243,23.2102096,15.92695425,481.0290869,6.438523103,83.65288419,357.4152527,76.52138519,246.9758606,0.998890638,1.34585495,17127.7145,Derived Woodiness,63.49412453,10.4834871
Tracheophyta,Asterales,Asteraceae,Helichrysum,Helichrysum monogynum,7,271.932312,104.2681162,26.15853952,20.37762312,15.58957705,262.5244161,22.89009234,16.25071405,154.3647088,0,92.93856515,19.42071724,8.101336479,10.66223335,0,7.948455604,17127.7145,Derived Woodiness,38.08523325,2.379651164
Tracheophyta,Asterales,Asteraceae,Helichrysum,Helichrysum teydeum,5,3535.325439,29.69471162,88.89308502,2.558639687,6.111058228,245.3130779,5.246563771,0.08990991,418.0398481,2.255147207,91.65939072,13.33406734,13.33406734,0,0,31.3512627,17127.7145,Derived Woodiness,32.50213434,0
Tracheophyta,Asterales,Asteraceae,Helminthotheca,Helminthotheca echioides,81,563.6199951,299.2799218,64.60916437,18.71762551,14.26340333,252.9721958,22.81609267,15.38113377,568.1623574,11.71773857,73.04415139,480.6987305,56.603405,403.7133789,3.28797102,1.181951025,3508.609223,Annual Herbaceous,67.53323088,7.097508069
Tracheophyta,Asterales,Asteraceae,Hypochaeris,Hypochaeris glabra,22,775.3564758,573.2041847,51.09688103,17.86375228,14.16242039,281.077694,21.2263154,14.33741091,726.3473065,6.848797695,89.51757836,473.6921234,55.91976929,400.896759,21.99543667,1.533374254,3645.411791,Annual Herbaceous,65.32888395,12.43710069
Tracheophyta,Asterales,Asteraceae,Ifloga,Ifloga obovata,3,19.82115936,14.05901195,4.601552893,21.04847838,7.227636528,249.8007556,23.19561599,17.55021675,118.3809216,0,93.65365494,24.80176544,23.32724571,1.472069263,0,4.773084475,7066.062542,Annual Herbaceous,32.11636698,1.343768136
Tracheophyta,Asterales,Asteraceae,Ifloga,Ifloga spicata,30,79.13270569,71.50543677,13.93573477,20.76097988,14.41782664,256.9284585,23.24167072,17.29870607,139.8933099,0,93.98506156,32.13576698,26.35975647,4.239042878,0,4.353196547,7066.062542,Annual Herbaceous,35.29272025,3.656381747
Tracheophyta,Asterales,Asteraceae,Kleinia,Kleinia neriifolia,3300,270.4243164,312.2639407,53.558078,20.43520448,14.94395043,269.8586571,24.03796071,16.89267431,262.4895813,0.802487098,91.04004076,182.2158813,73.12412643,70.59172058,5.14E-13,1.440541732,10168.02388,Derived Woodiness,48.70949958,13.40164977
Tracheophyta,Asterales,Asteraceae,Lactuca,Lactuca palmensis,13,2266.795654,141.0869814,86.00989727,9.221805196,15.86471348,357.5088697,16.29707184,5.431163666,1023.953695,4.328118773,98.0154741,97.97886658,50.85464096,35.73262024,0.176833063,10.45076077,7097.91956,Perennial Herbaceous,42.0028013,3.87268612
Tracheophyta,Asterales,Asteraceae,Lactuca,Lactuca serriola,80,270.8204193,356.8867867,34.82583739,20.22249061,14.89168109,252.9774964,23.49798769,17.1466812,363.0377984,3.854861551,88.19133682,253.2312317,71.55111313,117.3768272,0.236060522,1.433621738,7097.91956,Annual Herbaceous,53.9535664,17.65773075
Tracheophyta,Asterales,Asteraceae,Lactuca,Lactuca viminea,6,1811.856812,621.7914363,79.28155885,11.50162268,12.92395403,305.4907057,15.92740745,7.842521031,988.3007738,4.80734251,91.00784661,125.7851295,50.07905579,86.20977402,7.563068986,7.857055738,7097.91956,Perennial Herbaceous,46.40072946,10.70961871
Tracheophyta,Asterales,Asteraceae,Launaea,Launaea arborescens,2135,59.86399841,80.2585662,17.950498,21.13535702,14.27893111,249.8016482,23.5205649,17.67696499,142.4218773,0,94.5078759,56.99869919,42.26555252,4.359824181,0,2.498686449,12093.60377,Derived Woodiness,38.43926,6.057746
Tracheophyta,Asterales,Asteraceae,Launaea,Launaea nudicaulis,134,34.25538063,46.77172667,13.15147364,21.11381314,11.74026997,248.7345304,23.27396586,17.59253539,126.0613159,0,95.25321792,40.57961655,31.88831139,2.115522146,0,3.106518163,12093.60377,Perennial Herbaceous,36.54668,3.77717
Tracheophyta,Asterales,Asteraceae,Leuzea,Leuzea cynaroides,7,2110.149414,70.17664131,60.893521,11.10222751,18.18773144,333.6938821,16.27905789,7.474351386,498.8142843,2.598900615,84.94338576,203.0111694,169.7664032,22.43154526,0,2.45707803,82.23120804,Perennial Herbaceous,38.14148,8.958398
Tracheophyta,Asterales,Asteraceae,Logfia,Logfia gallica,25,889.3909912,416.6417288,49.98661338,17.74915105,18.15310327,350.8514192,22.85587592,12.98976201,466.2801277,2.342308938,89.60163176,326.6594543,74.96483612,227.5538177,0.390350729,1.427419661,3220.895919,Annual Herbaceous,55.57769,10.420314
Tracheophyta,Asterales,Asteraceae,Matricaria,Matricaria chamomilla,6,664.6593628,635.3451141,56.003516,18.45286483,18.76666452,339.3898627,22.72791944,14.19741387,373.6044586,1.167373554,91.09376587,308.5603104,56.77665901,170.6303558,0.225194484,1.210798817,3216.825418,Annual Herbaceous,49.34421665,8.678633454
Tracheophyta,Asterales,Asteraceae,Notobasis,Notobasis syriaca,3,751.397522,500.5573051,28.35837002,18.17297318,19.37667794,346.4992755,23.13636021,14.30505496,417.502555,4.796094533,79.37120983,296.2531738,68.06671143,228.1864471,0.16614145,1.409276227,10.68174172,Annual Herbaceous,46.00636512,2.308817283
Tracheophyta,Asterales,Asteraceae,Onopordum,Onopordum carduelium,3,1499.857544,62.9334019,44.09458332,14.38143137,18.43569647,393.5450136,20.23862817,9.56120793,670.0761199,0.546014399,90.02345794,259.2577515,84.94875336,198.5241852,0.584805906,2.584594351,3.608276553,Perennial Herbaceous,47.41506452,0.730779888
Tracheophyta,Asterales,Asteraceae,Pallenis,Pallenis hierochuntica,9,290.6681213,105.1808961,33.87422748,19.20651653,6.677555343,243.7679839,21.34616444,15.78647847,161.755426,0,98.24790845,42.08291626,20.74113846,4.999662876,0,3.843731385,6903.631172,Annual Herbaceous,35.57865,3.479449
Tracheophyta,Asterales,Asteraceae,Pallenis,Pallenis maritima,4,119.4818835,167.2621041,12.85532324,21.53055941,14.46037461,267.3938091,24.69438279,17.59202892,160.9526778,0,90.37655701,346.0787201,179.2592201,35.84504318,0.320850372,0.465075338,6903.631172,Derived Woodiness,44.69564396,10.53479894
Tracheophyta,Asterales,Asteraceae,Pallenis,Pallenis spinosa,254,569.0642395,338.2426706,64.47993901,19.21753017,16.94218458,308.0583262,23.55756096,15.337498,343.6381236,3.242604784,87.50623706,243.9133453,68.50120544,159.4931412,0.270418271,1.408853309,6903.631172,Annual Herbaceous,54.80134,12.597917
Tracheophyta,Asterales,Asteraceae,Pericallis,Pericallis appendiculata,219,807.8238525,163.3286961,93.35287681,16.88433249,12.03551991,262.8904769,21.12851077,13.65403039,617.3578688,17.8482737,72.13415628,649.1989746,31.57600212,612.3778076,16.66838264,0.950953241,5269.257976,Insular Woodiness,71.45151,5.021433
Tracheophyta,Asterales,Asteraceae,Pericallis,Pericallis cruenta,97,1070.901245,190.6740876,54.61372543,17.19872556,19.17804724,319.8751024,22.58206027,13.34816557,658.1272421,11.02706774,73.10575052,634.9050293,60.04953003,567.1497192,10.33514595,1.036575884,5269.257976,Perennial Herbaceous,66.93102833,7.8927435
Tracheophyta,Asterales,Asteraceae,Pericallis,Pericallis echinata,201,724.982605,360.9683976,80.20067376,19.82735067,17.02193509,302.9786659,24.36606653,15.57413117,408.1445053,5.932403564,86.57845112,497.4129639,80.45640564,359.4358826,0.741613626,0.820534515,5269.257976,Perennial Herbaceous,65.83542183,5.891325302
Tracheophyta,Asterales,Asteraceae,Pericallis,Pericallis hansenii,6,862.2731934,318.2789467,65.81153851,17.11664475,18.31637119,310.3958619,22.00086981,13.13635533,608.7106483,10.15508495,86.70719295,889.3955688,53.44647408,804.7143555,21.26753521,0.684409356,5269.257976,Perennial Herbaceous,64.32290495,4.820556364
Tracheophyta,Asterales,Asteraceae,Pericallis,Pericallis lanata,136,673.1723328,288.7848304,80.16444303,19.06218104,19.85690045,360.1368966,24.92430301,14.52305432,316.0251848,3.468689396,92.09589482,382.4401703,108.6495323,265.6275787,0.775483817,0.826338887,5269.257976,Perennial Herbaceous,52.8363222,5.430029952
Tracheophyta,Asterales,Asteraceae,Pericallis,Pericallis multiflora,5,1099.879761,74.28292932,57.80377166,17.10679864,19.25569076,305.5429253,22.72234606,13.80864633,619.9144553,15.53697727,67.30091969,858.1153564,49.49742889,797.4621582,13.99866676,0.722413893,5269.257976,Perennial Herbaceous,72.87309443,2.042269832
Tracheophyta,Asterales,Asteraceae,Pericallis,Pericallis murrayi,76,866.04245,357.6462117,53.82199734,17.64406521,15.10558438,305.17789,20.36443587,13.63250919,504.1775384,2.285742334,89.85027041,275.5998688,25.32305336,236.2331009,2.364485979,1.82938236,5269.257976,Perennial Herbaceous,65.27443947,3.347290061
Tracheophyta,Asterales,Asteraceae,Pericallis,Pericallis papyracea,309,610.6482544,302.0407485,79.97141167,18.59150194,13.49215452,262.7385053,22.45531477,15.30561572,742.5959173,10.06195136,81.00497318,572.7922363,42.75838852,469.6519775,27.21553802,1.296448992,5269.257976,Perennial Herbaceous,65.52247084,9.766614716
Tracheophyta,Asterales,Asteraceae,Pericallis,Pericallis steetzii,161,990.6124878,371.5870314,81.57089151,16.33535862,18.61744991,335.2857035,21.28801746,12.35799239,636.6991837,8.397411044,88.51041755,605.1538086,58.43636703,498.287323,7.265285492,1.052127863,5269.257976,Perennial Herbaceous,60.25727246,6.058109994
Tracheophyta,Asterales,Asteraceae,Pericallis,Pericallis tussilaginis,251,591.2427368,212.6245579,93.26606584,18.4148572,11.4074298,241.660249,21.94300226,15.23674404,501.3011283,14.98897375,71.49852118,451.6886292,44.05584335,385.6800842,3.7114923,1.109837831,5269.257976,Perennial Herbaceous,69.09779021,5.760042189
Tracheophyta,Asterales,Asteraceae,Pericallis,Pericallis webbii,216,549.4589539,299.6349848,71.07650492,19.55917092,17.71728498,316.5759762,23.83384607,15.22144226,391.65094,2.496408725,79.80276011,389.7890015,77.4762764,308.5251923,0.860460401,1.004776786,5269.257976,Perennial Herbaceous,53.34244688,8.394803312
Tracheophyta,Asterales,Asteraceae,Phagnalon,Phagnalon purpurascens,39,423.3334961,294.2109256,65.72076056,20.68584006,17.8020245,318.0900187,25.15578095,16.60737554,237.5082529,0.211954176,94.30043946,142.9794769,69.19412994,55.98147202,1.54E-14,1.661135276,10205.24149,Perennial Herbaceous,39.04136368,6.889241146
Tracheophyta,Asterales,Asteraceae,Phagnalon,Phagnalon rupestre,21,295.4515686,210.0701406,24.20707765,19.67882426,13.11306033,246.5152665,22.34449902,16.13230376,174.4873492,0,92.84444114,33.81008911,19.53706741,11.53683186,0,5.160807138,10205.24149,Perennial Herbaceous,42.16080079,8.693990287
Tracheophyta,Asterales,Asteraceae,Phagnalon,Phagnalon saxatile,289,668.5217285,393.4911253,71.78348632,18.71203103,16.9106218,305.0681119,22.76551535,14.70283584,448.4260021,4.168892936,87.92249952,333.4982605,70.28287506,248.3226013,0.666666687,1.344612717,10205.24149,Perennial Herbaceous,57.30011212,12.06375607
Tracheophyta,Asterales,Asteraceae,Phagnalon,Phagnalon umbelliforme,53,452.0726929,309.0910391,58.61995087,19.70175576,16.49037233,309.8356004,23.73026129,15.77409204,366.3920979,2.519302699,86.45522048,117.0277863,27.31845665,83.04830933,0.295425296,3.130812857,10205.24149,Perennial Herbaceous,53.20333292,5.35661025
Tracheophyta,Asterales,Asteraceae,Pulicaria,Pulicaria burchardii,7,53.74802399,19.75334427,19.72041753,20.89505024,7.204831239,244.6034246,23.01815314,17.43654196,107.715184,0,100.3949384,46.94715881,46.94715881,0,0,2.294391965,1592.727172,Derived Woodiness,29.96983686,0.019468339
Tracheophyta,Asterales,Asteraceae,Pulicaria,Pulicaria canariensis,112,14.74539661,13.7419374,18.09239908,22.2063214,16.53667527,279.7480625,24.98972908,17.87511557,105.7868624,0,94.28173623,46.74731636,34.91241837,0.234341443,0,2.262950489,1592.727172,Derived Woodiness,38.91068182,3.875363905
Tracheophyta,Asterales,Asteraceae,Reichardia,Reichardia crystallina,31,20.06904984,25.6342211,23.6374447,23.19605547,19.72134289,342.7742634,28.90851535,18.72003899,158.5637887,1.90744163,89.31928357,160.4792023,132.2057648,13.66455364,0,0.988064412,11446.0873,Perennial Herbaceous,42.52649076,3.869133299
Tracheophyta,Asterales,Asteraceae,Reichardia,Reichardia famarae,43,364.8636169,294.9446923,88.94674424,18.32583854,11.72295001,241.3733293,19.96180388,15.5466353,180.7209661,0,90.73805561,33.81008911,27.09751129,3.654352665,0,5.34517864,11446.0873,Perennial Herbaceous,49.94312846,1.395541998
Tracheophyta,Asterales,Asteraceae,Reichardia,Reichardia ligulata,357,108.2885132,147.5537623,72.91576535,21.32981092,14.10151744,250.6003769,24.57773078,18.28121042,324.3728896,3.814083322,85.22154758,319.3136902,115.0340347,60.67556,5.48E-13,1.015843979,11446.0873,Perennial Herbaceous,56.33261676,10.46167816
Tracheophyta,Asterales,Asteraceae,Reichardia,Reichardia tingitana,394,107.1499023,149.8364078,15.25624014,20.8013769,13.89949358,250.4145234,23.20860609,17.1897058,142.5457876,0,93.84345813,38.69889641,25.36293697,5.269912958,0,3.683458724,11446.0873,Annual Herbaceous,38.3775869,6.135026849
Tracheophyta,Asterales,Asteraceae,Schizogyne,Schizogyne glaberrima,138,9.522177696,7.357615083,10.46276319,21.96664844,12.08070169,238.5640576,24.33904855,18.65976759,93.9560947,0,122.7094122,75.39031219,52.38449287,6.986283541,0,1.246262178,16527.18468,Perennial Herbaceous,34.48056923,0.992130719
Tracheophyta,Asterales,Asteraceae,Schizogyne,Schizogyne sericea,1061,21.60790825,24.75968978,24.20700551,22.11661747,14.98912068,265.6153579,24.94767514,18.67227961,174.2571063,0.634469396,90.76761716,195.8521423,122.1579971,15.91860771,0,0.889738066,16527.18468,Perennial Herbaceous,43.74769839,6.363838636
Tracheophyta,Asterales,Asteraceae,Scolymus,Scolymus hispanicus,53,809.3146973,192.5845277,53.8715016,17.26697192,16.45194437,312.9254058,21.66714853,13.31745169,477.3230323,3.377063972,89.40771156,262.6658325,43.77591324,201.5389099,1.572775245,1.817225437,5917.915041,Perennial Herbaceous,56.99560255,6.570819315
Tracheophyta,Asterales,Asteraceae,Scolymus,Scolymus maculatus,27,470.8320007,221.5798818,40.35616303,19.44286774,14.54934905,269.3037489,23.46085574,15.13089291,340.7276233,2.041456953,87.64842917,234.483078,57.60790253,168.3819122,0.208488062,1.45310112,5917.915041,Annual Herbaceous,52.02535919,10.10713512
Tracheophyta,Asterales,Asteraceae,Senecio,Senecio bollei,5,219.933136,314.2837983,61.09113972,20.23185706,7.053002303,242.7331896,22.34624192,16.78110551,120.1713721,0,101.4379937,21.88448143,12.42864895,2.803787232,0,5.491168362,12679.90082,Annual Herbaceous,46.3474839,20.48854108
Tracheophyta,Asterales,Asteraceae,Senecio,Senecio flavus,28,111.4086838,111.5067038,42.05741918,20.98672397,7.451793396,243.986514,23.25433296,17.4400983,130.8141687,0,92.39363871,60.40080452,44.93851089,5.076925993,0,2.165768648,12679.90082,Annual Herbaceous,34.79636552,3.575010588
Tracheophyta,Asterales,Asteraceae,Senecio,Senecio glaucus,27,44.47772217,48.95616671,15.77082175,22.48367657,15.49538603,270.515177,25.34415339,18.88947993,142.9885133,0.289133258,91.19035352,100.6926117,73.85910797,12.99439049,0,1.420049703,12679.90082,Annual Herbaceous,39.05510711,2.316387106
Tracheophyta,Asterales,Asteraceae,Senecio,Senecio incrassatus,7,56.23826981,68.39482808,59.05677864,23.65820828,17.9348165,332.3331304,29.31741183,19.57941101,228.5427031,0.000851885,94.72353408,86.62675476,58.69076538,0.216682851,0,2.63824616,12679.90082,Annual Herbaceous,41.02268304,4.414052277
Tracheophyta,Asterales,Asteraceae,Senecio,Senecio leucanthemifolius,103,15.06427479,18.20490909,14.93472292,20.79631351,12.24391512,222.9946956,22.47472937,17.59488485,145.4291761,0,92.61063319,69.22052002,58.35724258,7.830456257,0,2.100954688,12679.90082,Annual Herbaceous,48.18950701,5.580719058
Tracheophyta,Asterales,Asteraceae,Senecio,Senecio massaicus,47,22.47539139,27.59826356,7.491859971,21.06326838,7.239670338,248.739562,23.20871422,17.58978895,107.9991694,0,94.53755494,39.60053253,30.96101761,2.055416584,0,2.727215078,12679.90082,Annual Herbaceous,36.08518796,2.824819127
Tracheophyta,Asterales,Asteraceae,Senecio,Senecio teneriffae,29,922.3709717,277.0268505,53.90857064,17.12920131,17.00682318,345.8758635,22.0283119,12.67778638,538.3760284,4.939446908,88.46934382,292.0808105,59.61811829,244.5851746,1.46966207,1.843243407,12679.90082,Annual Herbaceous,56.61576432,6.398289568
Tracheophyta,Asterales,Asteraceae,Senecio,Senecio vulgaris,68,408.5384064,449.8770992,36.29085769,19.76160276,16.10066618,275.9451113,23.03451338,16.42398522,487.5621762,4.409314514,86.92176435,271.6548691,79.03675461,185.6701279,0.541703433,1.794785339,12679.90082,Annual Herbaceous,57.25216743,11.97453992
Tracheophyta,Asterales,Asteraceae,Silybum,Silybum marianum,209,589.8220825,468.8548305,43.76486225,18.6145947,15.99218743,295.1894409,22.39290934,14.75233402,497.3896643,4.598435786,84.74564218,317.9135437,51.02323151,257.9190979,0.914722979,1.564543802,9531.20594,Perennial Herbaceous,57.15509889,11.28719602
Tracheophyta,Asterales,Asteraceae,Sonchus,Sonchus acaulis,851,819.2755737,385.5676671,74.57542975,17.92978319,17.4487243,317.7331508,22.62967454,13.91453077,505.4855883,6.622996839,81.18453495,435.3754578,69.65522003,349.9096069,1.665554404,1.161033722,11526.62615,Perennial Herbaceous,60.753021,12.32196764
Tracheophyta,Asterales,Asteraceae,Sonchus,Sonchus arboreus,32,443.0452728,303.6534968,63.74922681,19.66433246,18.61195355,307.7714094,23.71150014,15.73445515,519.5837617,2.764242416,83.58579871,310.4598999,70.28488159,266.0300751,1.052641064,1.673593794,11526.62615,Insular Woodiness,50.93969771,15.75602535
Tracheophyta,Asterales,Asteraceae,Sonchus,Sonchus asper,71,419.5001831,468.7703574,51.81063325,19.30019637,14.050189,263.9769392,22.92541578,16.03391,567.5303509,7.394124859,85.35201586,447.3297424,57.76193619,366.6502991,8.264295578,1.268706945,11526.62615,Annual Herbaceous,65.71605773,9.203671023
Tracheophyta,Asterales,Asteraceae,Sonchus,Sonchus bornmuelleri,6,68.22302818,38.67646162,116.8957145,20.51797657,11.8593774,227.413505,23.96114601,17.76943275,502.2009203,16.6237788,71.47583547,406.1305542,217.9951782,193.9702911,4.376045346,1.236550452,11526.62615,Perennial Herbaceous,63.985657,2.873919149
Tracheophyta,Asterales,Asteraceae,Sonchus,Sonchus bourgeaui,26,219.2566223,267.6445914,14.23249813,19.64398026,7.257530407,243.9652954,21.79187202,16.43357437,138.0012185,0,94.67202737,41.33265305,20.04973221,9.63326931,0,3.338794108,11526.62615,Annual Herbaceous,39.51309615,6.364626186
Tracheophyta,Asterales,Asteraceae,Sonchus,Sonchus brachylobus,11,266.1789856,101.4505518,99.14411604,20.84192431,14.45598896,252.9898543,23.75658807,16.58012267,226.3168304,7.06683718,73.3590852,289.7554016,104.6117172,95.66185761,0.074769646,0.781061644,11526.62615,Insular Woodiness,45.00633078,15.29969239
Tracheophyta,Asterales,Asteraceae,Sonchus,Sonchus canariensis,277,979.4674072,223.4353488,48.78737699,17.83001156,19.44787194,358.2294247,23.15831187,13.25574216,485.9689075,4.810565352,89.04377609,408.744751,93.89152527,306.1200867,0.593246877,1.188930026,11526.62615,Insular Woodiness,56.72386128,8.415933207
Tracheophyta,Asterales,Asteraceae,Sonchus,Sonchus capillaris,38,481.2754211,314.4598084,40.29917465,20.70598693,18.83177493,350.485669,24.63748509,16.10733816,247.6176867,1.343699911,92.14081204,205.2459946,102.6052551,98.79716873,8.31E-14,1.206443454,11526.62615,Insular Woodiness,52.74414304,4.570943484
Tracheophyta,Asterales,Asteraceae,Sonchus,Sonchus congestus,282,679.4584656,226.5513064,88.8336567,18.34329713,11.89581538,239.6200288,22.00361111,15.09292499,466.2061464,13.02822493,71.7204153,519.7396851,47.57008743,448.6436462,7.705166578,0.896999325,11526.62615,Insular Woodiness,71.45151304,5.556582347
Tracheophyta,Asterales,Asteraceae,Sonchus,Sonchus fauces-orci,15,637.4880371,140.6158867,146.0548934,19.1491894,18.66865224,389.2575358,24.55307529,14.19973163,355.9936126,6.582459798,94.975257,446.4279785,111.1436615,263.1192627,0.171371847,0.797426751,11526.62615,Insular Woodiness,56.77948591,3.202202908
Tracheophyta,Asterales,Asteraceae,Sonchus,Sonchus gomeraensis,6,933.3890686,152.5254159,114.1455323,16.16184217,17.68364854,308.6189855,20.90437024,12.14411517,661.997734,10.07242174,86.3091254,715.6113281,57.45700836,643.2783203,15.44472408,0.925080009,11526.62615,Insular Woodiness,67.7315159,1.730737635
Tracheophyta,Asterales,Asteraceae,Sonchus,Sonchus gummifer,21,713.1456299,307.9599729,119.0652502,18.64538742,20.7438266,352.1488694,24.87180113,14.41374673,280.4177388,3.552472179,90.3168665,516.7063599,111.8600769,365.6984253,3.372248888,0.542702317,11526.62615,Perennial Herbaceous,55.8126423,6.145862411
Tracheophyta,Asterales,Asteraceae,Sonchus,Sonchus hierrensis,363,869.4614258,476.4781762,63.69048126,17.14729134,16.8899303,316.3522327,21.49363197,13.01697246,632.8719481,6.070984699,88.18636675,453.0393982,49.98578644,387.7947083,7.221954346,1.396946823,11526.62615,Insular Woodiness,59.98205077,7.701054506
Tracheophyta,Asterales,Asteraceae,Sonchus,Sonchus leptocephalus,306,474.0307617,269.2586744,73.22000186,19.76802303,16.7884884,288.8208907,24.05404828,15.88438496,361.6294628,4.043121094,80.68075514,327.4261169,81.07446671,253.4626312,0.533206493,1.104461263,11526.62615,Insular Woodiness,56.18069202,12.43783103
Tracheophyta,Asterales,Asteraceae,Sonchus,Sonchus microcarpus,5,308.7632751,302.1866422,47.06741101,20.45211989,17.56275805,324.490048,24.01521871,16.36424473,241.5585906,1.011592795,94.79396724,176.2445526,70.29823303,105.6642761,0,1.370587556,11526.62615,Insular Woodiness,42.20338096,7.233416724
Tracheophyta,Asterales,Asteraceae,Sonchus,Sonchus oleraceus,234,253.8036957,340.1485381,32.54509455,20.27104184,13.32420432,248.7084289,23.20860609,17.03257747,398.7316121,3.924068247,87.36490232,297.5402832,57.30207443,107.0952339,0.324111775,1.34009287,11526.62615,Annual Herbaceous,54.79265556,17.5738979
Tracheophyta,Asterales,Asteraceae,Sonchus,Sonchus ortunoi,13,979.9375,326.8731221,100.6741981,15.74961877,18.1497428,306.5439481,21.1234955,11.73397987,647.207626,7.004055676,86.83133956,685.4678955,56.50640488,501.6638184,7.161679268,0.944183718,11526.62615,Insular Woodiness,59.98205077,6.87186159
Tracheophyta,Asterales,Asteraceae,Sonchus,Sonchus palmensis,191,514.6465454,222.8119582,79.64909273,19.2155259,12.89080272,247.3778413,22.45531477,16.08745515,742.6619097,12.56768322,80.06808066,626.8788452,50.85464096,539.9697876,32.15287018,1.184697674,11526.62615,Insular Woodiness,69.43873744,6.093268777
Tracheophyta,Asterales,Asteraceae,Sonchus,Sonchus pendulus,24,414.5987549,290.1699493,125.0517431,20.88215573,19.68469461,365.1673063,26.35952197,16.84661094,226.3470841,0.032739739,94.456382,181.3810196,84.74096298,60.82370377,0,1.247909426,11526.62615,Insular Woodiness,39.49093393,2.953140452
Tracheophyta,Asterales,Asteraceae,Sonchus,Sonchus pinnatifidus,117,406.3555908,179.253344,58.75977458,18.52069784,13.19000532,242.213617,20.23494563,15.29895126,189.1231001,0,88.9655076,38.52122116,15.19561386,21.2296524,0.034079131,4.909582159,11526.62615,Insular Woodiness,49.36956277,2.567262262
Tracheophyta,Asterales,Asteraceae,Sonchus,Sonchus platylepis,24,1219.954956,687.8702053,83.89221305,16.86161396,19.70189626,391.9633008,23.00808334,12.07985062,487.1483548,1.255245515,93.44922084,259.4393921,89.41804504,145.5942535,0.124830712,1.877696178,11526.62615,Perennial Herbaceous,41.33457561,5.612882792
Tracheophyta,Asterales,Asteraceae,Sonchus,Sonchus radicatus,77,196.9860077,170.8193598,104.0488146,21.29368624,11.30286009,233.2282199,24.35693341,18.29765982,388.2486479,11.85218542,72.24071824,407.545929,99.7374649,304.2463074,0.345263302,0.952650046,11526.62615,Perennial Herbaceous,66.11570607,6.537887029
Tracheophyta,Asterales,Asteraceae,Sonchus,Sonchus regis-jubae,6,525.2645874,188.8743176,75.24844737,18.95618041,14.53897097,240.7715569,22.40190357,15.63302971,393.1832617,10.45285303,79.38064579,407.2792053,102.6471214,340.401947,1.041138455,0.965389975,11526.62615,Insular Woodiness,67.76214686,3.209103792
Tracheophyta,Asterales,Asteraceae,Sonchus,Sonchus tectifolius,15,415.1834106,260.8553213,90.97295768,19.13528964,10.91194536,260.2793292,22.35828944,15.96582906,456.8388559,11.43755141,73.91249732,350.613678,54.36471558,291.1452332,1.847058177,1.302969292,11526.62615,Perennial Herbaceous,64.64368118,8.457249638
Tracheophyta,Asterales,Asteraceae,Sonchus,Sonchus tenerrimus,159,112.2462769,159.1174587,20.01165683,21.01537358,13.79857854,248.8534888,23.50125327,17.54201101,214.8201458,0.507431717,88.12736933,131.704834,58.03445816,18.53157997,0,1.631072599,11526.62615,Annual Herbaceous,47.11170219,15.48877727
Tracheophyta,Asterales,Asteraceae,Sonchus,Sonchus tuberifer,4,862.3191528,95.45563189,136.0838892,17.7979334,19.77663967,399.9682822,24.08480304,12.48149697,487.6395461,6.289072636,91.77960622,214.325058,79.34635544,116.8960304,0.0266,2.275233473,11526.62615,Perennial Herbaceous,50.5484386,2.740224278
Tracheophyta,Asterales,Asteraceae,Sonchus,Sonchus wildpretii,13,494.7979736,384.7591325,86.57692757,19.18016111,18.41390493,313.4327741,23.35875041,15.96683851,319.5504814,1.487493943,90.58765179,299.8390503,61.45959854,154.163681,0.030781366,1.06574004,11526.62615,Insular Woodiness,47.84169739,8.148581588
Tracheophyta,Asterales,Asteraceae,Tolpis,Tolpis barbata,22,693.357666,259.273453,84.9449865,18.73637928,18.05339907,340.0380971,22.83480297,14.168802,491.7902946,6.247361988,88.45930287,393.347229,67.74936295,294.9927673,1.086405039,1.250270139,5526.096384,Annual Herbaceous,53.94595172,9.1357137
Tracheophyta,Asterales,Asteraceae,Tolpis,Tolpis calderae,4,2313.795898,81.15352793,121.1194016,8.216714631,16.50681008,371.4497855,15.20733667,4.397945479,1100.110289,5.147153854,97.98994037,49.07407761,42.43389893,7.076531626,0,22.41734012,5526.096384,Perennial Herbaceous,44.00217324,2.961931738
Tracheophyta,Asterales,Asteraceae,Tolpis,Tolpis coronopifolia,8,517.9847412,434.2709504,53.41062621,18.9644099,19.33549297,338.7269011,23.33929803,14.76195045,329.9763572,3.829746225,90.79180384,283.2636871,87.02947998,200.3769608,0.633561701,1.164908784,5526.096384,Annual Herbaceous,54.82885089,5.365159746
Tracheophyta,Asterales,Asteraceae,Tolpis,Tolpis crassiuscula,3,159.7176056,139.6091774,142.6669013,24.28114428,18.63258642,285.4686498,28.96234207,20.56766779,253.9128192,3.133683037,86.48992299,875.8344727,752.765686,72.1784668,0,0.289909597,5526.096384,Perennial Herbaceous,53.76284901,0.148610482
Tracheophyta,Asterales,Asteraceae,Tolpis,Tolpis laciniata,80,620.6725769,327.1327174,65.01568801,19.0026664,16.00186274,306.6784603,22.77902455,15.12471264,545.2030016,4.302534911,85.61119136,273.3764648,39.79184151,217.9351044,1.974924505,1.994330426,5526.096384,Perennial Herbaceous,58.08861191,8.600947892
Tracheophyta,Asterales,Asteraceae,Tolpis,Tolpis lagopoda,37,1366.760986,476.6966208,97.19826955,14.18026173,18.86497009,357.5088697,20.0478561,10.35246675,654.4460999,7.459178481,84.48959801,424.0974426,66.25778198,365.6278381,7.581121922,1.54315031,5526.096384,Perennial Herbaceous,54.57993376,9.516022475
Tracheophyta,Asterales,Asteraceae,Tolpis,Tolpis proustii,16,1130.868591,307.5934402,81.63066295,16.20924001,19.41544739,394.8319976,22.57599213,11.53249557,532.5340437,3.964735,92.55746256,315.4007034,52.82286263,279.111824,3.92268014,1.688436449,5526.096384,Perennial Herbaceous,55.10405057,6.853160485
Tracheophyta,Asterales,Asteraceae,Tolpis,Tolpis santosii,3,29.70319748,5.412589462,156.2505236,21.35232814,11.54605143,227.0178812,24.51404201,18.54571291,512.5209772,17.92825268,70.60316378,609.8123169,566.9000244,104.0202866,1.676819324,0.840456913,5526.096384,Perennial Herbaceous,64.37055615,0
Tracheophyta,Asterales,Asteraceae,Tolpis,Tolpis umbellata,23,738.6523438,504.532291,49.97438971,18.37317695,15.42354246,294.2844619,22.70657219,14.71517951,552.9024467,5.295129095,87.16867895,439.991272,65.1997757,357.8261414,2.203869581,1.256621397,5526.096384,Annual Herbaceous,64.89071411,8.293868368
Tracheophyta,Asterales,Asteraceae,Tolpis,Tolpis webbii,55,2213.310303,142.4968269,43.12504512,10.97975412,18.73566099,337.7017246,13.93085649,7.261106166,410.9464662,1.805128376,95.18647407,190.4487762,175.1939392,6.185536385,0,2.157779505,5526.096384,Perennial Herbaceous,27.07499659,5.009804507
Tracheophyta,Asterales,Asteraceae,Urospermum,Urospermum picroides,190,323.1133423,338.0699634,50.91842786,20.05493085,14.35529275,261.5468303,23.60692967,16.51490561,328.2610213,2.960249292,88.82747945,242.7454987,70.60144806,124.9699326,0.227362856,1.35228469,10799.03358,Annual Herbaceous,53.06705307,15.05787666
Tracheophyta,Asterales,Asteraceae,Vieraea,Vieraea laevigata,61,178.0991364,75.20012066,190.7363461,24.35049851,18.52908259,281.6567116,29.02696138,20.71803443,261.1105988,3.315129275,86.2464266,378.0632324,105.0862885,134.7650757,0.055410355,0.690653246,150.6086999,Derived Woodiness,52.91846114,6.443249778
Tracheophyta,Asterales,Asteraceae,Volutaria,Volutaria bollei,17,217.2900696,126.9640491,17.17916494,19.5106319,6.913393544,243.2423833,21.63290789,16.10690206,166.1840487,0,92.4806164,41.44785309,21.09501076,8.371037483,0,4.009473021,12870.62668,Perennial Herbaceous,35.31339695,1.980933209
Tracheophyta,Asterales,Asteraceae,Volutaria,Volutaria canariensis,84,85.25737,112.4742221,21.73805144,21.79807316,15.50922191,272.6890966,24.69953426,18.23230364,169.6704195,0.355567148,94.72740691,124.0142822,77.86186218,40.31383514,0,1.368152252,12870.62668,Annual Herbaceous,41.42420315,6.134736133
Tracheophyta,Asterales,Asteraceae,Volutaria,Volutaria lippii,5,429.6167908,375.162252,41.53656029,18.60065656,6.892625667,244.7250572,20.75933931,15.17415988,170.2811441,0,93.95146275,42.29005432,39.99524689,11.75109577,0,4.026505684,12870.62668,Annual Herbaceous,32.42178147,1.498328186
Tracheophyta,Asterales,Asteraceae,Volutaria,Volutaria tubuliflora,88,89.89400101,104.9620471,26.78852942,20.80138087,13.41386291,248.0370088,23.27122906,17.5179672,173.5087834,0.315804393,92.89193753,102.3592262,72.83550263,13.20341444,0,1.695096669,12870.62668,Annual Herbaceous,44.07703995,14.17218484
Tracheophyta,Asterales,Campanulaceae,Campanula,Campanula dichotoma,6,531.5175171,168.0157083,124.0095925,18.29903177,11.43443363,240.3867847,20.52654943,14.60892767,308.7873454,3.357984812,89.69463704,195.8697262,26.83573818,142.094429,0.33783032,1.576493476,8901.728392,Annual Herbaceous,52.59884751,1.456901661
Tracheophyta,Asterales,Campanulaceae,Campanula,Campanula erinus,74,491.8209381,427.3288415,64.3261937,19.2511379,14.24838073,279.2570853,22.99020765,15.57932143,530.0018505,5.391133862,87.45978676,362.9997253,64.65080261,273.4777527,1.806451142,1.460061299,8901.728392,Annual Herbaceous,59.643543,12.07791297
Tracheophyta,Asterales,Campanulaceae,Canarina,Canarina canariensis,1361,648.9274292,204.5954518,93.42838806,18.73859138,14.40381115,259.6024222,22.70364707,15.04647298,475.0104308,12.18620957,73.30582752,544.1484375,55.99451828,481.9676819,4.904521465,0.872942745,6693.353322,Perennial Herbaceous,68.93453049,6.722160239
Tracheophyta,Asterales,Campanulaceae,Legousia,Legousia falcata,7,960.6723022,404.593251,107.4995252,17.3879247,17.92197448,314.9827903,22.42914126,13.38167301,528.7750112,8.856081555,78.64930046,761.6103516,45.41879654,654.9812012,12.72202301,0.694285484,407.0300028,Annual Herbaceous,69.2781056,3.502732296
Tracheophyta,Asterales,Campanulaceae,Wahlenbergia,Wahlenbergia lobelioides,168,334.4641876,341.972981,63.24567062,19.90978943,14.53850604,264.7433134,23.36910432,16.70393012,421.4029627,5.11685341,84.92096252,289.0389252,69.21910858,185.6683884,0.880586892,1.45794537,12384.59327,Annual Herbaceous,58.84791783,10.05706268
Tracheophyta,Boraginales,Boraginaceae,Anchusa,Anchusa azurea,17,1195.658691,310.029179,62.04030572,16.38571583,20.29142649,402.8073527,22.10502166,11.64775793,458.5341245,0.622410118,95.41127209,256.5341492,103.7704544,152.3242645,7.14E-13,1.787419437,1621.084444,Annual Herbaceous,41.08274312,5.246394915
Tracheophyta,Boraginales,Boraginaceae,Cynoglossum,Cynoglossum creticum,49,750.1792603,275.115053,88.85760063,19.00355517,16.44290194,301.8076073,23.24691757,14.85987652,412.478776,5.854833921,86.54653465,497.8092651,77.20305634,417.9049988,2.882061243,0.828587985,3123.571188,Annual Herbaceous,66.89531352,4.771216761
Tracheophyta,Boraginales,Boraginaceae,Echium,Echium acanthocarpum,31,993.0943604,96.89746582,86.62865819,15.51740642,17.94709133,315.853501,20.67983587,11.42862998,686.5486533,10.67130486,86.46810083,775.9874268,62.47919083,660.6378784,18.42630768,0.884741981,9094.254528,Insular Woodiness,66.38465214,3.212352167
Tracheophyta,Boraginales,Boraginaceae,Echium,Echium aculeatum,262,722.3621216,289.7499818,82.01603748,19.20187088,17.13799419,321.5277175,24.14852463,14.9899321,396.5299528,3.933633954,90.9464801,238.332756,71.24716949,161.901001,0.084799021,1.66376607,9094.254528,Insular Woodiness,57.11904596,12.65496667
Tracheophyta,Boraginales,Boraginaceae,Echium,Echium auberianum,43,2411.597656,181.5392301,61.19375407,9.598743587,16.18597842,369.9038735,13.7265364,5.695857744,380.7106134,2.016477672,89.76846261,107.1697006,107.1697006,0,0,3.552409041,9094.254528,Perennial Herbaceous,29.70399067,2.531068443
Tracheophyta,Boraginales,Boraginaceae,Echium,Echium bethencourtii,8,284.3720703,133.6397193,63.23892593,20.10809491,14.54689848,255.3898604,24.26155531,17.20043919,647.9345638,19.65611607,71.63934783,442.2969513,99.38138962,346.8130188,10.78647804,1.46493111,9094.254528,Insular Woodiness,57.49925712,1.968526872
Tracheophyta,Boraginales,Boraginaceae,Echium,Echium bonnetii,215,119.2723236,150.8731006,23.41062762,20.63601937,7.228100221,247.4777593,22.86340905,17.07773598,147.0201501,0,93.89255397,48.34473419,28.81277466,7.908535004,0,3.041078879,9094.254528,Annual Herbaceous,38.39445259,5.260156669
Tracheophyta,Boraginales,Boraginaceae,Echium,Echium brevirame,149,373.5114746,261.3092454,57.57786724,20.16916596,16.66653297,313.8341431,23.8982266,16.75743256,406.2939699,2.136612078,86.32034095,101.4388275,37.75994492,56.16395569,0.113785155,4.005310194,9094.254528,Insular Woodiness,52.56637716,5.462866609
Tracheophyta,Boraginales,Boraginaceae,Echium,Echium callithyrsum,19,745.4393311,493.4846859,80.42941858,18.37819368,18.41897237,352.2857441,23.44016642,13.76444684,499.5876814,2.734260021,81.65270081,480.7765503,79.11318207,377.9295349,1.10243535,1.039126557,9094.254528,Insular Woodiness,49.93411515,6.411426588
Tracheophyta,Boraginales,Boraginaceae,Echium,Echium decaisnei,359,435.5325012,302.6535743,62.44641214,20.07981176,16.97688007,310.7413769,24.37099418,15.97910786,239.3928948,0.098834195,91.27769037,177.0995789,60.94288635,95.54721832,3.43E-12,1.351741751,9094.254528,Insular Woodiness,40.61000623,7.985055287
Tracheophyta,Boraginales,Boraginaceae,Echium,Echium giganteum,77,215.240921,177.4438576,101.5722221,20.22925139,14.00050232,201.7752165,22.86422166,17.71029775,358.0062336,7.904089052,75.71956618,486.9570007,124.4832611,362.309082,1.68514061,0.735190649,9094.254528,Insular Woodiness,68.57396771,3.848488677
Tracheophyta,Boraginales,Boraginaceae,Echium,Echium hierrense,21,676.5701294,253.3016309,75.1719836,18.28590879,17.77728725,333.6811925,22.92285388,14.20577398,422.7865145,1.516238532,92.42205426,190.1352539,41.81499863,153.7323303,0.376358896,2.223609277,9094.254528,Insular Woodiness,57.95270493,8.050179617
Tracheophyta,Boraginales,Boraginaceae,Echium,Echium leucophaeum,106,464.5253296,126.3535534,89.70720883,18.9102675,11.38185095,239.1051702,22.45988668,15.81610812,421.4222042,13.93069695,70.02312015,386.3641663,54.89754868,329.1931763,1.886260271,1.090738327,9094.254528,Insular Woodiness,66.69275766,9.543162633
Tracheophyta,Boraginales,Boraginaceae,Echium,Echium onosmifolium,76,1269.572021,535.4429717,80.92336903,16.87217024,20.46176039,404.1531765,22.92525919,11.9198518,462.0297734,0.873791213,96.94097279,205.0054321,83.3786087,133.0771942,0.006748885,2.253744052,9094.254528,Insular Woodiness,38.39520998,2.472177819
Tracheophyta,Boraginales,Boraginaceae,Echium,Echium perezii,118,2255.46228,157.8898417,94.44419205,9.139040413,15.86471348,358.7522483,15.46325702,5.429740056,1054.863474,5.177565685,97.82276654,83.83535004,54.12418365,22.62869263,0.005762149,12.58256182,9094.254528,Insular Woodiness,42.0028013,4.189250411
Tracheophyta,Boraginales,Boraginaceae,Echium,Echium pininana,4,588.3482666,339.2940144,100.7844343,18.64730304,12.38312527,254.4639291,21.30666582,15.47476731,950.6289361,26.88594433,71.49967681,770.7734985,52.08372688,675.2970276,43.25617409,1.233344086,9094.254528,Insular Woodiness,68.0848302,7.392756542
Tracheophyta,Boraginales,Boraginaceae,Echium,Echium pitardii,83,278.8155518,305.2864245,34.95664944,19.68366985,14.25787098,245.1853562,22.04497346,16.00918513,168.2024822,0,90.8921928,35.34485245,16.76587486,8.963500977,2.01E-14,4.758896148,9094.254528,Annual Herbaceous,45.27599461,8.173286631
Tracheophyta,Boraginales,Boraginaceae,Echium,Echium plantagineum,799,643.2938232,385.4335146,57.69459095,18.49721589,16.61564465,301.4966855,22.79799785,14.69606594,497.4515834,6.059744911,84.34543585,379.344635,62.71609497,300.6428833,1.603271842,1.311344718,9094.254528,Annual Herbaceous,59.82829329,9.654584523
Tracheophyta,Boraginales,Boraginaceae,Echium,Echium simplex,78,438.8554382,285.461717,86.40343169,19.74155149,11.28998666,233.472664,23.21795394,16.19942176,398.932364,12.01304115,70.79524073,423.164444,88.3278656,344.7131195,0.428542376,0.942736021,9094.254528,Insular Woodiness,67.10960738,6.335508843
Tracheophyta,Boraginales,Boraginaceae,Echium,Echium strictum,173,491.8787842,212.1945008,110.4159869,19.43826443,12.34037554,241.6604607,23.12808502,16.07603202,406.8158253,11.43755141,73.30418713,428.7434692,69.5402832,355.6672974,1.583227873,0.948856028,9094.254528,Insular Woodiness,65.72322548,7.390157189
Tracheophyta,Boraginales,Boraginaceae,Echium,Echium thyrsiflorum,18,2275.65332,135.5151056,85.53552719,8.856540106,15.89469682,362.9349045,15.60527255,5.207265624,1030.443683,5.377779481,97.87331882,93.73077774,45.69318962,32.2478199,0.055807084,10.9936534,9094.254528,Insular Woodiness,41.97655249,4.029391757
Tracheophyta,Boraginales,Boraginaceae,Echium,Echium triste,77,96.06846619,102.1456676,30.96019628,22.05961182,16.511969,280.569315,24.9127416,18.50305713,175.4489912,0.123220779,99.12958638,140.6778717,122.1562805,12.89840126,0,1.247168365,9094.254528,Annual Herbaceous,44.15777836,1.977747913
Tracheophyta,Boraginales,Boraginaceae,Echium,Echium virescens,263,968.2663574,444.4013868,59.13278711,17.55013421,20.20948711,332.033573,22.77609913,13.66154908,411.0193791,5.735271999,86.11045838,444.5426025,114.3327713,342.7955933,1.995397329,0.924589402,9094.254528,Insular Woodiness,60.06103969,12.28012245
Tracheophyta,Boraginales,Boraginaceae,Echium,Echium webbii,89,781.9281006,372.2224573,79.16184263,17.33559878,15.29109089,305.1808045,22.02975144,13.25774294,667.961951,3.563919053,86.5499569,494.130188,49.34512329,383.9473572,12.76986218,1.351793449,9094.254528,Insular Woodiness,55.416602,8.169505514
Tracheophyta,Boraginales,Boraginaceae,Echium,Echium wildpretii,629,2168.814697,199.6424421,54.0612448,11.83080145,19.8568298,342.2041174,13.8301581,8.385085891,373.9936409,1.673185253,99.97512839,214.7446747,206.4548798,4.190021038,0,1.741573529,9094.254528,Insular Woodiness,25.31782208,3.173676053
Tracheophyta,Boraginales,Boraginaceae,Mairetis,Mairetis microsperma,32,21.62384701,26.12677907,7.620111586,21.06014719,12.09361185,248.5317329,23.21518535,17.75628221,126.7771483,0,94.45131244,30.84539509,28.66051388,2.160457373,0,4.110083466,1636.872921,Annual Herbaceous,36.34564541,3.775817454
Tracheophyta,Boraginales,Boraginaceae,Myosotis,Myosotis discolor,18,1080.561523,577.2997722,68.30620979,16.63635493,16.36560025,331.6718371,21.62367057,11.73842675,640.9099163,6.335283997,87.56002901,407.7041168,53.44129753,334.3408051,1.593563139,1.571997657,1753.63281,Annual Herbaceous,59.74412144,17.52697229
Tracheophyta,Boraginales,Boraginaceae,Myosotis,Myosotis latifolia,189,1039.884399,224.8515286,75.04107997,17.41235266,17.36450799,307.3473207,22.17700682,13.40799201,648.2033676,10.74720221,77.70274566,818.0343628,52.45230103,722.6751099,15.24660015,0.792391368,1753.63281,Perennial Herbaceous,69.08184284,5.929990448
Tracheophyta,Boraginales,Boraginaceae,Neatostema,Neatostema apulum,11,556.4255371,169.9226646,30.68693825,20.45603534,17.19112718,317.1174334,25.71101698,16.51794924,176.0944452,0,97.35233107,43.36747742,32.3732872,16.12884903,0,4.060518519,29.05797345,Annual Herbaceous,40.3025208,1.270202256
Tracheophyta,Boraginales,Heliotropiaceae,Heliotropium,Heliotropium crispum,17,21.66959763,26.75473768,8.206418669,21.12920113,12.12996068,249.5694192,23.43244399,17.61950278,132.0199283,0,93.79651042,54.64500427,46.85029984,9.95863533,0,2.415956043,11758.46961,Annual Herbaceous,36.13891672,3.144050179
Tracheophyta,Boraginales,Heliotropiaceae,Heliotropium,Heliotropium europaeum,59,39.31766129,50.12906999,13.53740822,21.05154807,14.60995504,260.6339455,23.24407121,17.5528274,130.3535355,0,92.81125832,63.27386093,42.44375229,1.93029964,0,2.060148275,11758.46961,Annual Herbaceous,39.69472388,7.573403699
Tracheophyta,Brassicales,Brassicaceae,Arabidopsis,Arabidopsis thaliana,14,664.3321228,445.6114514,64.12668165,18.92117318,17.97993057,327.360716,22.58989112,14.62749977,475.2186018,3.362537446,89.26186605,348.9738312,59.18902206,291.3476715,5.064123988,1.361759993,5700.661291,Annual Herbaceous,59.74412144,10.88318088
Tracheophyta,Brassicales,Brassicaceae,Arabis,Arabis caucasica,30,2007.022217,524.3027041,113.755423,10.53513546,15.89510858,327.256558,16.59027037,7.102539763,1013.218424,5.074778945,95.70696605,179.3272552,53.44987106,84.56226921,2.941624522,5.65010836,551.808858,Perennial Herbaceous,48.66217052,11.57822686
Tracheophyta,Brassicales,Brassicaceae,Cakile,Cakile maritima,319,5.729342461,5.473514816,6.79068731,21.12849705,7.247447442,248.5551915,23.27125034,17.64187323,98.54969419,0,94.34052378,62.28246689,58.31212234,0.049512874,0,1.582302358,2227.869356,Annual Herbaceous,36.08518796,2.987207185
Tracheophyta,Brassicales,Brassicaceae,Capsella,Capsella bursa-pastoris,57,574.8623047,451.5322367,43.79846598,18.58824103,15.22878866,282.8017951,22.7802651,14.71517951,527.0543956,6.245973393,84.30513155,381.9825439,66.81053162,305.2561951,2.057823658,1.3797866,3283.30778,Annual Herbaceous,63.49412453,11.70514059
Tracheophyta,Brassicales,Brassicaceae,Cardamine,Cardamine hirsuta,16,1349.601685,408.8665849,83.98147441,13.7461471,17.09640752,293.3046082,19.24471553,10.11913224,809.2852356,9.177815853,76.00387297,476.0903931,44.03394508,419.4278412,11.9685297,1.699856261,1407.616625,Annual Herbaceous,60.96526589,6.17365373
Tracheophyta,Brassicales,Brassicaceae,Carrichtera,Carrichtera annua,152,219.0949631,225.0328042,16.90569494,20.41354307,12.05110951,248.7214797,22.67638418,16.68373508,144.2776603,0,93.61653089,28.93357754,19.64925766,6.293371439,0,4.986512993,6355.480488,Annual Herbaceous,37.34210252,4.231387174
Tracheophyta,Brassicales,Brassicaceae,Crambe,Crambe feuilleei,3,1172.088135,239.6773477,230.1099405,15.76061274,19.80358747,397.8202581,20.45058683,10.81863872,596.6833378,3.205007036,85.29826095,335.5075684,14.10058784,287.8056335,9.44370842,1.77844971,6026.37258,Insular Woodiness,65.8728056,1.113012173
Tracheophyta,Brassicales,Brassicaceae,Crambe,Crambe gomeraea,9,708.9828491,532.5846865,95.288102,20.11813463,14.46653304,310.8691029,23.7797268,16.14263424,394.3319555,2.617246188,95.37176135,334.6622009,89.61472321,230.6922302,1.094846964,1.178298459,6026.37258,Insular Woodiness,53.62701067,5.732014767
Tracheophyta,Brassicales,Brassicaceae,Crambe,Crambe laevigata,11,640.6140137,238.4974391,175.6059323,19.57994467,19.35163412,399.4296087,25.93814019,14.23294399,442.6528346,6.591486261,92.16912956,266.4997864,71.80873871,170.0379486,0.109025642,1.660987577,6026.37258,Insular Woodiness,51.96524727,2.130338988
Tracheophyta,Brassicales,Brassicaceae,Crambe,Crambe pritzelii,8,605.0135193,579.7412345,82.3649024,19.38674574,16.13642221,302.6885596,24.45303206,15.35846251,306.5299534,1.109240951,89.35033778,330.4683838,81.99053955,252.8401718,0.315603279,0.927562116,6026.37258,Insular Woodiness,42.81024971,5.42797659
Tracheophyta,Brassicales,Brassicaceae,Crambe,Crambe santosii,16,506.3043671,117.5036286,127.8978709,19.69912738,12.24585696,251.5161733,22.49149177,16.45762104,738.0216541,19.87821114,72.86949907,1050.318665,54.50389862,937.9308166,63.54412079,0.702664514,6026.37258,Insular Woodiness,73.345161,0.506352237
Tracheophyta,Brassicales,Brassicaceae,Crambe,Crambe scaberrima,15,483.134552,499.6232598,107.4995252,20.17415206,18.65707868,326.7171373,25.55985922,16.13230376,252.8866478,3.161072916,92.32972836,444.8670044,107.6710815,276.621582,0.198399603,0.568454494,6026.37258,Insular Woodiness,58.5115391,5.415413807
Tracheophyta,Brassicales,Brassicaceae,Crambe,Crambe scoparia,4,589.7265472,347.5166123,102.7846149,21.09806106,23.48937435,396.342003,25.65624725,16.42710017,296.6631075,0.602156002,93.10736004,204.2032471,109.5271873,92.22062683,7.13E-14,1.452783498,6026.37258,Insular Woodiness,29.91597373,1.863985509
Tracheophyta,Brassicales,Brassicaceae,Crambe,Crambe strigosa,118,788.719574,289.5902657,94.11436735,18.23358326,12.21746725,252.1947239,22.40911633,14.4655851,625.613758,17.16093602,72.87669941,689.4744873,47.30273437,622.6056519,15.15947771,0.907377676,6026.37258,Insular Woodiness,72.27637018,3.792760544
Tracheophyta,Brassicales,Brassicaceae,Crambe,Crambe sventenii,6,93.16851425,56.03209866,27.61927296,20.74313053,7.252128493,243.0326284,22.86096849,17.3077597,94.27727957,0,112.2886458,22.782269,22.6087451,0.422164023,0,4.138186568,6026.37258,Insular Woodiness,33.48355413,0.903393744
Tracheophyta,Brassicales,Brassicaceae,Descurainia,Descurainia artemisioides,5,247.2554932,201.9571948,95.12428273,21.70074782,18.65747918,329.8711982,25.42536747,17.60329772,190.6848455,0.835407157,87.57806345,211.1887512,83.53511047,127.5697479,0.10434667,0.902911942,3744.685569,Insular Woodiness,40.97229092,8.920133594
Tracheophyta,Brassicales,Brassicaceae,Descurainia,Descurainia bourgaeana,136,2210.037231,134.2381006,36.097487,10.73522418,18.4106474,344.5014238,14.73610695,6.93117548,390.9847063,1.840951504,91.54487582,166.2578583,147.914505,5.484237909,0,2.351676548,3744.685569,Insular Woodiness,26.15496388,5.63035348
Tracheophyta,Brassicales,Brassicaceae,Descurainia,Descurainia gilva,45,2246.702637,182.63272,91.43722705,9.139040413,15.82979761,356.0080289,15.5498867,5.409278551,1035.835693,4.933474489,96.96186791,78.30505371,46.0358696,21.28327751,0.145824865,13.22820999,3744.685569,Insular Woodiness,41.95030368,4.385270414
Tracheophyta,Brassicales,Brassicaceae,Descurainia,Descurainia lemsii,12,1623.822571,799.5635377,102.9872898,13.78529611,18.82887918,345.7769005,19.32485596,9.807764439,487.6395461,6.591486261,87.95771567,200.7190094,71.65219116,129.0478668,0.576463349,2.429463694,3744.685569,Insular Woodiness,52.88947441,4.880737821
Tracheophyta,Brassicales,Brassicaceae,Descurainia,Descurainia millefolia,205,434.1424561,298.5845458,110.0489405,19.60814319,14.17036783,245.6820912,23.27568512,16.31837928,387.7878874,6.759729703,82.16644718,416.488739,99.75952148,294.8592529,1.328178287,0.931088529,3744.685569,Insular Woodiness,64.85431651,8.69506987
Tracheophyta,Brassicales,Brassicaceae,Descurainia,Descurainia preauxiana,38,921.3996887,423.030962,98.1332274,19.51975441,20.8196646,363.0815513,25.03967927,15.10334924,346.2520347,0.093346243,100.1222352,188.3979416,62.34171486,127.042717,0.025860153,1.837875891,3744.685569,Insular Woodiness,37.98652167,2.388711532
Tracheophyta,Brassicales,Brassicaceae,Eruca,Eruca vesicaria,60,611.492157,423.4932339,46.64738367,18.67788258,15.43568983,296.4016103,22.52700963,15.26035762,483.1469401,3.273900016,89.17615918,302.4299927,45.51024055,231.5459671,0.76663509,1.597549687,7606.123355,Annual Herbaceous,59.54560985,16.81153611
Tracheophyta,Brassicales,Brassicaceae,Erucastrum,Erucastrum canariense,55,339.9848633,335.5690996,47.45984575,19.75389149,12.40516477,244.3187747,22.0577681,15.75038724,178.8326959,0,91.8702441,41.26068878,25.11299515,18.25397301,0,4.334214992,6626.773098,Perennial Herbaceous,45.62922622,11.02571177
Tracheophyta,Brassicales,Brassicaceae,Erucastrum,Erucastrum cardaminoides,12,256.7711411,235.562661,83.72088966,20.11280355,17.0063258,304.8087564,23.86954258,16.64618551,231.5391413,1.530318493,86.07775381,106.6591301,55.92588043,26.01883841,0,2.170832831,6626.773098,Perennial Herbaceous,47.51655517,9.930862562
Tracheophyta,Brassicales,Brassicaceae,Erysimum,Erysimum bicolor,533,732.7723999,521.8834347,89.72245873,18.93356437,17.43205846,289.0774684,22.74853404,15.32106274,425.621353,6.60491326,86.12620723,463.3549194,85.43384552,344.8733521,1.116190791,0.918564442,3743.57879,Insular Woodiness,66.11306837,8.283919471
Tracheophyta,Brassicales,Brassicaceae,Erysimum,Erysimum scoparium,399,2132.258057,170.2666198,57.34679744,11.38321821,18.73567471,345.5062609,14.74767576,7.588752638,416.9522675,1.766994393,97.99950704,190.7471619,162.1559143,7.354055405,0,2.185889758,3743.57879,Insular Woodiness,29.50478378,10.68263861
Tracheophyta,Brassicales,Brassicaceae,Hirschfeldia,Hirschfeldia incana,164,461.1360779,349.2279163,43.92113137,18.92566242,15.01880055,268.2941914,22.53880357,15.52171411,432.9443392,2.599209639,88.22680764,225.34095,55.73096275,139.3079071,0.497598425,1.921285675,9972.753802,Annual Herbaceous,54.282838,14.28212288
Tracheophyta,Brassicales,Brassicaceae,Lobularia,Lobularia canariensis,639,561.7094116,330.473748,86.0854267,19.12798805,16.31548822,294.8414596,23.13098318,15.37779185,381.9970127,3.040177232,88.628422,274.8042908,66.24984741,177.9915314,0.402116746,1.390069317,9892.71839,Insular Woodiness,53.44119676,12.76756083
Tracheophyta,Brassicales,Brassicaceae,Lobularia,Lobularia libyca,17,93.5821991,94.54027299,17.12410636,21.07216604,11.76426284,241.8153829,23.2988395,17.58406995,142.1879032,0,93.3766963,55.45212936,22.42650986,8.39849472,5.69E-13,2.564155873,9892.71839,Annual Herbaceous,37.73315217,8.135487277
Tracheophyta,Brassicales,Brassicaceae,Lobularia,Lobularia maritima,65,351.5707092,440.7295844,47.15291616,19.84962986,15.07241013,277.0174381,23.37171679,16.32751033,326.7171411,1.692838795,86.48919409,210.4881134,86.80221558,93.4417038,0.021184925,1.552188083,9892.71839,Perennial Herbaceous,52.27993092,8.469205656
Tracheophyta,Brassicales,Brassicaceae,Matthiola,Matthiola bolleana,87,59.58608246,65.50900824,14.41532732,20.91169205,13.8891188,250.1439404,23.1913846,17.33209628,126.1136742,0,95.53019181,26.15964508,24.59119034,1.665812731,0,4.820924514,5239.034464,Annual Herbaceous,37.20541812,5.985763144
Tracheophyta,Brassicales,Brassicaceae,Matthiola,Matthiola longipetala,11,80.1806488,68.27411911,13.36449664,20.71453753,7.172958315,248.4888223,22.86340905,17.22375122,126.4188512,0,94.95051444,16.62528229,13.41839123,1.951274633,0,7.60401231,5239.034464,Annual Herbaceous,35.40063313,3.006098031
Tracheophyta,Brassicales,Brassicaceae,Matthiola,Matthiola parviflora,22,491.5959167,611.0925372,45.70826434,19.59505783,18.4380185,320.1080512,23.24982135,15.30108575,232.7056171,2.10E-13,95.95083532,121.7513123,62.45638084,43.06243324,0,1.91131917,5239.034464,Annual Herbaceous,39.83737169,4.985237514
Tracheophyta,Brassicales,Brassicaceae,Notoceras,Notoceras bicorne,94,143.0159836,172.9405754,32.20258034,20.9311557,14.4164164,259.3712184,23.23153781,17.32880738,161.8065635,0,93.90684927,54.29923821,42.97142982,12.63462543,0,2.979904854,7673.823713,Annual Herbaceous,38.23683863,6.148701763
Tracheophyta,Brassicales,Brassicaceae,Parolinia,Parolinia filifolia,9,503.1976318,387.0709895,99.59241149,20.64901988,19.82819199,329.8711982,25.88712703,17.01495805,266.2863437,0.345584542,93.80294706,170.7510071,86.38059998,90.42684937,2.38E-13,1.559500868,950.9666257,Derived Woodiness,32.36613534,2.885395071
Tracheophyta,Brassicales,Brassicaceae,Parolinia,Parolinia intermedia,29,84.4258728,102.3190351,57.61442425,23.41664071,19.32063079,303.9811041,28.49829626,19.93506886,211.6761566,2.493288005,88.78285223,131.7984772,98.08106995,17.06126022,0,1.606059199,950.9666257,Derived Woodiness,43.60603987,4.32957769
Tracheophyta,Brassicales,Brassicaceae,Parolinia,Parolinia ornata,30,339.9580841,204.9975247,94.57897537,21.66693192,17.09579892,324.7116817,26.32517477,17.84507447,193.5383868,0,97.83884699,125.7400436,75.87237549,49.67384529,0,1.539194525,950.9666257,Derived Woodiness,39.60833742,1.661362986
Tracheophyta,Brassicales,Brassicaceae,Parolinia,Parolinia platypetala,5,412.5884705,265.3842689,80.42941858,20.9632417,19.07903289,353.996431,26.15959122,16.65887083,300.2538428,0.546014399,91.42711306,333.042572,81.99725342,248.2147675,1.011173248,0.901547934,950.9666257,Derived Woodiness,47.24072783,1.546304598
Tracheophyta,Brassicales,Brassicaceae,Raphanus,Raphanus raphanistrum,90,688.6273804,315.6358258,43.89881352,17.65789643,16.48615153,311.7229857,22.32948906,13.79883303,555.0529602,6.243009138,85.08653605,393.0437164,52.27142334,318.4451141,2.150787234,1.41219141,15351.26529,Annual Herbaceous,58.01986124,8.404518813
Tracheophyta,Brassicales,Brassicaceae,Sinapis,Sinapis alba,42,582.4473877,297.1123975,44.56975132,18.42756428,15.39504824,279.0586849,22.75983265,14.57944714,512.6384807,7.072220292,84.04614083,321.6283569,47.86394691,267.3778381,1.770334303,1.593884586,7416.488344,Annual Herbaceous,59.94362953,6.02310565
Tracheophyta,Brassicales,Brassicaceae,Sinapis,Sinapis arvensis,6,698.8271484,190.9727522,81.73515683,17.80779399,16.87069424,292.4678867,21.86174651,14.26339381,358.0729284,4.061528551,90.530116,354.9061279,51.08407593,295.0264893,1.052450776,1.008922924,7416.488344,Annual Herbaceous,56.79130184,11.36943923
Tracheophyta,Brassicales,Brassicaceae,Sinapis,Sinapis pubescens,4,149.1588058,121.6253608,61.21522773,20.83148207,12.97055574,226.1404267,24.22794209,17.94672056,545.3883059,4.934118824,87.55216808,206.68647,134.3522148,117.455759,0.994087324,2.638722824,7416.488344,Annual Herbaceous,63.96422919,2.131227199
Tracheophyta,Brassicales,Brassicaceae,Sisymbrium,Sisymbrium erysimoides,105,108.5725784,144.3349352,29.70163987,20.82915103,12.84284932,247.4812839,23.31088016,17.53931316,284.1310525,1.121224713,88.3689553,138.4099731,58.3952179,37.63978958,8.97E-13,2.052822105,7659.889421,Annual Herbaceous,47.14747396,17.74064465
Tracheophyta,Brassicales,Brassicaceae,Sisymbrium,Sisymbrium irio,44,130.3568382,181.0989479,19.86730476,21.06035229,14.74007369,254.1028352,23.83741754,17.5616151,208.2295404,0.418760366,89.94185091,128.6447182,79.47581482,13.05167341,0,1.618640418,7659.889421,Annual Herbaceous,47.67825015,14.75519311
Tracheophyta,Brassicales,Resedaceae,Oligomeris,Oligomeris linifolia,23,52.52918243,55.54547208,10.20409121,21.00037111,7.224336389,248.4888223,23.15081952,17.55830629,126.4188512,0,94.16362329,23.27639961,16.62528229,1.389114141,0,5.43120299,5107.244428,Derived Woodiness,35.12763131,3.383740394
Tracheophyta,Brassicales,Resedaceae,Reseda,Reseda crystallina,78,325.793457,220.6888197,57.24208744,19.62855578,13.0241369,244.1718375,21.64908169,15.88450408,167.6292628,0,93.1208178,31.41430855,14.50583792,7.681457043,0,5.336079977,10620.90342,Perennial Herbaceous,39.9432334,7.906351759
Tracheophyta,Brassicales,Resedaceae,Reseda,Reseda lutea,6,105.6585693,97.95449785,42.21837828,20.59821852,7.117021301,242.2439719,22.69158274,17.17119261,89.5948624,0,107.6794637,46.96172142,35.33661652,10.68423367,0,1.907827475,10620.90342,Perennial Herbaceous,34.42354373,1.295886517
Tracheophyta,Brassicales,Resedaceae,Reseda,Reseda luteola,191,1168.950073,415.0752439,56.96066,16.55302331,17.26835435,327.8756024,21.89992092,12.47100315,617.8690422,4.723401999,88.17109449,355.6707764,62.75201035,255.1689148,3.579389334,1.737193729,10620.90342,Perennial Herbaceous,58.67925249,13.76834935
Tracheophyta,Brassicales,Resedaceae,Reseda,Reseda scoparia,83,73.61740875,82.78696465,52.65025115,22.3412525,14.86923128,268.0207624,24.86505292,19.03814364,147.7412298,0.180882666,91.34047489,128.0157471,108.5560913,15.32382107,0,1.154086377,10620.90342,Perennial Herbaceous,45.26034016,5.721955742
Tracheophyta,Caryophyllales,Aizoaceae,Aizoanthemopsis,Aizoanthemopsis hispanica,12,228.6691513,59.01163579,11.20584722,19.68990541,6.865401999,244.1855339,21.82723462,16.24102783,145.0118604,0,99.71580419,23.61567879,10.82109976,6.823884964,0,6.140490888,253.1207709,Annual Herbaceous,38.7268319,3.694500565
Tracheophyta,Caryophyllales,Aizoaceae,Aizoon,Aizoon canariense,892,40.45220757,51.04453812,21.77571019,21.51515451,14.58540786,255.5518152,24.2952609,17.93005021,149.546167,0,94.364194,105.787487,74.72495651,8.744216919,0,1.413647032,10790.13514,Annual Herbaceous,39.22812175,7.077880967
Tracheophyta,Caryophyllales,Aizoaceae,Mesembryanthemum,Mesembryanthemum crystallinum,1158,60.53338623,81.79941324,20.82003064,21.17266596,13.95105295,246.58262,23.83924294,17.8618773,162.7173336,0.021674128,91.37364441,106.1271095,74.31288528,11.18801641,0,1.533230617,10113.21916,Annual Herbaceous,43.46718511,10.46152189
Tracheophyta,Caryophyllales,Aizoaceae,Mesembryanthemum,Mesembryanthemum nodiflorum,861,22.74859238,27.63471931,16.9933929,21.41760925,13.94440278,248.2980112,24.22904909,17.99896203,143.9837656,0,93.10024351,104.1840363,83.61190796,6.271466732,0,1.382013702,10113.21916,Annual Herbaceous,40.00471443,8.106363543
Tracheophyta,Caryophyllales,Amaranthaceae,Arthrocaulon,Arthrocaulon macrostachyum,56,2.717847586,2.130575256,5.571183032,21.18504441,7.267985231,243.2820989,23.29498748,17.79336656,91.64717085,0,95.42886867,116.9534912,80.55567169,7.023977995,0,0.78362065,224.6538134,Perennial Herbaceous,36.15572194,4.201103155
Tracheophyta,Caryophyllales,Amaranthaceae,Atriplex,Atriplex glauca,137,12.4594326,13.69309574,13.0039001,21.43476939,14.34532046,248.739562,24.36675276,17.92445979,136.5393995,0.052521781,90.63330173,122.663269,98.62846375,7.105126381,0,1.113123762,6592.63096,Perennial Herbaceous,41.76456639,8.6403676
Tracheophyta,Caryophyllales,Amaranthaceae,Atriplex,Atriplex halimus,64,6.275292158,6.245771657,9.418125144,20.83410689,12.15969949,248.1542207,22.9266019,17.71077581,130.8824992,0,92.69396689,99.06331253,82.35816956,3.354323983,0,1.321200512,6592.63096,Perennial Herbaceous,45.96231245,9.696628615
Tracheophyta,Caryophyllales,Amaranthaceae,Bassia,Bassia tomentosa,1225,34.27550507,18.38476258,34.81932283,22.56066098,13.55803144,225.955583,25.28507258,19.88828404,127.5132069,0.86403041,92.76444436,191.8087006,124.2203064,41.98906708,0,0.664793654,10056.40165,Insular Woodiness,45.12133901,0
Tracheophyta,Caryophyllales,Amaranthaceae,Beta,Beta macrocarpa,18,136.0158768,190.5261222,19.13368922,21.14374123,14.46005273,246.644852,24.35862498,17.76674327,237.2124085,2.992457743,86.73076174,330.1250305,105.6930008,72.54868889,0.012680785,0.718553235,8649.06049,Annual Herbaceous,54.39739012,12.84107686
Tracheophyta,Caryophyllales,Amaranthaceae,Beta,Beta vulgaris,74,285.0109253,333.6587217,31.51896049,19.7248653,15.09283613,257.1098207,23.60093615,16.20566014,288.7373016,3.889848448,79.45406391,178.3051071,59.05080605,90.31824112,0.106047824,1.619343979,8649.06049,Perennial Herbaceous,54.78423417,13.39803605
Tracheophyta,Caryophyllales,Amaranthaceae,Bosea,Bosea yervamora,231,225.3751068,192.4688014,68.91990405,20.32917818,13.89380368,227.153164,23.41526099,17.08662869,349.4832161,7.70515483,75.19032982,438.5924072,100.4732285,298.1348877,1.334469557,0.796829152,1824.493425,Insular Woodiness,60.72200851,6.830153527
Tracheophyta,Caryophyllales,Amaranthaceae,Caroxylon,Caroxylon tetrandrum,16,11.21757174,14.57057836,5.641012111,21.06807195,7.234990877,248.5383211,23.21035821,17.59458429,102.0586372,0,94.99205445,31.49923229,25.30028439,1.322562233,0,3.240035702,1584.828623,Derived Woodiness,35.89959745,2.818632675
Tracheophyta,Caryophyllales,Amaranthaceae,Chenopodiastrum,Chenopodiastrum murale,362,126.8581696,175.4457764,29.84763593,20.85061199,13.92394693,248.7679285,23.59282841,17.58566091,273.0779332,1.382656261,88.78772752,209.5899429,71.93396759,54.6541729,8.95E-13,1.302915252,12572.83928,Annual Herbaceous,51.31258436,16.63840664
Tracheophyta,Caryophyllales,Amaranthaceae,Chenopodium,Chenopodium album,38,312.1542664,355.2727418,40.43834509,20.06742953,14.11249603,247.9912838,23.46658384,17.02595134,541.4000302,5.617376736,87.41847386,310.010498,73.88944244,189.040184,1.805826724,1.746392569,6284.386537,Annual Herbaceous,63.06308748,7.008096313
Tracheophyta,Caryophyllales,Amaranthaceae,Nitrosalsola,Nitrosalsola vermiculata,123,13.89855385,16.97690085,14.60192611,21.08918828,7.26479632,247.3611732,23.2171966,17.5931002,126.7417172,0,95.34891433,44.33804703,36.40060043,0.956463814,0,2.858531796,12508.96072,Derived Woodiness,36.00609558,4.325280331
Tracheophyta,Caryophyllales,Amaranthaceae,Oxybasis,Oxybasis glauca,3,9.05344677,8.841675659,11.00289972,21.11604758,7.209112288,242.3483314,23.26710909,17.69286405,101.004866,0,107.3762391,32.36916351,16.0890789,8.334622383,0,3.12040396,54.6327666,Annual Herbaceous,34.18657005,0.644485883
Tracheophyta,Caryophyllales,Amaranthaceae,Patellifolia,Patellifolia procumbens,766,29.97891045,38.51385209,21.76553488,21.31964199,13.83591471,247.3387439,24.29491123,17.97659436,162.6290719,0.140767368,92.669587,168.3519669,96.93579483,12.1025095,0,0.966006367,12984.81798,Perennial Herbaceous,42.98961676,11.9751501
Tracheophyta,Caryophyllales,Amaranthaceae,Salicornia,Salicornia perennis,22,2.101813138,1.184654259,6.236609389,21.0601104,12.07093046,248.5641617,23.1986123,17.65881765,121.1613206,0,93.76088345,232.5535202,221.4617844,9.89817524,0,0.521004027,73.4793006,Derived Woodiness,39.93710755,6.786229727
Tracheophyta,Caryophyllales,Amaranthaceae,Salsola,Salsola kali,3,4.853939533,0.108233267,2.777381328,21.93816187,12.25468186,243.4098309,24.3626177,18.54606264,94.39100719,0,122.8699832,34.3394165,34.23263931,1.39E-11,0,2.748765611,0.092008654,Derived Woodiness,35.36742298,0.202577918
Tracheophyta,Caryophyllales,Amaranthaceae,Suaeda,Suaeda ifniensis,15,24.75555801,27.45025326,7.491859971,21.00506195,7.221940765,248.4904612,23.14266955,17.56198412,93.91937344,0,93.19663278,28.50958061,24.46054268,3.148537159,0,3.294309191,7452.645913,Derived Woodiness,35.38770601,1.958020733
Tracheophyta,Caryophyllales,Amaranthaceae,Suaeda,Suaeda maritima,19,7.5937047,10.56600148,5.80921673,21.07769768,7.237633982,248.6632626,23.22699255,17.58443464,109.6733511,0,93.50210743,63.27386093,48.95180511,1.93029964,0,1.733312136,7452.645913,Derived Woodiness,35.44551779,3.71387198
Tracheophyta,Caryophyllales,Amaranthaceae,Suaeda,Suaeda vera,182,4.704571247,4.577850545,8.030524099,21.09801043,7.258956687,247.4320188,23.23756732,17.73154042,131.2669376,0,93.0970152,103.4306107,78.1821785,6.196292877,0,1.269130452,7452.645913,Derived Woodiness,35.96847471,4.040089286
Tracheophyta,Caryophyllales,Amaranthaceae,Traganum,Traganum moquinii,213,4.846978188,3.694537197,6.717985685,21.13723007,11.98601776,248.3924719,23.2759747,17.73248708,103.5066816,0,94.48138862,71.37641907,68.06893158,0.121391907,0,1.450152347,3022.665047,Derived Woodiness,37.88167016,4.251633581
Tracheophyta,Caryophyllales,Caryophyllaceae,Cerastium,Cerastium glomeratum,23,629.7316895,440.3040574,81.33706217,19.46281593,14.32639362,255.9847724,23.09869571,15.8814983,548.1991293,8.570740586,87.34778702,494.130188,60.61610794,403.979248,5.467085361,1.109422461,4318.351698,Perennial Herbaceous,65.98689993,6.946085057
Tracheophyta,Caryophyllales,Caryophyllaceae,Cerastium,Cerastium sventenii,8,1367.494629,946.2919822,80.01345513,14.57841704,15.21242878,291.0012701,18.43384558,11.16129158,727.5602816,5.389810389,91.77867952,265.6775055,47.14236832,208.8516769,3.482364118,2.738509157,4318.351698,Perennial Herbaceous,56.61463863,18.03619501
Tracheophyta,Caryophyllales,Caryophyllaceae,Dicheranthus,Dicheranthus plocamoides,89,595.2503662,366.2210221,88.35205458,18.96628787,18.34662342,364.617041,23.03435893,14.23294399,424.4069827,4.426140414,92.16912956,347.8010864,88.25989532,239.2262421,0.5,1.220257783,285.6449383,Derived Woodiness,52.82814184,9.467933259
Tracheophyta,Caryophyllales,Caryophyllaceae,Gymnocarpos,Gymnocarpos decander,41,40.38756943,26.02299399,31.33512936,22.58364671,14.73316027,269.5909462,25.35669864,18.68746347,132.6146609,0.096320429,94.22577196,113.0030365,102.4899673,6.139519691,0,1.173549535,1862.91916,Derived Woodiness,42.52649076,4.053205126
Tracheophyta,Caryophyllales,Caryophyllaceae,Herniaria,Herniaria canariensis,4,84.12830353,67.23319302,52.37111263,22.16702144,15.38148733,245.8813274,24.63128984,18.86462529,205.6821242,1.870215196,88.3186647,288.5201492,273.318264,15.28378201,9.56E-25,0.712886517,6847.195637,Perennial Herbaceous,46.68953366,10.76712944
Tracheophyta,Caryophyllales,Caryophyllaceae,Herniaria,Herniaria cinerea,5,193.5678864,99.83379928,33.87422748,20.46289863,7.219545142,248.58782,22.60915821,16.98027579,165.9827316,0,94.38593816,54.64500427,46.85029984,10.04628277,0,3.03747312,6847.195637,Annual Herbaceous,37.4258321,5.074457842
Tracheophyta,Caryophyllales,Caryophyllaceae,Moehringia,Moehringia pentandra,7,869.2236938,451.2526204,81.33706217,16.81686372,14.32639362,280.3618058,20.39823837,12.98674456,870.3821479,9.609522515,88.23770921,621.4742432,44.88818741,541.2178345,39.47175217,1.40051202,141.8210987,Annual Herbaceous,71.92384878,2.121460917
Tracheophyta,Caryophyllales,Caryophyllaceae,Paronychia,Paronychia argentea,8,434.2681122,215.2390159,67.30134205,20.36326743,15.20561308,310.9078986,23.02355592,16.50066354,205.694978,0.408642011,94.93296653,115.994072,57.8157692,31.01815605,1.95E-14,1.773323192,6741.13304,Perennial Herbaceous,37.81161257,11.8409679
Tracheophyta,Caryophyllales,Caryophyllaceae,Paronychia,Paronychia canariensis,160,571.7346802,233.5600391,101.2206465,19.22893698,14.61852278,249.1080769,23.24686162,15.6311758,440.3671471,9.669019043,79.37593234,435.5518188,73.53475571,355.5169525,1.43697226,1.011055695,6741.13304,Perennial Herbaceous,65.71605773,7.404177365
Tracheophyta,Caryophyllales,Caryophyllaceae,Paronychia,Paronychia capitata,3,697.628479,282.7455022,28.02381881,20.49008852,20.8196646,371.9950423,27.04452134,15.64408708,275.5230694,0,99.25323315,192.2983856,58.56430817,47.94501495,0,1.4327893,6741.13304,Perennial Herbaceous,38.85535558,2.226536758
Tracheophyta,Caryophyllales,Caryophyllaceae,Petrorhagia,Petrorhagia nanteuilii,57,671.4050903,394.2098026,67.88524781,18.79748278,16.30502844,297.2912402,23.36027572,14.66558818,493.863555,5.354264321,88.99157596,353.6728516,73.5140152,280.5631104,0.766372442,1.396385255,6479.288774,Annual Herbaceous,63.06268747,8.750164958
Tracheophyta,Caryophyllales,Caryophyllaceae,Polycarpaea,Polycarpaea aristata,45,756.2584839,612.4076389,46.32459147,18.58741492,16.49555281,311.6938433,22.9957679,14.05377831,420.3697704,3.223213913,87.29459739,165.2127228,68.43623352,75.21321106,0.232961491,2.544415244,9841.980934,Perennial Herbaceous,53.51837257,12.85687188
Tracheophyta,Caryophyllales,Caryophyllaceae,Polycarpaea,Polycarpaea carnosa,56,184.0271912,151.0906403,123.2791933,22.35820264,18.39640051,279.6279224,27.7348533,17.86308999,291.5335216,4.01525056,86.20363164,304.6815948,117.252388,118.5370407,0.001665508,0.956846513,9841.980934,Perennial Herbaceous,52.96448466,8.863420769
Tracheophyta,Caryophyllales,Caryophyllaceae,Polycarpaea,Polycarpaea divaricata,252,354.4230042,423.915588,54.37368463,20.0331243,15.30033877,269.2172214,23.35802145,16.50739316,383.0859715,3.937515921,85.71663207,299.898407,57.17003632,86.02431488,0.175935715,1.277385817,9841.980934,Perennial Herbaceous,57.14673265,12.11255815
Tracheophyta,Caryophyllales,Caryophyllaceae,Polycarpaea,Polycarpaea latifolia,83,645.1774292,242.1129959,92.71142082,18.36386434,11.27293401,243.8616805,21.64383973,15.14565945,492.4311695,14.22232838,72.30845041,490.7919312,37.23809433,409.2393188,7.259613991,1.003339986,9841.980934,Perennial Herbaceous,69.01400834,5.52715835
Tracheophyta,Caryophyllales,Caryophyllaceae,Polycarpaea,Polycarpaea nivea,303,14.78824806,15.7023263,13.1583195,21.13788264,13.86710259,250.0775669,23.28797661,17.85707279,130.8791332,0,92.7029767,63.27386093,55.78063583,1.194159269,0,2.068454987,9841.980934,Perennial Herbaceous,39.27583259,6.452498637
Tracheophyta,Caryophyllales,Caryophyllaceae,Polycarpaea,Polycarpaea robusta,5,269.1215515,78.82081284,14.75460117,20.23673625,14.24272723,236.7708036,22.17279525,16.43399391,165.4364058,0,103.4248794,39.09567642,36.33155441,2.609318256,0,4.23157804,9841.980934,Perennial Herbaceous,46.67630921,2.670843569
Tracheophyta,Caryophyllales,Caryophyllaceae,Polycarpaea,Polycarpaea smithii,17,296.5885925,166.497817,85.83259229,20.21368242,14.35096995,286.9161975,23.31001078,16.91159369,479.1292299,2.231325827,86.54841511,224.1092987,65.04598999,120.3454437,0.43830204,2.137926595,9841.980934,Perennial Herbaceous,53.19460118,8.546389387
Tracheophyta,Caryophyllales,Caryophyllaceae,Polycarpaea,Polycarpaea tenuis,19,2064.888916,394.2977596,64.81890655,11.29061502,18.06061416,355.629721,15.89456495,7.715140575,402.5172059,2.089660283,89.17736341,184.2271271,110.7114334,5.134199619,0,2.184896504,9841.980934,Perennial Herbaceous,38.14147733,16.29413083
Tracheophyta,Caryophyllales,Caryophyllaceae,Polycarpon,Polycarpon tetraphyllum,151,323.4512634,389.0991298,49.27848623,20.05593419,14.46653304,257.9095806,23.5592304,16.69134286,431.9562331,4.624448026,85.20847994,265.6627197,74.66029358,143.6432953,0.295425296,1.62595728,8466.784275,Annual Herbaceous,59.74426535,11.31501576
Tracheophyta,Caryophyllales,Caryophyllaceae,Rhodalsine,Rhodalsine geniculata,16,421.748764,368.2271901,98.23086724,18.90644327,7.167672252,242.4517687,20.92913446,15.59848882,160.3143867,0,96.47030154,29.64354324,25.83286381,6.799446583,0,5.408071004,1275.173613,Perennial Herbaceous,48.49467413,18.77160187
Tracheophyta,Caryophyllales,Caryophyllaceae,Sagina,Sagina apetala,3,1103.052979,757.4963915,86.29224227,16.69816761,13.98198728,293.8870821,21.74266896,12.92657099,623.7395266,11.04503518,79.78328373,110.363884,53.41979599,69.139328,0.460013062,5.651663426,3074.963651,Annual Herbaceous,46.59850305,19.9684462
Tracheophyta,Caryophyllales,Caryophyllaceae,Sagina,Sagina procumbens,9,3548.688721,185.2446442,91.72848563,2.31570638,5.875636143,233.4198085,4.867773186,0.068084773,435.1444439,2.295058863,92.73718852,80.15015411,80.15015411,0,0,5.429115498,3074.963651,Perennial Herbaceous,33.12997061,0
Tracheophyta,Caryophyllales,Caryophyllaceae,Silene,Silene apetala,16,154.6174698,172.3361822,47.85096835,20.59106141,15.35997466,279.3660343,23.32437044,17.22533975,284.8183434,3.371931569,90.98195989,121.916687,60.0228405,43.28922844,4.41E-13,2.336171941,7957.867226,Annual Herbaceous,46.06863755,9.587288973
Tracheophyta,Caryophyllales,Caryophyllaceae,Silene,Silene behen,7,250.0682678,318.4394433,13.27004757,19.53235667,12.64342052,244.0219067,21.90197966,16.10591297,175.8869539,0,93.37718462,15.3112421,13.74245358,1.009637356,0,11.48743862,7957.867226,Annual Herbaceous,43.29462603,10.40893321
Tracheophyta,Caryophyllales,Caryophyllaceae,Silene,Silene berthelotiana,5,2117.947754,403.8792792,120.1152275,11.79539458,19.2473178,322.7658143,13.69303125,8.012609708,527.6577525,2.265525933,106.4607195,240.2225647,180.1429443,33.86597824,5.40E-13,2.196537004,7957.867226,Insular Woodiness,27.70395388,0.12639652
Tracheophyta,Caryophyllales,Caryophyllaceae,Silene,Silene diversifolia,3,264.7629089,0,15.63684881,20.17939674,14.31452941,264.3649012,22.63473866,16.36786061,123.7100021,0,96.97297915,9.215911866,8.031282425,2.626188755,1.89E-13,13.4235227,7957.867226,Annual Herbaceous,36.31046975,0
Tracheophyta,Caryophyllales,Caryophyllaceae,Silene,Silene gallica,331,586.6270142,325.3768128,64.36696446,18.94381832,14.74478878,278.3920573,22.62046288,15.37779185,491.0045484,8.069346433,81.39307934,384.0847778,61.80228043,317.050293,1.978164315,1.278375444,7957.867226,Annual Herbaceous,62.59124155,8.731362302
Tracheophyta,Caryophyllales,Caryophyllaceae,Silene,Silene inaperta,7,351.4004822,130.5517347,39.86880435,19.80982128,18.64902601,319.6966143,24.52748772,15.7522262,389.4105932,3.403072186,91.53841522,228.4299927,99.91329956,85.56045532,0.032789137,1.704726199,7957.867226,Annual Herbaceous,51.86468462,17.18959861
Tracheophyta,Caryophyllales,Caryophyllaceae,Silene,Silene lagunensis,15,534.4946899,221.4056419,95.29811025,18.8487593,11.27636695,235.1394893,22.37193204,15.70418269,497.1119502,13.92392288,71.356189,356.8964233,49.72980118,301.5866699,2.110048056,1.392874565,7957.867226,Perennial Herbaceous,70.19877628,3.44288822
Tracheophyta,Caryophyllales,Caryophyllaceae,Silene,Silene nocteolens,3,2194.757813,45.17948408,40.83458888,11.46877149,19.51837735,350.3805016,14.97124173,7.715724111,344.6311313,1.414955226,98.53941841,218.3563843,195.8514709,22.43154526,0,1.578296565,7957.867226,Perennial Herbaceous,24.57644073,0.124018466
Tracheophyta,Caryophyllales,Caryophyllaceae,Silene,Silene nocturna,10,547.9462433,452.2773034,43.29299147,19.90853647,17.88677173,334.3054536,23.92710631,15.62415076,327.2407431,3.45324449,89.02107519,213.2860413,72.46401978,135.231739,0.060896632,1.534281105,7957.867226,Annual Herbaceous,50.06750701,6.672513395
Tracheophyta,Caryophyllales,Caryophyllaceae,Silene,Silene nutans,5,1852.320923,727.9354252,49.98661338,13.0253745,16.70972623,341.2181089,17.93237465,9.472500107,449.6403072,5.177565685,85.45930452,132.3205414,60.42470169,74.73973846,0.016724672,3.398114174,7957.867226,Perennial Herbaceous,44.00217324,5.606932273
Tracheophyta,Caryophyllales,Caryophyllaceae,Silene,Silene pogonocalyx,11,1353.519531,1377.109535,137.7133666,13.58302805,16.29330375,329.1878291,18.74716634,9.893632808,876.1008854,3.014940182,95.55043008,96.98851776,48.0483017,77.3119812,0.859889448,9.033037164,7957.867226,Perennial Herbaceous,50.85480358,5.52607785
Tracheophyta,Caryophyllales,Caryophyllaceae,Silene,Silene tridentata,5,329.4697266,25.29935099,52.24745005,19.15177812,9.762181383,243.0256438,21.27794295,15.73107174,161.3046065,0,95.23232642,22.75047493,12.29492474,12.88220978,1.43E-12,7.09016436,7957.867226,Perennial Herbaceous,40.05576482,9.885467216
Tracheophyta,Caryophyllales,Caryophyllaceae,Silene,Silene vulgaris,523,897.1621704,432.8488887,52.78756222,17.51055778,18.38859528,339.264362,22.33754719,13.29283852,506.4939238,4.915401047,86.8765063,400.3708191,71.99404907,303.4361877,1.435166597,1.265062037,7957.867226,Perennial Herbaceous,56.34713132,10.30763459
Tracheophyta,Caryophyllales,Caryophyllaceae,Spergula,Spergula arvensis,40,463.3605042,524.5127105,47.78731139,19.14567905,16.28274264,300.747266,22.57289711,15.17364176,404.827974,4.204789337,84.99813753,279.9123688,68.92407608,174.1923752,0.456772953,1.446266829,18680.37315,Annual Herbaceous,53.10285641,13.140677
Tracheophyta,Caryophyllales,Caryophyllaceae,Spergula,Spergula pentandra,6,637.6671753,233.9493075,61.15721518,19.00094669,14.40173394,274.8721151,22.54522086,14.86688027,683.7068885,9.820901279,88.27258936,513.1707153,53.42204094,427.3161774,21.10054684,1.332318599,18680.37315,Annual Herbaceous,71.13673043,9.387918166
Tracheophyta,Caryophyllales,Caryophyllaceae,Spergularia,Spergularia bocconei,12,204.902626,267.6498639,45.59723036,20.40322067,14.24627112,256.3787322,23.16705692,17.03932556,377.2078469,2.130390347,88.63814354,140.1938782,70.64476776,30.46338081,3.69E-25,2.690615681,12004.04641,Perennial Herbaceous,53.96324933,16.05815446
Tracheophyta,Caryophyllales,Caryophyllaceae,Spergularia,Spergularia diandra,6,45.6910038,48.93375541,5.8688563,20.8568388,7.155472798,248.5474184,22.99616193,17.36752065,108.2678596,0,96.19697321,27.544837,24.09862137,0.38166048,0,3.930604476,12004.04641,Perennial Herbaceous,36.95488041,3.256805021
Tracheophyta,Caryophyllales,Caryophyllaceae,Spergularia,Spergularia fimbriata,33,390.8770752,391.9375805,51.761016,18.92881473,6.779731994,244.0437359,21.10756858,15.42382571,157.182848,0,96.58468713,40.38271332,23.81807327,9.410767555,0,3.892330037,12004.04641,Perennial Herbaceous,38.39445259,5.305786034
Tracheophyta,Caryophyllales,Caryophyllaceae,Spergularia,Spergularia flaccida,46,85.03302002,117.7227544,20.2096818,20.93852851,15.01850228,253.6220401,24.01644742,17.55850291,156.8565137,2.10E-13,94.72839332,65.05893898,52.39791298,10.79155731,0,2.41099096,12004.04641,Annual Herbaceous,39.33999799,4.556455719
Tracheophyta,Caryophyllales,Caryophyllaceae,Spergularia,Spergularia marina,11,102.533638,129.1243624,18.20125839,20.96018424,12.70928072,246.1981616,23.14369011,17.62396992,223.0803553,1.070470574,88.00763631,88.40267944,88.34402466,12.68058109,0,2.523456944,12004.04641,Perennial Herbaceous,42.77506262,13.82625373
Tracheophyta,Caryophyllales,Frankeniaceae,Frankenia,Frankenia boissieri,3,8.414933205,7.540732957,3.752460769,21.11281152,7.239426663,250.4543789,23.26832434,17.60549224,129.366,0,93.1208178,51.29887772,51.29887772,2.64E-12,0,2.521809555,11562.41606,Perennial Herbaceous,32.81188383,0.874488716
Tracheophyta,Caryophyllales,Frankeniaceae,Frankenia,Frankenia ericifolia,127,24.4976902,28.63970432,30.85802609,21.81286807,13.87708453,230.9331247,24.74523359,18.64271046,306.6183473,3.93452455,84.82335222,323.8436279,176.3276062,36.06949234,2.69E-14,0.946809883,11562.41606,Perennial Herbaceous,53.81267089,12.99500355
Tracheophyta,Caryophyllales,Frankeniaceae,Frankenia,Frankenia hirsuta,9,19.53315353,28.38062333,25.507106,20.90682321,13.05880267,233.3214708,23.14324908,17.03680702,190.175861,0,89.12297395,31.60995102,27.19118118,0.634566009,0,6.016328874,11562.41606,Perennial Herbaceous,50.05352982,14.21389768
Tracheophyta,Caryophyllales,Frankeniaceae,Frankenia,Frankenia pulverulenta,52,53.76530838,74.76427775,17.53836768,21.04814228,13.11892322,244.2042349,23.16433719,17.529488,136.528609,0,92.72393557,48.69762802,38.28214455,6.804028749,0,2.803598749,11562.41606,Annual Herbaceous,44.50288472,10.65500819
Tracheophyta,Caryophyllales,Plumbaginaceae,Limonium,Limonium arboreum,23,205.0358276,189.1116748,44.23178605,20.3593211,14.00590176,218.6161169,22.86422166,17.95286482,394.8394036,7.244049771,77.62246283,384.536499,103.130928,185.808609,0.987322509,1.026793047,12251.87011,Insular Woodiness,61.70997712,6.342549279
Tracheophyta,Caryophyllales,Plumbaginaceae,Limonium,Limonium bollei,28,1.610775232,0.512159905,4.030851639,21.09752216,7.224198086,248.5634206,23.23442205,17.61437045,78.4883117,0,95.16804795,150.098526,93.2335434,29.82150936,0,0.522911942,12251.87011,Insular Woodiness,36.42175434,0
Tracheophyta,Caryophyllales,Plumbaginaceae,Limonium,Limonium bourgeaui,20,98.6855011,125.9172948,21.04271998,20.67364437,13.20035041,220.8452907,22.65362551,17.07611054,157.0083107,0,91.34189127,49.68346405,35.29639244,5.595823765,0,3.160172378,12251.87011,Insular Woodiness,46.02676904,6.029070437
Tracheophyta,Caryophyllales,Plumbaginaceae,Limonium,Limonium brassicifolium,19,526.4749146,299.5906217,67.77687354,18.90964751,14.64837072,253.2232698,22.63389338,15.54592044,414.2391561,10.40638213,80.19702196,468.9548035,79.50893402,391.9385681,2.534053326,0.883324263,12251.87011,Insular Woodiness,68.83976573,2.880284086
Tracheophyta,Caryophyllales,Plumbaginaceae,Limonium,Limonium dendroides,3,179.0906982,23.12546974,172.1160133,20.81230471,14.65916376,282.6438128,23.80185266,17.32736189,222.0720128,0.238321871,108.2012304,119.2868652,82.10493469,29.79235268,0,1.861663582,12251.87011,Insular Woodiness,39.35138918,1.254394789
Tracheophyta,Caryophyllales,Plumbaginaceae,Limonium,Limonium frutescens,10,48.2330761,50.43453627,44.76540563,21.991569,17.36080933,259.0385526,25.79970704,19.03017867,307.0248498,4.876428087,77.47861014,328.2555237,138.9856949,70.09848022,0,0.935322722,12251.87011,Insular Woodiness,53.86308541,7.652589042
Tracheophyta,Caryophyllales,Plumbaginaceae,Limonium,Limonium imbricatum,28,43.98909378,49.07506233,69.09771862,21.18009092,14.05144628,242.2146248,24.53808004,18.05563921,505.8500267,16.60105967,71.67724628,449.1781311,387.173523,99.11787033,0.245296389,1.126167976,12251.87011,Insular Woodiness,55.34904242,5.492524451
Tracheophyta,Caryophyllales,Plumbaginaceae,Limonium,Limonium lobatum,14,275.2771149,90.153328,25.22698398,19.44111553,6.658009106,243.5470839,21.56653914,16.03431746,167.0489323,0,92.84116089,37.54769707,20.10820293,12.10247755,0,4.44897944,12251.87011,Annual Herbaceous,35.18504741,1.901030273
Tracheophyta,Caryophyllales,Plumbaginaceae,Limonium,Limonium macrophyllum,16,571.1696777,34.60962473,94.33300155,18.90251254,11.73820006,240.8129574,22.56598191,15.77440449,490.1634692,18.77932278,69.86077908,342.4815826,49.59514427,291.3766479,2.341159105,1.431211178,12251.87011,Insular Woodiness,65.58792208,2.16365179
Tracheophyta,Caryophyllales,Plumbaginaceae,Limonium,Limonium papillatum,38,8.638234615,9.093000033,5.982451763,21.08319162,7.242543003,248.5924021,23.22224007,17.60527449,129.8104597,0,94.63135783,64.34239769,63.39088249,0.316496611,0,2.017494908,12251.87011,Perennial Herbaceous,35.93403608,4.68688782
Tracheophyta,Caryophyllales,Plumbaginaceae,Limonium,Limonium pectinatum,602,19.41559982,19.45045698,30.7362354,22.29683499,14.47273585,230.9048075,25.36863548,19.05337724,276.1258526,3.161834907,84.70745704,376.5553284,244.4073639,14.93017292,0,0.733294238,12251.87011,Perennial Herbaceous,51.61437745,13.52832687
Tracheophyta,Caryophyllales,Plumbaginaceae,Limonium,Limonium preauxii,9,549.2433472,288.7581583,75.00987711,20.8089269,19.21923539,358.6786661,26.83264172,16.4653884,262.941902,0,100.1541358,113.7856293,69.98208618,29.79876137,0,2.310853345,12251.87011,Insular Woodiness,39.05750877,1.773813803
Tracheophyta,Caryophyllales,Plumbaginaceae,Limonium,Limonium puberulum,52,425.9033813,46.70800812,88.94674424,18.36564455,11.32980876,201.2546501,20.02185617,15.5466353,180.7209661,0,90.86410476,33.81008911,27.09751129,4.102915764,0,5.34517864,12251.87011,Insular Woodiness,49.96320247,0.199266791
Tracheophyta,Caryophyllales,Plumbaginaceae,Limonium,Limonium redivivum,5,610.2420044,578.9194657,77.83549467,16.51177929,19.16961211,328.0573812,22.78540888,12.39838073,453.7863363,4.018872664,91.72634569,615.7715454,83.84143829,549.4833984,5.761075497,0.736939437,12251.87011,Insular Woodiness,61.23809925,13.2670895
Tracheophyta,Caryophyllales,Plumbaginaceae,Limonium,Limonium sinuatum,4,148.8409653,189.7493742,8.303230222,20.63166977,13.20035041,220.8362212,22.81710527,17.02597032,162.3128077,0,91.38737432,48.18789673,29.31005526,4.102915764,1.02E-12,3.368331443,12251.87011,Perennial Herbaceous,46.02676904,3.306223122
Tracheophyta,Caryophyllales,Plumbaginaceae,Limonium,Limonium sventenii,8,239.9128113,254.4943438,76.6568873,21.1890388,16.61075914,304.0715722,25.98730768,17.16882768,187.9509906,1.455965492,88.52695752,225.8155289,91.03091431,109.9139328,0.071287598,0.832320928,12251.87011,Insular Woodiness,48.99880735,6.659865003
Tracheophyta,Caryophyllales,Plumbaginaceae,Limonium,Limonium tuberculatum,24,3.859454393,2.752174234,4.187301991,21.97265245,12.0053752,238.6506144,24.29804194,18.66621885,92.30568739,0,124.8540411,59.24881935,46.88678741,13.72253978,0,1.557932941,12251.87011,Annual Herbaceous,34.79614492,0.862096408
Tracheophyta,Caryophyllales,Polygonaceae,Persicaria,Persicaria decipiens,6,237.956913,227.3077805,71.18452803,20.7069723,15.66934854,248.3472251,24.60675037,17.68329223,287.0853712,3.407951572,87.62897535,386.8711853,75.61223984,321.6309662,0.361934528,0.742069666,3905.895125,Perennial Herbaceous,51.03337122,12.90374864
Tracheophyta,Caryophyllales,Polygonaceae,Polygonum,Polygonum aviculare,12,650.1914978,182.5363248,31.52673131,18.74780512,17.09562708,299.6899365,23.30269506,14.80322201,488.3870888,9.850824708,77.63996341,406.1200867,65.0570755,348.763443,1.266931772,1.202568168,6795.721419,Annual Herbaceous,61.09799105,14.93871421
Tracheophyta,Caryophyllales,Polygonaceae,Polygonum,Polygonum maritimum,38,3.753654122,2.865601086,8.941257835,21.08412608,12.07407181,248.4314316,23.24103526,17.92919916,129.9239282,0,92.61063319,108.194355,81.35391617,0.455484144,0,1.200838327,6795.721419,Perennial Herbaceous,42.88130425,9.257473437
Tracheophyta,Caryophyllales,Polygonaceae,Rumex,Rumex bucephalophorus,49,694.1407471,274.583058,64.37409126,18.14184432,17.00579677,303.0461892,22.58824318,14.58859011,471.3319198,4.939446908,87.69081851,325.2224121,50.00649261,273.4746399,0.819555283,1.449260267,10053.46533,Annual Herbaceous,56.27905739,8.139854253
Tracheophyta,Caryophyllales,Polygonaceae,Rumex,Rumex lunaria,1841,365.2016602,295.2999136,56.68404635,19.93518477,15.95947609,276.3419784,23.33678496,16.12332755,329.8934725,2.30693458,87.50839291,237.5995331,70.58508301,123.8343582,0.135817692,1.388443269,10053.46533,Insular Woodiness,53.51449772,11.95440978
Tracheophyta,Caryophyllales,Polygonaceae,Rumex,Rumex maderensis,135,973.3530273,338.7064129,71.47838358,17.93627754,17.34511563,311.6122725,22.48140655,14.18563049,641.315598,8.382501835,81.86819962,634.9581909,59.14807892,543.7317505,9.656433105,1.010012324,10053.46533,Perennial Herbaceous,67.28743887,7.698097819
Tracheophyta,Caryophyllales,Polygonaceae,Rumex,Rumex spinosus,84,166.8712082,213.4102267,23.71203334,20.73987105,12.91157437,248.2250107,23.16118404,17.35480518,168.3547586,0,92.77726381,63.46171379,42.75515366,17.12612677,0,2.652855533,10053.46533,Annual Herbaceous,42.55743223,12.52502221
Tracheophyta,Caryophyllales,Polygonaceae,Rumex,Rumex vesicarius,547,105.6577911,144.4604006,27.38679926,21.14594317,14.58225081,265.9347771,24.24164403,17.56413719,161.078478,0.001704231,95.11293838,91.53607941,54.72492981,12.83999634,0,1.759726646,10053.46533,Annual Herbaceous,40.14860876,7.471523937
Tracheophyta,Caryophyllales,Tamaricaceae,Tamarix,Tamarix africana,3,363.4428711,515.1942403,24.92249014,21.05144351,18.8854678,344.944235,23.17627141,17.58430639,250.9692098,0.012427131,89.7875572,160.3757172,153.3560486,44.26876831,0,1.564882853,9662.325273,Ancestral Woodiness,29.37569241,2.696504638
Tracheophyta,Caryophyllales,Tamaricaceae,Tamarix,Tamarix canariensis,244,19.89057827,23.59121436,23.24657283,21.31227148,12.29592104,242.253244,24.19215459,18.11723725,172.7866368,0.199015561,92.28227869,170.2900696,84.80308914,24.33898735,0,1.014660674,9662.325273,Ancestral Woodiness,39.12448197,8.64662523
Tracheophyta,Celastrales,Celastraceae,Gymnosporia,Gymnosporia cassinoides,45,480.8473511,218.0492505,80.62724267,19.6018698,16.22833529,277.9618127,23.26807258,15.92096603,445.5822181,8.57512097,80.01850468,432.0212402,65.10250854,331.5490723,1.52480948,1.031389609,3601.932319,Ancestral Woodiness,62.29529822,7.285462182
Tracheophyta,Cucurbitales,Cucurbitaceae,Bryonia,Bryonia verrucosa,269,439.5222778,194.6097101,77.35834162,19.8071162,16.63832543,300.4760915,24.27338238,15.7386653,349.0697559,4.128228619,82.28875164,329.5783386,83.13041687,243.3045807,0.508921206,1.059140468,8498.275253,Perennial Herbaceous,56.1850601,12.95942007
Tracheophyta,Cucurbitales,Cucurbitaceae,Citrullus,Citrullus colocynthis,48,38.45708084,46.70772499,18.22911502,20.99220823,7.193960074,245.5286724,23.11586005,17.49980238,121.2256983,0,97.0947449,32.88691616,28.37461853,0.437431395,0,3.686137604,10731.48178,Perennial Herbaceous,33.73888213,1.83301205
Tracheophyta,Dipsacales,Caprifoliaceae,Pterocephalus,Pterocephalus lasiospermus,570,2143.940308,182.3668583,39.40026963,11.42776021,18.82175722,344.4087586,14.30325783,7.648362266,398.2677342,1.416506035,94.91959691,196.830368,167.4909058,4.467150688,0,2.023405932,2664.427563,Derived Woodiness,26.15496388,5.716195615
Tracheophyta,Dipsacales,Caprifoliaceae,Pterocephalus,Pterocephalus porphyranthus,76,1769.776306,530.3818709,79.94052551,11.21143115,12.73629576,285.9048128,15.6485869,7.658439814,993.2671283,4.546929516,92.30372412,134.8634872,43.32334328,87.07616806,3.886445522,7.364981795,2664.427563,Derived Woodiness,52.44066387,14.86792488
Tracheophyta,Dipsacales,Caprifoliaceae,Pterocephalus,Pterocephalus virens,15,376.100708,238.2180943,122.0666946,20.13135129,11.90385412,239.8383758,23.58985206,17.12716269,459.5801114,14.74257699,70.25819478,373.0514832,58.6071167,222.6642761,0.620725274,1.231948222,2664.427563,Derived Woodiness,63.96570593,6.809185204
Tracheophyta,Dipsacales,Viburnaceae,Sambucus,Sambucus palmensis,29,612.265564,316.5231552,77.49427614,18.75697509,14.02750744,267.5545511,22.2594069,15.28754892,620.3535579,13.94904491,73.90420029,634.7310181,59.48864746,548.7198486,15.01652336,0.977348736,1879.936897,Ancestral Woodiness,67.53258893,8.61771934
Tracheophyta,Dipsacales,Viburnaceae,Viburnum,Viburnum rugosum,760,835.4812012,236.8300571,87.7235283,17.29827586,15.55515989,276.9958637,21.57962888,13.67999152,616.6785875,13.33197718,74.33895944,691.4635925,43.83829498,639.0140381,14.1065917,0.891845347,2665.789551,Ancestral Woodiness,69.21736354,6.198091961
Tracheophyta,Ericales,Ericaceae,Arbutus,Arbutus canariensis,367,876.4417725,368.5355938,60.37273842,17.56884689,18.52542461,313.209837,22.49650002,13.70245975,532.0047602,11.78750183,74.29656208,608.7960205,76.47290039,529.1003418,4.218753338,0.873863728,5499.079667,Ancestral Woodiness,63.49604402,11.31020701
Tracheophyta,Ericales,Ericaceae,Erica,Erica canariensis,491,870.402832,300.5462037,70.5536964,17.24309304,16.53498202,294.089137,21.74637859,13.42228609,620.6569699,10.84449369,77.492393,570.1552124,50.09667969,510.2189941,8.873387337,1.088575455,3360.468544,Ancestral Woodiness,67.09136177,7.463289557
Tracheophyta,Ericales,Ericaceae,Erica,Erica platycodon,147,838.4084473,138.7851689,86.9192195,16.5978932,11.02045413,259.8056151,20.24922101,13.45987348,630.2348225,18.23220305,71.54901905,550.4420776,16.31074524,513.8666992,14.85917377,1.144961201,3360.468544,Ancestral Woodiness,71.46617789,3.15129349
Tracheophyta,Ericales,Pentaphylacaceae,Visnea,Visnea mocanera,122,593.0314941,256.2417649,91.52686717,19.01407166,14.50183171,258.8718057,22.88212879,15.31966263,408.6343809,6.805544687,78.93263563,560.500824,58.57552338,494.7516174,5.417832613,0.729052239,5174.817606,Ancestral Woodiness,66.4548975,9.07323304
Tracheophyta,Ericales,Primulaceae,Heberdenia,Heberdenia excelsa,17,800.3100586,91.14922365,89.7981694,17.11566999,11.98815147,262.2173265,20.93080224,13.74683063,457.6116853,14.25474521,70.96434391,492.7944336,20.9662075,431.0460205,11.8335104,0.92860563,4786.954127,Ancestral Woodiness,69.22202918,11.48432252
Tracheophyta,Ericales,Primulaceae,Lysimachia,Lysimachia arvensis,293,353.9979858,424.3260539,55.21380439,19.75977092,14.32639362,258.5105768,23.05232198,16.40325084,419.6662855,4.913048816,86.86902735,312.0571289,63.91095352,201.0540466,0.540680289,1.344838001,11634.75333,Annual Herbaceous,59.28397946,14.44249089
Tracheophyta,Ericales,Primulaceae,Lysimachia,Lysimachia foemina,25,473.9028931,574.7456716,56.89036445,20.08917124,16.59527933,283.1154159,23.65636744,16.59268513,314.1815851,4.478806464,83.370512,298.9082642,98.93788147,183.4411774,0.271850377,1.051097018,11634.75333,Annual Herbaceous,58.810255,12.91383261
Tracheophyta,Ericales,Primulaceae,Lysimachia,Lysimachia linum-stellatum,21,1079.976563,425.9532242,61.19953707,17.5838323,20.01826592,331.8490523,22.68326158,12.79317265,444.4189118,2.450767189,90.26103516,320.4424744,85.06182098,209.3728638,0.299637049,1.3868914,11634.75333,Annual Herbaceous,48.9769241,14.28702875
Tracheophyta,Ericales,Primulaceae,Pleiomeris,Pleiomeris canariensis,24,822.7557068,361.9575517,92.15113988,17.54856511,14.64177942,261.7346006,22.088744,14.24103255,563.4193711,13.96539068,75.02490268,568.9075928,45.30117607,506.6903992,6.495197773,0.990353052,1000.667757,Ancestral Woodiness,67.86647465,10.10757988
Tracheophyta,Ericales,Sapotaceae,Sideroxylon,Sideroxylon canariense,7,656.0380859,210.373556,122.6387289,19.41857085,16.11327628,264.3277433,22.54632925,15.08799582,483.5832474,10.03813846,75.08252691,571.6970215,58.39553833,523.2357178,6.329053402,0.845873302,6877.975892,Ancestral Woodiness,72.46838905,4.078567467
Tracheophyta,Fabales,Fabaceae,Adenocarpus,Adenocarpus foliolosus,449,949.4873657,452.8681513,68.17398024,16.36918093,17.5580722,313.7813656,21.24597424,12.40970656,620.3535579,9.071212831,82.87197539,436.5889282,53.80837631,383.9702759,4.102179527,1.420909963,3699.077247,Ancestral Woodiness,59.74426535,12.2026067
Tracheophyta,Fabales,Fabaceae,Adenocarpus,Adenocarpus viscosus,389,2117.557617,245.4350914,51.22929712,11.37793062,18.46430613,351.3177862,15.09238433,7.738037148,455.8211508,1.926428769,97.77897857,198.2484131,143.2804108,15.96638775,0,2.299242368,3699.077247,Ancestral Woodiness,32.34080714,12.11084069
Tracheophyta,Fabales,Fabaceae,Anagyris,Anagyris latifolia,32,530.0267334,481.7323391,65.88001939,19.59444498,17.12968991,292.2903443,23.55553505,15.57595041,388.4664722,4.078256151,83.33163314,254.3816757,83.07276917,201.3838654,0.478477657,1.527100846,2865.335061,Ancestral Woodiness,53.00019842,10.06031001
Tracheophyta,Fabales,Fabaceae,Astragalus,Astragalus hamosus,5,275.7066345,377.9295601,43.99555645,20.34378718,15.62834519,278.5867192,23.87619345,16.19194654,224.4328227,0,93.36545482,64.0980835,44.0050087,35.04785919,2.64E-14,3.501396773,2793.676619,Annual Herbaceous,37.80830795,3.393540455
Tracheophyta,Fabales,Fabaceae,Astragalus,Astragalus solandri,18,38.12510872,51.01535751,7.858042084,21.02660766,7.224999313,248.755462,23.16466585,17.43494278,110.3337969,0,94.79253247,17.42303085,16.79471207,3.104120731,0,6.33264085,2793.676619,Annual Herbaceous,35.75059634,2.388431615
Tracheophyta,Fabales,Fabaceae,Astragalus,Astragalus stella,3,53.94836044,43.81108337,31.94892551,21.36741629,14.52895856,252.1586719,23.64671602,17.74418337,134.5192004,0,96.13801689,26.55303574,22.13336372,4.309157372,0,5.066057294,2793.676619,Annual Herbaceous,42.94008107,6.546457351
Tracheophyta,Fabales,Fabaceae,Biserrula,Biserrula pelecinus,14,627.8295593,498.0813884,58.2301987,19.36530911,18.00974029,335.2164883,23.34180409,15.1621807,330.6130642,1.715313525,88.16359165,149.3844986,65.11351013,68.50269127,0.073487619,2.213168483,4906.014947,Annual Herbaceous,46.55789283,13.59429794
Tracheophyta,Fabales,Fabaceae,Bituminaria,Bituminaria bituminosa,1579,618.0280151,350.1665653,58.33792074,18.68994256,16.64379921,301.1386369,22.91322755,14.96702975,458.8457325,4.960389828,85.45304197,353.0308838,64.39907837,271.2830505,0.996190608,1.299732555,8173.533,Perennial Herbaceous,58.09541189,11.8266517
Tracheophyta,Fabales,Fabaceae,Chamaecytisus,Chamaecytisus prolifer,180,1104.771545,396.3488223,65.00661535,16.75393338,19.26971317,359.7832582,22.01035957,12.37525382,512.5844261,3.238894297,90.11492654,357.9135132,73.38275528,264.3119659,0.765174806,1.432146056,2630.388248,Ancestral Woodiness,52.20726524,14.37748768
Tracheophyta,Fabales,Fabaceae,Cicer,Cicer canariense,4,795.8378601,128.3826721,52.38034887,16.45051975,15.9611048,303.271089,19.99837276,12.63868453,446.5163553,2.082515918,87.95682704,200.5775032,48.83379173,115.8511829,0.741595149,2.226153722,612.4026866,Perennial Herbaceous,58.23458061,2.568287512
Tracheophyta,Fabales,Fabaceae,Coronilla,Coronilla viminalis,15,224.6060486,133.047763,14.69243488,19.72240164,7.266501299,243.4889485,22.11330334,16.18304158,142.2108789,0,95.95914567,13.61327839,12.16207695,0.497281045,0,10.44648283,880.3744538,Perennial Herbaceous,38.7904328,4.90025649
Tracheophyta,Fabales,Fabaceae,Cytisus,Cytisus filipes,43,483.2555847,308.1722189,100.0221403,18.70081239,14.77962085,280.0005378,22.19277513,15.46648926,446.6971673,4.132862982,88.10146901,440.2016296,85.66956329,351.7399597,2.777624845,1.014755824,1681.09246,Ancestral Woodiness,58.64317838,9.423148138
Tracheophyta,Fabales,Fabaceae,Cytisus,Cytisus supranubius,379,2147.332275,187.207207,47.27057092,11.00433932,18.37478908,342.1986883,14.30869141,7.293665632,416.393203,1.805128376,97.35757136,178.2849121,159.6346893,6.223767757,0,2.335549308,1681.09246,Ancestral Woodiness,27.89748636,6.843495679
Tracheophyta,Fabales,Fabaceae,Genista,Genista benehoavensis,12,2225.590576,225.1001971,84.53983053,9.375331824,14.00705079,322.7447923,15.71596458,5.846270871,1047.712166,5.476566446,95.35968373,127.0214691,55.77043152,72.90014458,1.537741452,8.248307736,2901.79938,Ancestral Woodiness,42.0028013,4.514885973
Tracheophyta,Fabales,Fabaceae,Genista,Genista canariensis,35,667.7299805,240.8836795,88.21780101,18.24704416,13.90130274,267.8011029,21.7482526,14.5804719,448.4126764,11.84947058,72.19928812,424.7198486,58.45822144,365.5692444,2.974466324,1.055784602,2901.79938,Ancestral Woodiness,71.22143706,5.186346924
Tracheophyta,Fabales,Fabaceae,Genista,Genista microphylla,30,1265.183777,564.9039911,81.04133854,16.09285271,20.04001849,388.0633752,22.2494851,11.32380684,516.9801096,0.642412691,92.86991631,237.2046661,81.55491638,151.4738007,0.087163802,2.179468549,2901.79938,Ancestral Woodiness,41.78541256,6.099588757
Tracheophyta,Fabales,Fabaceae,Genista,Genista stenopetala,49,883.1329346,246.7814123,79.43625552,17.25156495,15.7367185,284.444696,21.61492613,13.79989922,738.6023999,9.508017274,85.20764896,706.888916,58.39553833,627.5374146,27.29542542,1.044863462,2901.79938,Ancestral Woodiness,68.17392868,9.340733603
Tracheophyta,Fabales,Fabaceae,Genista,Teline salsoloides,3,624.1431274,909.8562589,142.6669013,19.735686,17.26302508,322.9014114,25.20819269,15.49041928,253.9128192,2.993803331,88.89147252,147.8092804,67.870224,72.1784668,0,1.717840845,2901.79938,Ancestral Woodiness,53.86308541,15.66257913
Tracheophyta,Fabales,Fabaceae,Lathyrus,Lathyrus angulatus,10,995.3916626,148.8183278,105.3566769,16.97610271,19.55619352,352.8991177,22.10078114,12.73300441,497.8181778,2.303904464,91.55431326,193.7536469,95.95074081,130.0453644,0.078422971,2.569335783,4162.230596,Annual Herbaceous,45.07245788,8.790152602
Tracheophyta,Fabales,Fabaceae,Lathyrus,Lathyrus sphaericus,33,801.4783325,350.8133477,55.28686887,18.47346342,17.23697148,305.1150457,22.92285388,14.06456518,574.304306,8.01130841,84.10324525,381.9825439,62.65367126,302.1322327,2.103648663,1.503483117,4162.230596,Annual Herbaceous,61.42195387,14.26634327
Tracheophyta,Fabales,Fabaceae,Lotus,Lotus arinagensis,4,10.70242476,9.343341026,18.98235652,22.10596302,13.35323796,278.3104666,26.33301846,18.42817628,129.1538923,0,88.37600239,439.7764893,419.6502075,8.940371513,1.45E-25,0.293680757,11133.68121,Perennial Herbaceous,35.75319044,0.135997004
Tracheophyta,Fabales,Fabaceae,Lotus,Lotus berthelotii,19,490.8657227,334.1418799,43.92326128,19.43098453,17.2926704,311.8441527,22.81672009,16.04518301,359.882809,3.841579783,87.80645842,324.9760132,98.05052185,225.197998,0.747088552,1.107413453,11133.68121,Perennial Herbaceous,56.80623698,11.58277831
Tracheophyta,Fabales,Fabaceae,Lotus,Lotus broussonetii,8,594.2255859,485.8769951,78.31096875,18.93389265,17.61749499,307.3509379,23.73259358,14.97374983,302.7703911,5.934777901,81.87919085,309.3933411,59.64883232,238.2713547,2.261362612,0.978593754,11133.68121,Insular Woodiness,57.29633491,10.99919544
Tracheophyta,Fabales,Fabaceae,Lotus,Lotus campylocladus,231,1216.079956,713.6786118,61.79509114,15.61826552,17.9123867,322.9014114,20.57366553,11.38264064,425.9879225,1.997299225,90.15676084,266.5666809,84.09676361,157.7677155,0.387808889,1.598053894,11133.68121,Insular Woodiness,52.17798922,9.247748391
Tracheophyta,Fabales,Fabaceae,Lotus,Lotus creticus,9,19.7879734,24.40240236,9.422101594,21.04686149,7.223458904,248.4911444,23.18295561,17.56140861,128.0623757,0,94.16362329,22.96879005,17.92749977,2.64E-12,0,5.57549507,11133.68121,Perennial Herbaceous,34.00884769,2.984826659
Tracheophyta,Fabales,Fabaceae,Lotus,Lotus dumetorum,11,567.9581299,169.7719975,88.52654741,17.97793578,10.41546985,249.0804347,21.59470606,14.61368926,556.4817139,16.83421328,71.05398467,425.0735474,46.272789,377.643158,3.844485521,1.309142188,11133.68121,Insular Woodiness,66.23885506,6.164009733
Tracheophyta,Fabales,Fabaceae,Lotus,Lotus emeroides,12,206.685112,265.2781289,99.16107862,20.34902796,13.74701226,209.8930743,23.34137145,17.69725185,358.3489096,7.165064513,84.78883775,442.35849,147.5988007,188.6615982,5.97E-13,0.810087107,11133.68121,Perennial Herbaceous,62.63390872,1.537625453
Tracheophyta,Fabales,Fabaceae,Lotus,Lotus eriophthalmus,18,437.0980225,210.6092843,141.1076483,19.69891613,18.66676786,362.0792535,24.52982786,15.82611405,335.4454243,5.37150873,95.32864422,354.5579376,128.5772705,246.6469727,0.378151357,0.946094809,11133.68121,Insular Woodiness,54.9106121,6.747642187
Tracheophyta,Fabales,Fabaceae,Lotus,Lotus glaucus,23,41.57671356,55.19749283,39.77083949,21.03685422,12.7136988,246.5970747,23.33769282,17.58689485,238.6597352,1.338875834,89.07540907,98.01383209,77.04419708,20.65540886,0,2.434959741,11133.68121,Perennial Herbaceous,41.14500759,8.900989792
Tracheophyta,Fabales,Fabaceae,Lotus,Lotus holosericeus,3,1696.07959,15.02779431,96.14080905,14.60564745,22.10526659,418.5116663,21.49259668,9.610210364,571.1816543,1.40693085,97.00146527,223.0968018,75.10367584,147.3372955,0.682934284,2.560241338,11133.68121,Insular Woodiness,39.06043203,3.458436034
Tracheophyta,Fabales,Fabaceae,Lotus,Lotus lancerottensis,232,161.5807724,223.9051837,15.10974304,20.37078253,11.46453666,246.6922181,22.77599311,16.70482359,145.4913679,0,93.66650249,31.33791542,18.68885422,2.464611053,0,4.6426626,11133.68121,Perennial Herbaceous,37.07590653,4.408834718
Tracheophyta,Fabales,Fabaceae,Lotus,Lotus maculatus,3,331.538208,404.9698338,59.2049753,17.76835028,14.24948795,229.4807219,20.8420813,14.80447213,393.6706029,14.79438491,68.9182753,283.9631042,120.3051376,117.8922653,0.009112029,1.386344201,11133.68121,Perennial Herbaceous,52.39042163,1.890157909
Tracheophyta,Fabales,Fabaceae,Lotus,Lotus mascaensis,7,402.3961487,268.9444454,98.06367919,21.0567347,19.45032567,393.6914929,27.88295974,15.70117424,343.3080404,6.518599924,95.53156438,436.5799561,171.4203491,180.6602631,0.191961676,0.786357769,11133.68121,Insular Woodiness,44.20890272,5.969644291
Tracheophyta,Fabales,Fabaceae,Lotus,Lotus pyranthus,7,1366.930298,502.6182313,110.5038717,14.15040387,13.16693241,280.2030852,18.95703616,10.64519778,1138.354433,11.81759359,87.36490232,488.5053711,65.1997757,399.4936523,37.47626495,2.33028028,11133.68121,Perennial Herbaceous,61.11685748,7.87588445
Tracheophyta,Fabales,Fabaceae,Lotus,Lotus sessilifolius,179,33.25647354,40.59335982,29.73140752,22.16879032,15.62244515,271.0104241,25.18011134,18.60166915,178.7435732,0.895320578,91.09649295,152.5677643,100.6053162,16.21212006,0,1.171568411,11133.68121,Perennial Herbaceous,42.62970348,5.241444322
Tracheophyta,Fabales,Fabaceae,Lotus,Lotus spartioides,27,1254.374634,520.7595399,78.90500293,16.21503396,20.47648292,398.1397533,22.78310036,11.27024853,520.4572063,1.501663979,96.09770798,233.1659698,83.45794678,161.7822418,0.157839999,2.23213193,11133.68121,Insular Woodiness,39.06043203,4.697149951
Tracheophyta,Fabales,Fabaceae,Lotus,Lotus spectabilis,4,728.8086853,580.5637273,42.26539726,18.75518926,17.94484196,330.4746215,22.86753015,14.82265106,423.0909732,6.654622516,86.05975651,191.9951324,77.8248558,105.4249687,0.398738876,2.203654686,11133.68121,Insular Woodiness,53.83811691,9.14981469
Tracheophyta,Fabales,Fabaceae,Lotus,Lotus tenellus,33,34.5570755,44.76074109,51.84932218,22.1801615,14.10688963,232.3243025,25.70804864,19.15962824,282.2006352,5.035917896,82.49606873,363.1737976,158.2936401,60.67556,0,0.777040186,11133.68121,Perennial Herbaceous,55.40928306,4.100676889
Tracheophyta,Fabales,Fabaceae,Medicago,Medicago laciniata,104,106.9633179,115.0890844,14.71754132,21.09160307,14.55104982,254.5163291,23.97996927,17.38831847,134.8251751,0,95.8704276,27.75133419,19.01540756,3.279148221,0,4.858331284,8492.999278,Annual Herbaceous,36.51046469,4.689615644
Tracheophyta,Fabales,Fabaceae,Medicago,Medicago littoralis,24,281.9174347,245.6443794,49.5614559,20.29245177,15.88493873,283.6968763,23.32338811,16.49669123,178.3639569,0,94.71157279,68.50488281,51.52040291,25.96347237,0,2.60366779,8492.999278,Annual Herbaceous,40.74319359,6.674265745
Tracheophyta,Fabales,Fabaceae,Medicago,Medicago minima,67,482.1931763,380.5870351,40.43650898,19.78724528,16.2365019,298.7368844,23.9214254,16.14344653,271.813422,0.320660588,90.09280462,155.5215607,72.88827515,100.2831421,3.82E-13,1.74775395,8492.999278,Annual Herbaceous,47.3328656,11.48130003
Tracheophyta,Fabales,Fabaceae,Medicago,Medicago polymorpha,98,371.7070465,341.7230795,44.03334341,19.70082724,14.2191032,248.6925262,23.01137795,16.24879413,386.351966,5.179860903,86.63687324,304.3702393,81.41809082,196.7254639,0.379286915,1.269348695,8492.999278,Annual Herbaceous,56.65069311,13.95813741
Tracheophyta,Fabales,Fabaceae,Medicago,Medicago truncatula,18,323.3306274,403.7234415,46.72406368,19.97845756,14.60439238,249.56912,23.76719596,16.4094278,352.2129074,4.423800375,83.12406842,317.7349243,91.60160446,143.3560867,0.232178576,1.108511783,8492.999278,Annual Herbaceous,54.68257831,9.604384348
Tracheophyta,Fabales,Fabaceae,Ononis,Ononis angustissima,48,426.5655365,260.3864776,71.5764097,20.27568434,18.06679378,327.956934,24.77702686,16.3279712,230.0506732,0.252659756,92.56503433,133.1006622,68.57772446,54.63526535,2.27E-14,1.728396158,11683.52821,Derived Woodiness,38.85655512,3.673913187
Tracheophyta,Fabales,Fabaceae,Ononis,Ononis dentata,15,497.9627075,498.7783706,91.72351996,19.56702714,15.72996644,303.409186,23.3615803,16.10250102,376.1091083,3.734140212,84.85536327,173.3011475,72.93501282,63.58867264,0.03679391,2.170263232,11683.52821,Annual Herbaceous,52.26181582,4.944571392
Tracheophyta,Fabales,Fabaceae,Ononis,Ononis hebecarpa,12,49.9843111,58.97563957,6.692133373,20.81747547,9.661434389,247.4373139,22.87421476,17.31868454,123.6393816,0,93.19930448,22.21379471,18.11181355,0.823592722,0,5.565882969,11683.52821,Annual Herbaceous,35.66456953,5.735962635
Tracheophyta,Fabales,Fabaceae,Ononis,Ononis laxiflora,3,340.4017029,123.0526328,64.49737876,18.92881473,13.19463458,248.6620946,21.10756858,15.42382571,142.9212123,0,96.91131569,18.63312149,14.82439137,10.5353899,0,7.670277489,11683.52821,Annual Herbaceous,39.70560285,5.652795068
Tracheophyta,Fabales,Fabaceae,Ononis,Ononis mitissima,7,667.517395,317.8654946,116.8026889,17.86601725,14.82948738,264.1395614,21.9163166,14.57030417,340.0367484,2.246101749,87.85844801,164.3645782,72.88827515,136.9754486,0.254074663,2.068795796,11683.52821,Annual Herbaceous,55.76365015,10.38594364
Tracheophyta,Fabales,Fabaceae,Ononis,Ononis natrix,232,13.42435074,14.20052176,8.205988619,21.09193415,7.248605271,248.4463128,23.2313924,17.60549224,103.5872292,0,94.5443127,18.0811367,17.53714561,0.003598794,0,5.729021957,11683.52821,Annual Herbaceous,36.34211752,3.368130952
Tracheophyta,Fabales,Fabaceae,Ononis,Ononis pendula,24,351.3741455,198.0832644,61.19357782,19.09903423,13.2012781,243.8424099,21.22508528,15.6036857,171.9912496,0,90.78254854,35.49105835,16.03830004,16.56966686,0.010881674,4.846044541,11683.52821,Annual Herbaceous,45.72542019,7.120414131
Tracheophyta,Fabales,Fabaceae,Ononis,Ononis reclinata,7,429.6167908,586.2775717,52.21015194,18.74629172,11.31516694,244.7250572,23.18189603,15.17415988,391.1040357,1.092581814,92.38330504,117.3294373,59.43704987,39.88882446,0.20808813,3.333383718,11683.52821,Annual Herbaceous,42.56674236,10.09880355
Tracheophyta,Fabales,Fabaceae,Ononis,Ononis serrata,10,117.9103546,90.82734814,36.87295027,21.93012863,13.99189189,261.8986221,25.00008852,18.4915286,288.3730493,1.400827736,91.91537012,114.0182419,67.27915001,44.46865654,0.054045423,2.529183441,11683.52821,Annual Herbaceous,48.87067274,3.559133764
Tracheophyta,Fabales,Fabaceae,Ononis,Ononis tournefortii,20,13.01393032,16.46211115,7.729919402,21.09918032,12.24182058,248.7341189,23.2417027,17.91005174,111.4815052,0,93.84062715,56.53384209,56.20993805,1.697257578,0,1.971942841,11683.52821,Annual Herbaceous,37.19624238,4.01986442
Tracheophyta,Fabales,Fabaceae,Ornithopus,Ornithopus compressus,69,741.1740112,344.3978269,64.33047289,18.09399628,15.86015028,281.7935822,22.06967851,14.30581972,648.757579,8.086628943,86.14632413,494.130188,55.98944092,403.979248,7.814840794,1.312928444,5494.725607,Annual Herbaceous,66.80672983,9.816570463
Tracheophyta,Fabales,Fabaceae,Retama,Retama monosperma,66,349.188736,349.5603227,65.68071133,20.07400329,15.28478607,288.4204665,24.15742754,16.78090028,486.44334,4.286836634,86.75967847,276.8092957,68.30843353,173.2913666,0.695247531,1.757322993,5397.409942,Ancestral Woodiness,54.70097394,11.19962636
Tracheophyta,Fabales,Fabaceae,Retama,Retama rhodorhizoides,120,482.5653534,346.3162755,71.73650029,19.97269242,17.59386557,335.0962474,24.65497237,15.89255336,414.2152202,2.677788823,86.9440588,296.9316406,69.62316895,234.5688934,0.220255986,1.39498512,5397.409942,Ancestral Woodiness,52.8037886,7.279887701
Tracheophyta,Fabales,Fabaceae,Trifolium,Trifolium angustifolium,62,484.3803711,385.4459458,62.12394056,19.63254587,14.54024559,263.0599132,23.41220869,16.25664075,490.7515676,7.283037935,83.4402035,409.6401062,70.23197556,344.8014832,1.385266721,1.198006641,19853.83344,Annual Herbaceous,63.5308651,10.0670253
Tracheophyta,Fabales,Fabaceae,Trifolium,Trifolium arvense,168,617.0757141,486.0142469,66.44811792,18.30452992,15.39178268,298.7606198,22.8078214,14.64274184,498.3531637,3.980823328,86.78394681,308.4241943,65.13230515,213.0164948,0.885772973,1.615804379,19853.83344,Annual Herbaceous,57.59010793,9.94936089
Tracheophyta,Fabales,Fabaceae,Trifolium,Trifolium campestre,139,559.2137451,380.9359447,60.34550143,19.05346571,15.18419287,278.7558171,22.92816447,15.04966727,483.5362558,6.439925944,85.47942126,351.3298645,62.48905945,257.7131348,1.337723613,1.376302742,19853.83344,Annual Herbaceous,60.0771434,11.54278907
Tracheophyta,Fabales,Fabaceae,Trifolium,Trifolium dubium,9,989.8434448,254.0176839,87.78405013,16.62236704,15.41649162,312.5740541,21.51587365,12.49322944,614.873499,5.354264321,87.16867895,314.4550781,42.93510818,280.5631104,3.145747423,1.955361963,19853.83344,Annual Herbaceous,61.07679484,12.55431787
Tracheophyta,Fabales,Fabaceae,Trifolium,Trifolium glomeratum,30,579.4306946,542.038603,54.89356326,19.05307221,14.29489848,282.2976887,22.62618682,15.28132597,555.9168264,5.724841618,87.28847207,374.6962433,69.36723328,289.2810822,1.452165604,1.483646651,19853.83344,Annual Herbaceous,64.37055615,10.50877006
Tracheophyta,Fabales,Fabaceae,Trifolium,Trifolium ligusticum,10,755.5341797,267.2149414,88.43071613,17.98993218,15.09102277,299.27167,23.09516908,14.18862506,568.8988259,6.234844144,89.51235005,466.8690643,54.46253014,399.9459991,5.006684065,1.21854042,19853.83344,Annual Herbaceous,57.47251938,15.70247315
Tracheophyta,Fabales,Fabaceae,Trifolium,Trifolium scabrum,24,686.9013062,401.9389319,65.92743367,18.76405808,16.97012999,321.0482085,23.43675829,14.89087135,457.4162157,4.548431103,90.88244928,331.0388489,70.9524231,181.1276855,0.423594654,1.381759927,19853.83344,Annual Herbaceous,55.29627351,11.32655329
Tracheophyta,Fabales,Fabaceae,Trifolium,Trifolium stellatum,49,912.8569946,469.4979933,69.63664749,16.89179189,16.7083715,320.3164915,22.01791197,12.61876076,628.4927287,4.779629466,88.88663894,327.883667,61.90790558,279.3395386,3.985991955,1.916816213,19853.83344,Annual Herbaceous,52.41926147,4.950742301
Tracheophyta,Fabales,Fabaceae,Trifolium,Trifolium striatum,6,644.6824951,325.9173139,104.7229912,18.05489541,14.56672871,292.5910483,23.59341319,14.31129144,614.5600463,6.07005641,88.37506689,374.1855011,38.99201012,319.813858,4.265244007,1.642394065,19853.83344,Annual Herbaceous,58.64584536,9.750135305
Tracheophyta,Fabales,Fabaceae,Trifolium,Trifolium subterraneum,35,956.1362305,448.4166412,47.06275384,18.02750673,17.12758734,314.1978775,22.61362977,14.04853319,566.1105958,6.497901546,86.45134309,401.2252502,69.23248291,344.8733521,2.057823658,1.410954558,19853.83344,Annual Herbaceous,56.35330215,12.44080259
Tracheophyta,Fabales,Fabaceae,Trifolium,Trifolium tomentosum,9,881.9888306,911.1620358,41.07082609,18.21231927,18.63919204,377.5540848,22.34787835,13.42274314,406.5459149,2.10896085,91.19764198,357.7122498,94.98079681,217.7014313,0.386254281,1.136516614,19853.83344,Annual Herbaceous,44.8465313,7.863017658
Tracheophyta,Fabales,Fabaceae,Trigonella,Trigonella stellata,28,128.4570541,121.1511682,24.41361095,20.58871808,7.146835498,245.5203538,22.68578881,16.98445033,137.9499426,0,96.13800251,29.20831966,19.18312645,4.106267571,0,4.722967435,1391.868389,Annual Herbaceous,35.81051004,4.35467136
Tracheophyta,Fabales,Fabaceae,Vicia,Vicia aphylla,37,470.0723572,287.6296937,87.27483259,20.05153431,16.7945817,287.6137538,24.40015885,16.24894891,351.6279629,3.848047688,88.32852115,324.3302002,101.0244598,226.8013,0.891445756,1.084166577,8548.602415,Annual Herbaceous,59.46406755,8.037131365
Tracheophyta,Fabales,Fabaceae,Vicia,Vicia disperma,23,1139.388672,309.9789567,63.03904923,16.62236704,18.06315875,339.264362,21.32871868,12.38482453,540.92533,4.534626619,88.38756169,378.3305969,62.15221787,258.1002197,2.160776854,1.429768923,8548.602415,Annual Herbaceous,56.31426994,6.889575542
Tracheophyta,Fabales,Fabaceae,Vicia,Vicia filicaulis,13,292.9246216,73.13810857,60.92680604,21.29840876,16.49037233,281.0924127,24.90185713,17.21569224,314.6412871,6.65389305,74.32317614,393.102478,78.24697113,313.1760559,1.440160275,0.80040525,8548.602415,Annual Herbaceous,60.21158495,2.270241112
Tracheophyta,Fabales,Fabaceae,Vicia,Vicia hirsuta,10,735.3378296,440.8046973,47.01217341,18.64988933,14.40173394,274.8721151,23.39454721,14.6339836,556.9070129,5.063615593,86.4056224,368.4893799,62.24077034,295.6272583,9.926267147,1.51132446,8548.602415,Annual Herbaceous,67.34462258,12.02675946
Tracheophyta,Fabales,Fabaceae,Vicia,Vicia lutea,50,909.6377258,388.3403481,60.31300524,17.10747525,16.8656679,326.9484489,21.76499435,12.71860701,622.3129048,5.285401019,88.17000292,408.5987244,58.60283661,361.7931061,3.365151048,1.523041722,8548.602415,Perennial Herbaceous,62.54020489,12.71882705
Tracheophyta,Fabales,Fabaceae,Vicia,Vicia monantha,3,229.5221252,60.78883965,46.34687157,20.35789743,14.7784769,260.9922047,24.10207271,16.83847887,284.3434087,1.588282166,80.10721449,318.0477905,67.17456055,235.508728,0.236816257,0.894027304,8548.602415,Annual Herbaceous,52.43605768,1.067672745
Tracheophyta,Fabales,Fabaceae,Vicia,Vicia parviflora,15,434.3957825,219.7014754,78.12315494,19.57378381,14.36159702,247.0785744,22.23832154,16.37460988,695.9402478,8.190112132,88.23770921,466.6855164,50.85464096,398.0801392,21.0261364,1.491240297,8548.602415,Annual Herbaceous,69.86541864,11.75866214
Tracheophyta,Fabales,Fabaceae,Vicia,Vicia pubescens,5,507.4665527,563.529618,75.1468442,19.59343352,16.89673913,285.8214967,23.62793274,15.44145558,412.6526006,7.475247111,77.9461536,289.536377,85.003479,204.3946075,0.166666672,1.425218499,8548.602415,Annual Herbaceous,53.83200872,13.06453176
Tracheophyta,Fabales,Fabaceae,Vicia,Vicia sativa,58,792.7852173,444.9882644,54.87831151,17.96270439,15.27365482,291.2681052,22.43356997,14.11707818,513.9220197,4.50020583,87.09670582,431.7347107,59.64548874,337.6959229,2.211317897,1.190365303,8548.602415,Annual Herbaceous,59.23268446,16.6857412
Tracheophyta,Fabales,Fabaceae,Vicia,Vicia scandens,24,1130.361877,117.7210099,66.16638319,17.64471854,22.38607278,306.7407657,22.82560429,14.02901802,609.7365801,9.53232488,71.1973713,865.5876465,96.74843979,741.8491211,13.25215387,0.704419226,8548.602415,Perennial Herbaceous,71.73604508,2.463894709
Tracheophyta,Fagales,Myricaceae,Morella,Morella faya,567,956.5220337,324.206451,81.39448771,16.95728325,16.76439657,295.3144861,21.34196393,13.28082881,640.3484287,9.602646857,83.28241919,699.7600708,45.64282608,625.4579468,15.15311432,0.915097125,2361.010104,Ancestral Woodiness,67.60466104,6.588397243
Tracheophyta,Fagales,Myricaceae,Morella,Morella rivas-martinezii,6,841.4405518,255.0869676,49.91959275,16.49526705,16.05135441,300.5564362,21.36914916,12.63457632,631.6130803,5.954416889,89.34212088,583.90065,38.53364086,529.480072,8.908153772,1.081713268,2361.010104,Ancestral Woodiness,62.18837089,2.60186755
Tracheophyta,Gentianales,Apocynaceae,Ceropegia,Ceropegia burchardii,61,275.4838562,244.718812,31.61411153,19.46473875,6.79781765,244.5062602,21.58888725,16.04515739,146.3851571,0,95.34945062,43.39466476,26.59207535,15.20171165,0,3.373344579,8058.781138,Perennial Herbaceous,37.36277424,3.521939965
Tracheophyta,Gentianales,Apocynaceae,Ceropegia,Ceropegia dichotoma,158,267.0499268,222.6153445,115.7512813,21.18084448,13.98118396,229.7352488,24.5820059,18.13977371,341.6454405,7.692709828,80.0519838,334.3600769,110.8513451,175.7421417,0.360094994,1.021788976,8058.781138,Ancestral Woodiness,64.02910768,7.863978747
Tracheophyta,Gentianales,Apocynaceae,Ceropegia,Ceropegia fusca,293,94.86865234,67.54302759,24.89001493,21.62465298,15.59719727,273.4125343,24.60697906,18.18985077,159.8957121,0.681906673,94.84131304,93.63058472,76.36791229,15.79214001,0,1.707729505,8058.781138,Ancestral Woodiness,41.79560405,3.242841505
Tracheophyta,Gentianales,Apocynaceae,Periploca,Periploca laevigata,1009,231.3035126,245.2378442,61.05256935,20.72221313,15.32492899,271.6885439,24.45617221,17.32166185,310.5917165,2.888993812,84.86167695,241.8692474,89.75626373,118.4851074,0.05973693,1.284130661,10855.90538,Ancestral Woodiness,53.07136107,12.73795959
Tracheophyta,Gentianales,Gentianaceae,Ixanthus,Ixanthus viscosus,262,807.3670044,146.7441447,93.15977795,17.46676503,11.87797646,257.1505796,20.98220552,13.99934285,597.0312587,15.13290725,72.4095001,584.329895,29.23205566,546.0175781,13.88225555,1.021736632,5479.388375,Insular Woodiness,72.12207718,4.598483139
Tracheophyta,Gentianales,Rubiaceae,Galium,Galium aparine,131,594.5379639,330.7479801,60.62409311,18.42682395,15.22637829,282.4877512,22.84621738,14.75447634,555.324942,8.190112132,79.42219898,440.0565186,57.76193619,353.6113586,3.453837633,1.261940043,5460.972069,Annual Herbaceous,63.49412453,9.398239416
Tracheophyta,Gentianales,Rubiaceae,Galium,Galium murale,6,553.8518982,358.7380275,53.54767635,20.05555213,17.15404163,313.805684,24.33677706,15.87290763,369.1374298,2.317079753,81.7048962,294.7503738,62.68646812,202.7513275,0.545453444,1.252373067,5460.972069,Annual Herbaceous,55.85620337,9.402786704
Tracheophyta,Gentianales,Rubiaceae,Galium,Galium parisiense,12,1030.573639,441.2910849,82.57858325,16.67098172,16.35360642,314.2425012,21.92304935,12.47611742,548.5600587,4.753927647,84.03063791,377.0379333,56.80847359,307.9631805,0.740539938,1.454920076,5460.972069,Annual Herbaceous,57.9434171,12.50162311
Tracheophyta,Gentianales,Rubiaceae,Galium,Galium scabrum,176,921.8345337,243.6425606,83.52444275,17.07046708,13.80913731,274.258086,21.1752525,13.60804728,658.2961083,12.70148407,74.88708516,581.6191406,36.18432617,524.0488586,15.5747695,1.131833639,5460.972069,Perennial Herbaceous,70.30308627,4.546575742
Tracheophyta,Gentianales,Rubiaceae,Galium,Galium verrucosum,12,607.2330933,320.8483629,59.1659547,19.24850707,17.53747654,305.2915673,23.89406197,15.12856812,445.7010126,4.918018511,79.93372713,330.1723022,61.7766304,262.5627213,0.685864568,1.349904306,5460.972069,Annual Herbaceous,59.64126463,7.763204431
Tracheophyta,Gentianales,Rubiaceae,Phyllis,Phyllis nobla,453,837.0430298,162.3163764,87.96703612,17.0441888,12.01699869,266.8874485,20.91493166,13.5854043,642.1652469,14.61934217,73.23382674,561.7976074,30.7347126,520.4200439,13.74585724,1.143054435,2502.298368,Ancestral Woodiness,70.30308627,4.281083749
Tracheophyta,Gentianales,Rubiaceae,Phyllis,Phyllis viscosa,46,256.1591644,163.1362224,117.1848706,24.31310189,18.32366585,271.180114,27.32092952,20.83284982,325.8453635,6.097651154,85.43711178,363.1737976,115.0340347,251.4895477,0.144732684,0.897216059,2502.298368,Ancestral Woodiness,57.99465013,13.36363886
Tracheophyta,Gentianales,Rubiaceae,Plocama,Plocama pendula,547,85.88219452,96.94005867,36.7804525,21.78299398,15.21878813,271.8302849,24.67906553,18.2538142,175.1621421,0.618347088,94.34256372,133.2619324,83.11292267,29.76224518,0,1.314419947,5377.416258,Ancestral Woodiness,42.52649076,5.533809976
Tracheophyta,Gentianales,Rubiaceae,Rubia,Rubia fruticosa,654,393.3815918,268.7782478,69.81734816,19.94377821,14.59504335,268.3409215,23.57164681,16.32148562,358.3335009,4.161301131,85.01881731,308.582016,72.7978363,203.9693222,0.425597519,1.161226132,9236.00189,Insular Woodiness,56.69818932,11.21677661
Tracheophyta,Gentianales,Rubiaceae,Sherardia,Sherardia arvensis,135,805.567688,312.5296187,62.57152859,17.77892585,16.37982932,297.396577,22.46432637,13.87969905,566.9806224,7.538125534,83.43450241,445.8756104,56.45910645,372.6168518,2.54987669,1.271611654,2675.245122,Annual Herbaceous,62.49239108,10.93125067
Tracheophyta,Gentianales,Rubiaceae,Theligonum,Theligonum cynocrambe,10,754.2586975,665.853179,69.75786056,18.96840336,18.63275074,343.2046193,23.06461165,14.68693338,522.0909529,5.622115687,80.85984202,444.6505737,86.91764832,325.6592712,1.246786296,1.174160079,609.8335224,Annual Herbaceous,51.24602854,7.098690097
Tracheophyta,Gentianales,Rubiaceae,Valantia,Valantia hispida,5,300.8089905,302.0040884,62.81980615,21.28703867,13.4914729,305.2676766,25.06907563,17.48109148,248.4570944,1.558991162,83.57676139,79.79730225,70.01396179,30.01754379,0,3.113602684,1703.094313,Annual Herbaceous,47.45868747,6.609928224
Tracheophyta,Geraniales,Geraniaceae,Erodium,Erodium botrys,73,608.3699951,494.8255322,46.48609865,18.80770227,15.99885703,296.4635387,22.94245319,15.10367671,522.8869429,4.778714694,87.16867895,245.4402008,59.23228836,189.7787628,0.865518153,2.130404641,10092.77928,Annual Herbaceous,59.11931977,8.771042099
Tracheophyta,Geraniales,Geraniaceae,Erodium,Erodium chium,111,302.2759705,305.5394026,44.52643705,19.98917014,14.050189,250.229156,23.43022046,16.66755021,331.4255089,2.998360648,87.75548393,175.2711182,58.69076538,92.45542908,0.079310559,1.890930533,10092.77928,Perennial Herbaceous,53.85276386,13.65522581
Tracheophyta,Geraniales,Geraniaceae,Erodium,Erodium cicutarium,115,667.517395,540.2287998,60.00191737,18.1043155,16.1727536,309.8356004,22.48299152,14.27366324,486.7595496,2.824815169,89.50086408,241.4286194,59.90469742,161.3688049,0.337070167,2.016163415,10092.77928,Annual Herbaceous,52.06268523,15.91220989
Tracheophyta,Geraniales,Geraniaceae,Erodium,Erodium laciniatum,14,228.0613098,249.3335674,31.49962437,20.10703451,12.09832443,255.6301742,23.03864541,16.25736224,162.8421346,0.179945594,93.59531321,53.78814125,41.67560959,14.3762598,0,3.027472799,10092.77928,Perennial Herbaceous,38.62513538,9.493215462
Tracheophyta,Geraniales,Geraniaceae,Erodium,Erodium malacoides,208,307.0029907,334.4543331,50.0012936,19.95629346,14.79107641,257.0047254,23.13113941,16.63064311,329.8229298,2.401511834,87.29328054,227.5940399,62.05779076,110.3730621,0.07023824,1.449172087,10092.77928,Perennial Herbaceous,54.37765811,14.14154259
Tracheophyta,Geraniales,Geraniaceae,Erodium,Erodium moschatum,73,491.7453308,267.616856,52.61980057,19.16497512,14.47707425,264.2675388,23.38011064,15.619069,512.7192422,6.956024826,86.59433159,366.0510864,65.34798431,304.8594971,1.130437136,1.400676739,10092.77928,Perennial Herbaceous,61.384449,12.42367934
Tracheophyta,Geraniales,Geraniaceae,Erodium,Erodium neuradifolium,22,119.6526222,156.7669982,22.82734794,20.9639009,11.41274262,248.5317329,23.22936159,17.36026335,149.9533422,0,93.38838519,67.08060265,53.51026726,10.17962408,0,2.23542032,10092.77928,Perennial Herbaceous,37.30531442,5.853465505
Tracheophyta,Geraniales,Geraniaceae,Erodium,Erodium touchyanum,5,81.01187134,110.2972769,7.008928671,20.62173852,7.121385812,248.6156821,22.77520599,17.13969966,130.0371619,0,95.43025524,14.6552,11.5369339,0.03600207,0,8.873107284,10092.77928,Annual Herbaceous,32.03283967,0.709348511
Tracheophyta,Geraniales,Geraniaceae,Geranium,Geranium dissectum,20,674.0652466,292.2332509,63.95422338,17.26364254,14.23268007,277.5437551,21.75714962,13.51497662,676.9283638,11.01892364,79.93993158,507.2610321,43.30521393,466.1791687,14.76286268,1.334477362,9830.847355,Annual Herbaceous,69.82761222,10.94433461
Tracheophyta,Geraniales,Geraniaceae,Geranium,Geranium molle,59,471.3197937,270.7408672,60.62409311,19.38487003,15.10219592,279.2799357,22.92541578,15.72213641,602.8688481,7.204681235,87.47226918,436.6343384,58.64741135,369.915802,6.501015186,1.380717903,9830.847355,Annual Herbaceous,64.51545569,11.36517161
Tracheophyta,Geraniales,Geraniaceae,Geranium,Geranium purpureum,157,756.2584839,483.0734116,64.32191451,18.20400044,15.99885703,297.2912402,22.64324327,14.4019135,616.3604412,7.353790235,83.64998479,456.1168213,64.10182953,378.4550171,4.991532326,1.351321443,9830.847355,Perennial Herbaceous,63.21561204,10.37246174
Tracheophyta,Geraniales,Geraniaceae,Geranium,Geranium reuteri,513,900.1558838,225.6511047,79.59715183,16.85243452,14.67785737,279.3080826,21.27165664,13.58195151,620.952839,12.08359923,75.73136652,626.5348511,40.70763397,572.4849854,13.09797573,0.99109066,9830.847355,Perennial Herbaceous,70.61870505,6.827382665
Tracheophyta,Geraniales,Geraniaceae,Geranium,Geranium robertianum,25,677.4916382,402.6435832,72.41090762,18.34233785,13.99844715,268.957748,22.37898122,14.98146332,648.9275301,8.416441243,84.69174434,390.8820496,44.28331757,314.4173584,9.23993969,1.660162013,9830.847355,Perennial Herbaceous,60.3535508,11.89180848
Tracheophyta,Geraniales,Geraniaceae,Geranium,Geranium rotundifolium,78,573.8041992,446.0125289,55.83430776,18.91469872,14.72605755,265.851447,22.712354,15.11583544,540.2553909,6.861230982,86.91036111,466.324234,64.68921661,398.1056061,3.952952981,1.158540242,9830.847355,Annual Herbaceous,66.13709213,7.434336007
Tracheophyta,Lamiales,Acanthaceae,Justicia,Justicia hyssopifolia,42,193.5918045,210.6402434,90.42450669,20.97165397,18.42309942,273.3668828,24.68174334,17.63905945,264.6255898,3.281384268,86.04604014,374.6469421,147.0211792,117.3917503,1.63E-13,0.706333243,332.3722784,Derived Woodiness,58.72492668,4.614031534
Tracheophyta,Lamiales,Lamiaceae,Ajuga,Ajuga iva,87,197.7056732,182.7131436,38.26566716,20.72624844,13.51601081,249.5346884,23.17699593,17.24321433,165.2468069,0,94.04183134,56.68978119,38.4060936,18.36166191,0,2.914931111,5624.395918,Perennial Herbaceous,40.0529546,7.079232701
Tracheophyta,Lamiales,Lamiaceae,Bystropogon,Bystropogon canariensis,166,891.6904297,236.818067,82.8593624,17.33554824,16.3015108,292.0067803,21.78373123,13.79555356,582.1663126,10.67226287,75.41418171,587.6364136,44.26208115,539.7001038,10.45334196,0.990691351,2636.377668,Derived Woodiness,68.90654091,5.380274181
Tracheophyta,Lamiales,Lamiaceae,Bystropogon,Bystropogon origanifolius,154,919.4740295,629.1929893,71.88303985,17.08904571,16.75609882,309.0250166,21.8555231,12.97715794,551.0459011,4.555052772,86.5763111,254.9272766,54.69440079,188.3329773,1.330535948,2.161580779,2636.377668,Derived Woodiness,55.4719228,8.860246747
Tracheophyta,Lamiales,Lamiaceae,Bystropogon,Bystropogon plumosus,8,888.3737183,290.7008131,44.84644995,18.21842019,20.52955014,319.9520344,22.90504443,14.13540685,360.7362078,2.893162998,87.2273994,314.5687103,102.4881935,189.9629059,0.746922616,1.14676443,2636.377668,Derived Woodiness,54.48698586,13.17316448
Tracheophyta,Lamiales,Lamiaceae,Cedronella,Cedronella canariensis,270,1013.349182,246.9227588,66.96375865,16.57414496,17.57034801,304.2216653,21.23109929,12.78893392,664.016212,11.94413737,78.47278574,636.630249,41.56392479,569.5856628,13.20155239,1.043017062,1485.581828,Perennial Herbaceous,68.31696597,6.815776069
Tracheophyta,Lamiales,Lamiaceae,Clinopodium,Clinopodium menthifolium,85,906.6542358,257.4000462,66.22157458,17.26349597,16.63036757,297.8255644,21.6576847,13.73450254,628.2667668,10.74720221,81.81353542,634.7310181,45.61199951,594.4049072,11.38430405,0.989815763,4099.146343,Perennial Herbaceous,69.17109237,5.542824454
Tracheophyta,Lamiales,Lamiaceae,Clinopodium,Clinopodium nepeta,6,803.5423584,237.8720577,72.19406988,17.34284665,15.64877429,275.8111723,20.95835171,14.02952972,582.5001253,8.599407704,86.91869099,636.4685059,39.64420033,552.9527588,8.678552389,0.915206518,4099.146343,Perennial Herbaceous,67.83845474,5.940897961
Tracheophyta,Lamiales,Lamiaceae,Lavandula,Lavandula buchii,192,174.7794724,186.4484706,89.05262169,20.85185377,11.94003684,239.8605309,24.52244078,17.424492,365.7643413,10.02059041,73.17474526,335.0821533,102.927494,208.3824081,0.191767238,1.091566166,12013.96179,Insular Woodiness,63.86524805,7.773601811
Tracheophyta,Lamiales,Lamiaceae,Lavandula,Lavandula canariensis,879,277.100708,283.4651184,62.63910074,20.39519549,15.12925772,272.7914524,24.15070468,17.09293375,330.1902588,2.617246188,86.79516056,256.3353577,86.79196167,153.2155914,0.147813365,1.288118275,12013.96179,Insular Woodiness,53.51837257,11.78139497
Tracheophyta,Lamiales,Lamiaceae,Lavandula,Lavandula minutolii,77,727.7819214,420.0105627,83.01577132,19.60224582,19.94704625,366.0550501,25.33535387,15.01146834,307.1566573,0.159563213,97.72299886,182.5000458,75.05001068,100.1402206,0,1.683049755,12013.96179,Insular Woodiness,39.41291021,3.795367734
Tracheophyta,Lamiales,Lamiaceae,Lavandula,Lavandula pinnata,117,348.1534119,235.129759,66.39750301,18.7972362,13.19766175,234.0493604,20.59326163,15.68448492,177.2957137,0,90.6824649,35.34485245,24.84410286,7.452927589,0,5.016167884,12013.96179,Insular Woodiness,49.94312846,2.325672009
Tracheophyta,Lamiales,Lamiaceae,Marrubium,Marrubium vulgare,246,1034.740723,501.3271549,54.79912126,16.78657853,17.72107418,344.3401978,21.63059244,12.29063776,536.1134326,2.884563566,88.3589756,317.8895874,71.0697937,226.8184204,0.789333493,1.686476858,12049.65537,Perennial Herbaceous,54.4373081,12.10968156
Tracheophyta,Lamiales,Lamiaceae,Micromeria,Micromeria benthamii,18,1220.368652,244.7348741,62.0539657,16.67407392,20.38557072,359.0370609,21.87964427,12.13004406,502.607453,1.447276376,87.25940763,261.1349335,83.81505966,191.7604218,0.318986639,1.924704008,9254.921028,Insular Woodiness,41.1116733,8.988362614
Tracheophyta,Lamiales,Lamiaceae,Micromeria,Micromeria canariensis,18,639.3190918,157.0222167,71.50674031,19.10773137,17.3229627,315.6091424,23.88444713,15.12198858,411.5868502,7.262584307,78.28900847,295.4741211,75.3311882,221.5985184,0.814152032,1.392970893,9254.921028,Insular Woodiness,52.72344061,12.34009754
Tracheophyta,Lamiales,Lamiaceae,Micromeria,Micromeria ericifolia,70,639.3557129,443.5301648,76.48928913,18.70491988,16.43515492,276.679805,22.66085009,14.93519241,398.1872466,6.859380494,80.61188749,432.3566437,80.96648407,313.5399323,1.328000247,0.920969418,9254.921028,Insular Woodiness,61.36553699,12.90101077
Tracheophyta,Lamiales,Lamiaceae,Micromeria,Micromeria gomerensis,3,667.517395,39.33052573,127.3134155,18.36483445,14.82948738,233.6126279,22.35993992,14.74976605,340.0367484,7.30926362,84.23102284,446.2277222,105.4386292,372.6168518,0.766372442,0.762025153,9254.921028,Insular Woodiness,62.77542636,0.419628118
Tracheophyta,Lamiales,Lamiaceae,Micromeria,Micromeria helianthemifolia,10,764.987915,203.9711111,91.61117865,19.77833172,19.35790274,331.6489771,25.47116307,15.67023143,277.4950019,0,103.1238521,71.70721245,45.31363869,19.8182497,0,3.869833905,9254.921028,Insular Woodiness,40.24133669,1.382493277
Tracheophyta,Lamiales,Lamiaceae,Micromeria,Micromeria herpyllomorpha,137,623.0758667,548.0214537,83.82010434,18.68994256,15.27680623,295.7442534,22.64329045,15.17121257,640.4521137,5.177565685,86.86902735,307.3893738,48.18093872,210.6502075,1.803562284,2.083520669,9254.921028,Insular Woodiness,57.30155217,11.66158516
Tracheophyta,Lamiales,Lamiaceae,Micromeria,Micromeria hierrensis,9,586.7523193,270.0568026,54.32411111,20.17269226,14.49539974,273.4548643,23.10801529,16.82449452,327.5495429,2.231996527,89.48355154,142.5552826,23.25832367,87.33573151,0.048874132,2.297701895,9254.921028,Insular Woodiness,58.48401038,9.773620251
Tracheophyta,Lamiales,Lamiaceae,Micromeria,Micromeria lachnophylla,14,2090.631958,134.5597046,69.4934188,11.2705058,18.65477044,335.6334297,15.66769467,7.640126349,429.8607521,2.308254968,87.25579524,167.6864319,163.0787201,5.659868002,0,2.563479629,9254.921028,Insular Woodiness,36.31393621,8.415812582
Tracheophyta,Lamiales,Lamiaceae,Micromeria,Micromeria lanata,28,1149.824829,375.9150217,81.92670423,17.12482329,19.8463501,387.0934211,23.11621773,12.45683955,537.2262963,2.761664798,87.73413278,245.6538925,75.26708603,177.9052963,0.516992688,2.186923605,9254.921028,Insular Woodiness,43.0633,6.77185
Tracheophyta,Lamiales,Lamiaceae,Micromeria,Micromeria lasiophylla,5,2388.566162,226.27169,93.0103306,10.1365676,18.81839623,308.309954,14.38816871,6.730063914,460.1482412,2.26007705,104.0346232,168.8050232,164.1788177,2.358516455,0,2.725915571,9254.921028,Insular Woodiness,27.01186233,0.931236495
Tracheophyta,Lamiales,Lamiaceae,Micromeria,Micromeria lepida,3,612.6418457,541.7450624,98.52924388,18.14814523,17.00053314,275.182087,22.30146463,14.65040306,354.7926641,1.299621231,99.37798476,498.3057556,68.8062439,88.50175476,0.13311246,0.711997925,9254.921028,Insular Woodiness,46.00787929,14.28262061
Tracheophyta,Lamiales,Lamiaceae,Micromeria,Micromeria mahanensis,30,459.0981598,139.8943815,89.65955047,18.14932823,13.21521082,241.7316861,19.98193123,14.73967158,189.9718742,0,88.75158174,47.54149055,18.24394035,15.77137756,8.28E-12,3.995917502,9254.921028,Insular Woodiness,50.52807373,2.666345299
Tracheophyta,Lamiales,Lamiaceae,Micromeria,Micromeria pedro-luisii,4,678.9907227,31.61352215,144.676714,17.93491998,17.83012721,283.2780767,22.72404324,14.59637255,381.5033889,4.399544091,87.56173506,391.4054718,34.91277027,358.8240509,1.846264422,0.974701215,9254.921028,Insular Woodiness,63.6972429,9.820353573
Tracheophyta,Lamiales,Lamiaceae,Micromeria,Micromeria pineolens,12,1166.892029,210.3717461,71.06563013,17.45225525,19.65122691,385.2192914,23.70903072,12.73031204,488.0233655,5.107102786,79.46460485,256.7568359,45.58567047,209.7640991,1.5849576,1.900721995,9254.921028,Insular Woodiness,46.87544841,1.646468282
Tracheophyta,Lamiales,Lamiaceae,Micromeria,Micromeria teneriffae,9,358.9729004,176.9723896,71.35833526,20.22218127,17.74105397,312.9766823,25.23237601,16.38261349,222.2855149,2.024073308,86.4260747,168.0569,82.21073914,99.44234467,0.462613732,1.322680085,9254.921028,Insular Woodiness,51.6673149,1.629983647
Tracheophyta,Lamiales,Lamiaceae,Micromeria,Micromeria tenuis,12,200.0481567,104.0389654,58.92102775,21.54912199,16.86736695,302.0083372,24.86872919,17.89279421,203.8666345,1.413322523,85.69046479,152.4945526,103.4207611,70.47468185,0.040761843,1.336878144,9254.921028,Insular Woodiness,40.97229092,8.912229372
Tracheophyta,Lamiales,Lamiaceae,Micromeria,Micromeria tragothymus,9,673.9411621,102.157782,90.14806804,18.168457,10.53069018,240.1546909,21.37648758,15.05221982,501.3011283,13.07726639,71.49914227,502.8419495,34.2019043,472.9451294,8.071741104,0.996935774,9254.921028,Insular Woodiness,72.74202558,2.970717306
Tracheophyta,Lamiales,Lamiaceae,Nepeta,Nepeta teydea,89,2198.54541,203.1675987,50.35125104,11.0554709,18.78177207,339.8672024,14.21283103,7.331176157,400.790629,2.060063214,97.24193191,205.1130981,169.6584167,8.857438088,0,1.953998222,1006.514528,Perennial Herbaceous,28.27580174,6.084063684
Tracheophyta,Lamiales,Lamiaceae,Origanum,Origanum vulgare,30,1030.223572,458.9712076,74.69135795,16.83789295,14.06591915,279.6370331,20.6740762,12.96226073,807.6759991,9.934817023,75.89224583,564.9023743,49.2532196,498.856369,19.27969456,1.42976209,1480.073162,Perennial Herbaceous,69.89867945,7.299537494
Tracheophyta,Lamiales,Lamiaceae,Salvia,Salvia aegyptiaca,75,86.04249573,99.71686264,31.84741661,20.82670684,12.50731163,263.9911499,23.55602109,17.33625008,157.5425155,0,95.43468894,42.70008469,42.00310516,3.903377771,0,3.689512952,11185.33127,Derived Woodiness,36.55112726,4.577207582
Tracheophyta,Lamiales,Lamiaceae,Salvia,Salvia broussonetii,32,219.8260651,271.2247211,89.30832214,20.19811459,13.23534238,298.3846513,24.03121587,16.21751333,356.8166128,6.229051156,81.03759689,252.7860336,74.8938446,188.6782837,0.052842976,1.411536103,11185.33127,Insular Woodiness,52.22819051,5.841331935
Tracheophyta,Lamiales,Lamiaceae,Salvia,Salvia canariensis,528,668.7322388,614.2305858,68.33180179,18.94357573,18.51789714,357.6480148,23.27658143,14.50110044,420.6718041,1.515019708,89.48365904,257.6208191,76.75276184,164.7058411,0.193614759,1.632910747,11185.33127,Insular Woodiness,44.84313264,9.870197436
Tracheophyta,Lamiales,Lamiaceae,Salvia,Salvia herbanica,4,121.7390327,13.67344794,25.37194933,20.5510326,7.17004036,242.8815801,22.67115518,17.12102529,109.0726288,0,108.9613375,12.84958887,12.42742491,1.290212974,0,8.488413902,11185.33127,Derived Woodiness,32.91174369,0.547017706
Tracheophyta,Lamiales,Lamiaceae,Sideritis,Sideritis barbellata,11,1047.145752,358.6213397,89.61066231,14.76524513,16.5592856,311.5432729,19.37116606,11.05016811,532.0776784,2.606238947,85.09248773,109.8200378,23.20477104,89.52731323,1.350972891,4.844996312,23661.63735,Insular Woodiness,60.86888674,2.782139881
Tracheophyta,Lamiales,Lamiaceae,Sideritis,Sideritis canariensis,52,1116.549133,326.9503107,82.02034253,17.27392693,17.37639486,300.9102194,21.82131309,13.34652402,614.6519713,6.983779752,85.23030936,510.6324005,52.9517765,441.2714386,11.36315155,1.203707345,23661.63735,Insular Woodiness,69.35213817,4.719631684
Tracheophyta,Lamiales,Lamiaceae,Sideritis,Sideritis cretica,103,325.8986511,234.2468184,132.9568508,22.92165261,16.2544633,272.7176647,25.78969352,19.20962443,327.0039332,4.540244863,86.20363164,464.7268372,104.4947281,312.2353821,0.294105142,0.703647621,23661.63735,Insular Woodiness,64.95609259,8.200216301
Tracheophyta,Lamiales,Lamiaceae,Sideritis,Sideritis cystosiphon,4,584.8295593,30.01645139,82.98142915,19.56994634,18.17281317,340.5431123,20.8072581,15.29710357,264.0953593,4.524163133,105.4443937,263.5832214,120.7518921,144.5413208,0,1.001942983,23661.63735,Insular Woodiness,46.00410819,1.663770818
Tracheophyta,Lamiales,Lamiaceae,Sideritis,Sideritis dasygnaphala,66,1596.557556,151.7993636,69.82254894,14.6070711,19.97582241,405.6006562,20.65140112,9.703442994,572.104841,1.268374046,96.46082252,289.425705,89.16348267,207.4387894,0.454812303,1.976689807,23661.63735,Insular Woodiness,40.1904226,3.447253038
Tracheophyta,Lamiales,Lamiaceae,Sideritis,Sideritis dendrochahorra,39,491.8787842,151.9290368,98.1382727,18.91604682,11.86921867,239.8605309,22.65954967,15.78463598,456.774625,15.25019674,70.17447281,369.7923889,57.65270233,275.0001221,1.118649364,1.235219109,23661.63735,Insular Woodiness,65.22374856,5.497274683
Tracheophyta,Lamiales,Lamiaceae,Sideritis,Sideritis discolor,6,739.236145,254.3467535,80.59427808,18.77024911,18.42738757,316.674885,23.98272522,13.67757345,459.4596382,16.13885867,70.96388751,588.1135559,74.89950562,519.7292633,2.236261368,0.781243067,23661.63735,Insular Woodiness,60.26356296,1.459433894
Tracheophyta,Lamiales,Lamiaceae,Sideritis,Sideritis eriocephala,19,2475.603271,119.1903983,127.2086849,9.615794915,18.0452194,308.139785,13.92256698,6.144122066,468.4832273,2.291774966,105.210414,211.8324738,172.8427277,37.66563797,0,2.21157417,23661.63735,Insular Woodiness,27.78920717,1.15249146
Tracheophyta,Lamiales,Lamiaceae,Sideritis,Sideritis gomeraea,12,647.0820313,236.9228327,117.1734243,18.87348868,15.73743721,306.1095203,23.65148133,14.77320036,390.9933447,1.35830685,100.1506895,233.9390411,81.63973618,160.6717758,0.282348171,1.671347129,23661.63735,Insular Woodiness,46.00787929,3.911632093
Tracheophyta,Lamiales,Lamiaceae,Sideritis,Sideritis guayedrae,3,685.5526733,73.96313511,251.4524164,19.02458816,20.61137069,361.3467368,24.52077586,14.60848874,290.3264331,1.901386508,82.78941335,97.89612579,48.18405914,49.45425415,0.046927366,2.965658045,23661.63735,Insular Woodiness,41.22092243,3.415995702
Tracheophyta,Lamiales,Lamiaceae,Sideritis,Sideritis infernalis,8,565.1698914,94.3570519,186.4736198,19.23198945,18.66676786,363.2262666,23.79757304,14.70804332,232.56921,0.327437435,100.5357395,487.6485901,173.4227142,308.51828,0.188151009,0.476919681,23661.63735,Insular Woodiness,58.32325594,0.313515924
Tracheophyta,Lamiales,Lamiaceae,Sideritis,Sideritis kuegleriana,3,215.240921,72.24928607,202.3537911,20.22925139,14.06648212,184.0845784,22.37193204,17.77193448,386.360909,6.349171616,75.72617158,302.1794739,96.21620941,241.4142151,1.746345162,1.278580918,23661.63735,Insular Woodiness,60.19082042,0
Tracheophyta,Lamiales,Lamiaceae,Sideritis,Sideritis macrostachyos,124,632.4535522,104.1829644,101.9701169,18.20525408,10.54015881,236.7508483,21.49012724,15.07304865,446.4639153,14.79852131,71.22630654,479.3565826,34.33401489,434.0300446,9.0771451,0.93138163,23661.63735,Insular Woodiness,71.61273672,4.645000969
Tracheophyta,Lamiales,Lamiaceae,Sideritis,Sideritis nervosa,5,624.1431274,471.0404077,49.98661338,20.17415206,17.26302508,324.7918865,25.47885946,16.13230376,294.8853534,4.100058424,89.56884496,263.2097473,86.46037292,215.6157379,0.224787727,1.120343591,23661.63735,Insular Woodiness,54.60867798,7.675455625
Tracheophyta,Lamiales,Lamiaceae,Sideritis,Sideritis nutans,12,572.1409302,221.0982449,182.9821286,18.69512947,18.47681673,313.9389326,22.71045388,14.74031259,268.4525291,0.954989737,89.83366305,160.3475342,34.77325058,114.8158722,0.026904805,1.674191814,23661.63735,Insular Woodiness,45.18688681,4.818859271
Tracheophyta,Lamiales,Lamiaceae,Sideritis,Sideritis oroteneriffae,57,1707.819702,337.5566378,75.60420691,13.23080994,18.86603308,333.055136,18.56694912,9.129202329,662.1110474,7.893329679,84.09067576,347.9241638,66.25778198,258.9463806,4.522249222,1.903032661,23661.63735,Insular Woodiness,55.37567511,2.717078446
Tracheophyta,Lamiales,Lamiaceae,Sideritis,Sideritis pumila,7,555.8095093,70.44087422,48.20360956,17.7153098,12.84576265,243.4889485,19.66670319,14.45798508,196.270759,0,90.05870105,28.52623749,11.45042801,8.742271423,0.033891935,6.880359148,23661.63735,Insular Woodiness,49.40625024,3.385278474
Tracheophyta,Lamiales,Lamiaceae,Sideritis,Sideritis santosii,5,730.0926514,79.11902501,55.86240698,21.11656865,17.04172506,294.090833,25.92805008,17.27219808,331.0259058,4.065188254,88.56093082,160.4453278,56.96150208,108.1770706,3.01E-13,2.063169494,23661.63735,Insular Woodiness,66.32486353,0.46903285
Tracheophyta,Lamiales,Lamiaceae,Sideritis,Sideritis soluta,20,1333.003235,613.2901949,68.83265758,15.71225065,20.54065089,362.9105598,21.51314505,11.29815957,331.2607765,2.671410039,90.66634138,366.9346771,131.0396805,282.4929047,2.020075858,0.902778606,23661.63735,Insular Woodiness,53.21687811,10.5832187
Tracheophyta,Lamiales,Lamiaceae,Sideritis,Sideritis sventenii,5,744.0080566,736.4853506,63.47306489,20.32178737,19.82819199,374.3747682,25.42536747,14.7583825,283.2101132,0.342986962,93.80294706,161.2634583,71.06472778,63.67215729,1.03E-13,1.756195212,23661.63735,Insular Woodiness,37.86108775,3.758198417
Tracheophyta,Lamiales,Lamiaceae,Stachys,Stachys arvensis,194,668.4236755,375.978139,61.44607852,18.48981834,16.41330171,300.8379481,22.74630894,14.56720232,505.8436014,5.475274916,85.19604968,343.3644409,57.60412216,279.8549194,1.572075605,1.473197399,5376.888749,Annual Herbaceous,59.74706217,10.34443793
Tracheophyta,Lamiales,Lamiaceae,Stachys,Stachys germanica,3,511.338501,8.686928394,145.8552069,18.31771681,9.281030979,227.6458977,21.31469621,15.28104237,362.3656155,10.86017201,70.39214107,472.0556641,46.272789,423.9179687,1.960168242,0.767633233,5376.888749,Perennial Herbaceous,71.38163239,1.091436605
Tracheophyta,Lamiales,Lamiaceae,Stachys,Stachys ocymastrum,204,441.3746948,245.1153876,73.80514369,19.72394922,13.64593183,259.0002783,23.38429676,16.24502866,409.3405394,8.203234553,79.84081325,384.8903351,71.20453644,293.8782654,1.284137011,1.063525119,5376.888749,Annual Herbaceous,62.82849733,8.567935966
Tracheophyta,Lamiales,Lamiaceae,Teucrium,Teucrium heterophyllum,72,341.4596558,161.4589089,112.9328627,20.29075727,14.23636031,245.168122,24.12960008,17.11548146,386.7957574,6.595151481,82.21588722,339.5739746,90.23955536,235.508728,0.236816257,1.139061843,6645.615714,Ancestral Woodiness,60.47684226,5.172589279
Tracheophyta,Lamiales,Lamiaceae,Thymus,Thymus origanoides,15,446.9926453,106.7756593,69.78257243,18.29735425,13.22673562,241.5937612,20.21763928,15.12295862,189.8807171,0,90.04836586,32.48677826,12.45768642,13.42228508,3.90E-13,5.844861426,42.1710333,Derived Woodiness,50.03776215,2.000391363
Tracheophyta,Lamiales,Oleaceae,Chrysojasminum,Chrysojasminum odoratissimum,321,353.6298523,228.9589478,87.91101386,19.68881042,13.83571494,242.4487605,23.53965586,16.48312454,392.8666184,8.46634613,79.51853295,456.3920593,88.80665588,359.3006592,1.99506855,0.860809496,6382.71075,Ancestral Woodiness,65.34554491,7.534689652
Tracheophyta,Lamiales,Oleaceae,Olea,Olea europaea,274,372.8748474,284.735167,43.82230794,19.99222685,16.42664539,287.7488828,24.18314433,16.28794509,312.9283775,2.117619137,85.98322442,217.4291229,57.82378387,161.4797211,0.289412424,1.439220162,8579.068886,Ancestral Woodiness,51.38766612,11.89581547
Tracheophyta,Lamiales,Oleaceae,Phillyrea,Phillyrea angustifolia,19,1162.324707,98.28740332,64.92167768,16.90304071,19.5301426,385.9476345,23.15533375,12.13084063,522.4714516,5.600451951,79.10323121,266.6091003,42.71166611,224.8411407,1.912934422,1.959690989,158.3378673,Ancestral Woodiness,47.49163047,0.91727478
Tracheophyta,Lamiales,Oleaceae,Picconia,Picconia excelsa,207,693.6472778,231.9207544,94.31375552,17.93999752,15.5659738,271.9328899,22.03619449,14.60905646,540.6900664,14.25843876,72.6999519,670.5841675,50.88951874,621.935791,11.3858614,0.806297095,2668.944719,Ancestral Woodiness,67.84054784,7.932043229
Tracheophyta,Lamiales,Orobanchaceae,Cistanche,Cistanche phelypaea,89,21.30906105,23.21066959,17.9590453,21.02141493,7.256044342,243.2996112,23.12396834,17.69235834,107.2031706,0,98.53941841,35.66060638,35.66060638,0.102853164,0,3.006207171,4523.446921,Perennial Herbaceous,33.74096051,5.196170911
Tracheophyta,Lamiales,Orobanchaceae,Orobanche,Orobanche cernua,8,123.9218102,148.1513956,51.69838063,21.7727274,14.16333759,259.6303607,25.70566069,18.23130487,138.2510365,0,98.3653317,76.14305115,53.12522888,13.8980093,0,1.815675028,5183.201914,Perennial Herbaceous,41.60176383,4.695378915
Tracheophyta,Lamiales,Orobanchaceae,Orobanche,Orobanche crenata,6,465.9902039,56.19225027,40.53775177,20.69125053,17.97730232,292.4171837,25.13727488,16.80219862,368.1701436,2.515179009,77.80661737,273.853714,65.21092606,217.3523788,0.694635019,1.34440442,5183.201914,Perennial Herbaceous,54.17273514,0.737624428
Tracheophyta,Lamiales,Orobanchaceae,Orobanche,Orobanche hederae,24,784.4329529,215.47212,140.6880746,18.28326157,13.21032999,265.374801,21.81377962,14.96397432,733.0963726,18.51737843,74.3641425,852.6912842,47.4841156,792.9268188,29.088274,0.859744184,5183.201914,Annual Herbaceous,72.32944324,1.289213116
Tracheophyta,Lamiales,Orobanchaceae,Orobanche,Orobanche minor,7,13.90820503,14.56069817,6.983383408,21.07540186,7.24104985,248.6240976,23.21091177,17.58778896,92.42678594,0,94.19781977,21.56936073,16.36603928,0.627845883,0,4.285096211,5183.201914,Annual Herbaceous,36.90623168,3.187435205
Tracheophyta,Lamiales,Orobanchaceae,Orobanche,Orobanche ramosa,19,186.8649597,158.1701594,35.03294888,20.46289863,9.832571294,248.5919947,22.61300965,17.22375122,153.5418486,0,93.3766963,29.21552467,19.67891312,6.802913666,0,5.255488315,5183.201914,Annual Herbaceous,38.71399477,5.46557904
Tracheophyta,Lamiales,Plantaginaceae,Callitriche,Callitriche stagnalis,3,628.4689941,113.9032063,117.1898391,18.05504659,19.71404544,337.1776647,23.40247628,13.79418268,507.5237031,5.896125159,87.87403208,314.3885498,113.9272842,253.0307159,0.58860302,1.614319934,19.39600101,Perennial Herbaceous,58.86985868,4.71902667
Tracheophyta,Lamiales,Plantaginaceae,Campylanthus,Campylanthus salsoloides,433,243.5335236,249.2237796,62.92917762,21.24300412,16.12507755,287.7607898,24.59934975,17.34149928,213.8707531,0.425476833,94.13209075,149.9464722,78.52856446,44.35488129,0,1.426314004,4020.844304,Derived Woodiness,43.23649961,7.099618485
Tracheophyta,Lamiales,Plantaginaceae,Digitalis,Digitalis canariensis,296,731.8288269,165.8486365,83.50764624,18.01640132,11.60030948,250.5888125,21.8846306,14.65048235,506.3124409,13.55489069,71.96325252,572.4946899,34.2019043,528.5615234,9.043610573,0.884396746,913.3573551,Insular Woodiness,70.71115089,3.676087145
Tracheophyta,Lamiales,Plantaginaceae,Digitalis,Digitalis chalcantha,4,587.9615173,59.23310052,103.3348002,19.06906648,17.17752562,295.245937,23.3233114,14.71521655,492.3246696,17.28219562,68.52905687,774.4607239,74.49591446,692.6368408,5.645386696,0.635699984,913.3573551,Insular Woodiness,61.09771248,0.274657165
Tracheophyta,Lamiales,Plantaginaceae,Digitalis,Digitalis isabelliana,9,669.2286377,431.5288553,80.42941858,19.80939945,18.65747918,329.8711982,24.02130062,15.54504316,455.173465,2.734260021,81.65270081,477.292511,82.48749542,367.1607361,1.011173248,0.953657253,913.3573551,Insular Woodiness,47.98597605,19.19468365
Tracheophyta,Lamiales,Plantaginaceae,Globularia,Globularia salicina,475,456.6994629,346.8817068,89.61017724,19.47127165,13.53189152,247.8668375,22.84485992,16.01320888,440.0646608,9.214725174,75.42123264,495.4127502,77.26979828,391.9385681,2.194942474,0.888278835,6128.224924,Derived Woodiness,66.80275693,5.852537786
Tracheophyta,Lamiales,Plantaginaceae,Kickxia,Kickxia commutata,49,572.3713379,244.1733792,54.17088286,19.55487504,16.56356604,258.3952882,23.6974793,15.92838173,378.6539482,7.946114422,79.85864991,407.286438,91.8223114,337.6034241,1.600365758,0.929699378,2095.117499,Perennial Herbaceous,60.96526589,10.02298222
Tracheophyta,Lamiales,Plantaginaceae,Kickxia,Kickxia elatine,3,275.6604004,131.8321559,99.07746607,20.01903895,12.5670846,231.504357,24.05041374,16.96535038,430.1638723,2.500036156,78.49491978,515.1282959,88.62874603,429.3455505,0.660006285,0.835061626,2095.117499,Annual Herbaceous,54.097497,8.673029701
Tracheophyta,Lamiales,Plantaginaceae,Misopates,Misopates calycinum,6,44.8330822,31.45722488,10.79436042,20.92850439,7.199764965,248.6114706,23.06894707,17.44023093,94.75715857,0,93.1831493,19.51913738,17.54975224,2.148787677,0,4.854577163,9652.897075,Annual Herbaceous,34.03274743,0.857025712
Tracheophyta,Lamiales,Plantaginaceae,Misopates,Misopates orontium,173,563.9071045,406.7488758,55.2285522,19.49899027,16.78027388,295.9807682,23.5592304,15.60767691,449.9910125,3.635063666,86.21114273,288.0223083,71.75063324,218.132309,0.612228811,1.562347775,9652.897075,Annual Herbaceous,55.62359368,12.54514181
Tracheophyta,Lamiales,Plantaginaceae,Misopates,Misopates salvagense,11,198.6262207,142.4947229,18.88509041,20.41993486,13.33765869,247.9822948,22.3553746,16.4701425,147.0110149,0,92.76195592,29.04794884,23.82627487,3.874234915,0,5.06097748,9652.897075,Annual Herbaceous,44.57652501,9.835721734
Tracheophyta,Lamiales,Plantaginaceae,Nanorrhinum,Nanorrhinum heterophyllum,94,72.26403427,90.81217045,19.13858241,20.76682485,12.53458703,248.1800881,22.95648647,17.23332364,136.3443851,0,94.33950497,32.17890549,20.18871307,2.143403292,0,4.23707342,8562.467443,Perennial Herbaceous,36.4852625,5.59980429
Tracheophyta,Lamiales,Plantaginaceae,Nanorrhinum,Nanorrhinum sagittatum,51,46.47572327,64.04195638,12.17768055,20.79718523,7.242771144,248.0983732,22.97492469,17.30765807,125.12287,0,94.67202737,33.24977875,28.84361267,2.245476961,0,3.763118876,8562.467443,Perennial Herbaceous,35.34060008,3.767011839
Tracheophyta,Lamiales,Plantaginaceae,Nanorrhinum,Nanorrhinum scoparium,139,181.6474915,198.7732618,69.12563485,21.77592482,16.19384429,296.2216021,25.11023334,18.00741801,196.7182538,0.127439303,99.49637167,130.4355469,85.81893158,33.14105606,0,1.508164442,8562.467443,Perennial Herbaceous,40.85610249,6.225629079
Tracheophyta,Lamiales,Plantaginaceae,Plantago,Plantago afra,31,54.2821312,54.24198856,24.35500341,21.08870424,14.28848764,257.7175146,24.19464907,17.74748891,182.2405645,0.09904452,92.78082513,92.62121582,71.08402252,10.76344109,0,1.967589854,10505.44054,Annual Herbaceous,41.02268304,9.660292779
Tracheophyta,Lamiales,Plantaginaceae,Plantago,Plantago albicans,3,431.6443481,0.789169592,27.09013797,18.63813965,6.628455427,244.2426303,20.78545156,15.21677785,174.4873492,0,96.29313497,10.04899883,9.948973656,0.100025274,0,17.36365504,10505.44054,Perennial Herbaceous,36.92840863,2.362739832
Tracheophyta,Lamiales,Plantaginaceae,Plantago,Plantago amplexicaulis,30,196.8327866,157.0077608,53.30045171,20.15211671,11.63422784,244.8410045,22.94216293,16.87734885,434.9494506,3.96497254,89.42919831,149.679924,56.57364082,81.09108734,0.233279474,2.905863652,10505.44054,Annual Herbaceous,55.5297161,21.97197779
Tracheophyta,Lamiales,Plantaginaceae,Plantago,Plantago arborescens,210,652.73172,220.5317278,95.74935475,18.01808979,12.12211411,254.1838412,21.88831768,14.63642648,507.6057724,13.67558372,72.95383213,500.0168457,54.8494091,419.273056,4.33744216,1.015177342,10505.44054,Insular Woodiness,67.9793882,5.950685339
Tracheophyta,Lamiales,Plantaginaceae,Plantago,Plantago asphodeloides,8,435.7165375,110.0722364,58.43461757,20.77823777,15.45457212,287.7144034,25.26147101,17.15820114,147.4966276,0,97.65874894,65.57308006,45.00153351,17.38940525,0,2.249347255,10505.44054,Annual Herbaceous,39.74767767,0.232579715
Tracheophyta,Lamiales,Plantaginaceae,Plantago,Plantago coronopus,138,34.5826149,41.1989559,24.7136401,21.08597011,12.23744621,247.8749934,23.3073943,17.77623207,152.6682621,0,92.62976793,110.5684128,73.93848419,8.529402733,0,1.380758376,10505.44054,Perennial Herbaceous,40.964207,10.79106154
Tracheophyta,Lamiales,Plantaginaceae,Plantago,Plantago lagopus,205,440.4716492,309.9742059,47.45984575,19.7331191,14.91122749,271.4050103,23.56105598,16.26626589,373.3683317,4.781107486,85.28224013,261.2965088,69.43701172,161.3688049,0.387808889,1.428906699,10505.44054,Annual Herbaceous,58.23943023,11.13066241
Tracheophyta,Lamiales,Plantaginaceae,Plantago,Plantago lanceolata,8,405.8545532,372.2550453,46.88182489,20.90535085,14.23721386,288.9661781,24.48409532,17.34647094,368.1427564,5.511950251,84.06230273,269.1117859,64.30581284,189.2403183,0.233457625,1.367991949,10505.44054,Perennial Herbaceous,51.69797846,7.125468882
Tracheophyta,Lamiales,Plantaginaceae,Plantago,Plantago loeflingii,3,306.4307251,215.8775184,61.52811368,20.17415206,18.71523714,316.749415,25.16935343,16.13230376,182.3964396,0.230626202,99.87774595,211.9811859,80.44182587,108.0248871,0,0.860436924,10505.44054,Annual Herbaceous,40.79972811,1.068372223
Tracheophyta,Lamiales,Plantaginaceae,Plantago,Plantago ovata,51,114.9530487,143.2568132,19.63519352,20.7019535,13.18562469,248.3169485,22.86340905,17.22371896,136.6192894,0,94.07134368,30.25323677,19.80368996,4.295493603,0,4.515856946,10505.44054,Annual Herbaceous,37.33111405,4.438468902
Tracheophyta,Lamiales,Plantaginaceae,Plantago,Plantago webbii,100,2137.600464,135.3790981,66.46599704,11.27378713,16.75562589,312.1465399,14.36146454,7.785553491,503.6437039,2.662655556,97.9737307,155.1537781,89.02160645,13.45703125,0,3.246093715,10505.44054,Insular Woodiness,38.97335423,18.27198287
Tracheophyta,Lamiales,Plantaginaceae,Veronica,Veronica anagallis-aquatica,33,483.134552,471.976489,70.32953594,19.85246985,18.66488348,354.1831963,24.55307529,15.54907063,396.5157812,6.591486261,86.08754207,407.0067444,91.57808685,282.2494202,0.287829101,0.974224105,5515.336881,Perennial Herbaceous,57.91216753,16.38632583
Tracheophyta,Lamiales,Plantaginaceae,Veronica,Veronica arvensis,14,820.6278076,138.7443123,80.07548988,17.4686349,16.50362751,305.4531876,21.98840144,14.0021044,553.7199052,9.732690567,86.79782394,631.3113098,58.64370537,554.782135,6.910823107,0.87709486,5515.336881,Annual Herbaceous,68.8238465,11.91816188
Tracheophyta,Lamiales,Plantaginaceae,Veronica,Veronica serpyllifolia,5,810.2947388,21.1884932,63.57379889,17.04167082,10.46029728,253.519279,20.79175995,13.73213418,595.3972664,18.22029478,72.35662653,561.793396,19.09396744,529.8186035,13.85970783,1.059815353,5515.336881,Perennial Herbaceous,73.25713647,1.468370588
Tracheophyta,Lamiales,Scrophulariaceae,Camptoloma,Camptoloma canariense,10,440.6694489,196.1055444,117.1746194,20.59170941,19.08341129,334.7873049,24.83796211,16.3479875,228.0309108,0.499132517,87.62243451,164.7520828,101.2291718,74.86007309,2.84E-13,1.384085147,421.306813,Ancestral Woodiness,36.05875736,7.540516989
Tracheophyta,Lamiales,Scrophulariaceae,Scrophularia,Scrophularia arguta,16,277.0149231,198.8182413,28.65353073,20.63213776,12.86691667,248.4028854,22.96024565,17.29225441,162.4689014,0,93.37930117,45.64163399,31.07369232,7.592079401,0,3.559664437,12136.30017,Annual Herbaceous,44.44971455,15.32952381
Tracheophyta,Lamiales,Scrophulariaceae,Scrophularia,Scrophularia calliantha,14,820.6296692,840.0801253,82.06084753,18.15283965,18.60073024,367.701945,22.78189119,13.55338173,509.7688637,1.618376498,89.94552088,351.396225,93.16455078,237.4599609,0.294580601,1.450695333,12136.30017,Perennial Herbaceous,48.3186888,10.68493368
Tracheophyta,Lamiales,Scrophulariaceae,Scrophularia,Scrophularia glabrata,202,1896.239136,463.5385458,49.52232267,12.21090528,19.82917532,338.6817484,17.00250312,8.775178273,449.2306972,1.857489299,97.65326224,216.6496735,140.1550598,72.12026978,5.78E-13,2.073535076,12136.30017,Insular Woodiness,37.43502094,21.20173582
Tracheophyta,Lamiales,Scrophulariaceae,Scrophularia,Scrophularia smithii,82,816.3345337,144.1127197,86.11196815,16.86591615,11.69812886,263.357392,20.83173003,13.6010398,615.5256574,14.41060644,72.79469685,575.6812744,25.71385002,542.0710754,13.5509491,1.069212574,12136.30017,Perennial Herbaceous,70.40149034,3.510187895
Tracheophyta,Laurales,Lauraceae,Apollonias,Apollonias barbujana,173,591.6818848,189.6641206,98.27082568,18.96420773,12.87799284,256.6687556,22.36538381,15.37761789,521.4267217,15.28406298,71.90153455,627.5059814,53.07281876,570.1022949,11.03389549,0.830950998,4752.272551,Ancestral Woodiness,69.0452065,4.561768463
Tracheophyta,Laurales,Lauraceae,Laurus,Laurus novocanariensis,478,829.6794128,228.3965932,75.92742841,17.27531659,13.01048292,269.0658311,21.3636279,13.67666466,646.3778692,14.07034546,73.35161783,626.6483765,37.88753128,571.5018005,14.37443256,1.031484152,1889.544103,Ancestral Woodiness,69.66034357,5.832217592
Tracheophyta,Laurales,Lauraceae,Mespilodaphne,Mespilodaphne foetens,162,662.8210449,210.9684872,106.5817659,18.61343996,12.67736439,264.8256597,22.18114621,15.1839943,652.3666402,17.21353202,72.74831683,783.0090027,44.94914055,722.2006226,17.03393841,0.833153435,4501.022745,Ancestral Woodiness,72.30458645,4.11265185
Tracheophyta,Laurales,Lauraceae,Persea,Persea indica,223,854.9971313,217.4704719,80.16511011,17.35983188,14.46993416,272.1109225,21.72886161,13.62839121,668.1028064,16.23820991,75.47602989,730.7526245,44.21036911,655.423584,17.28900719,0.914266722,3024.36765,Ancestral Woodiness,68.67609571,6.288408878
Tracheophyta,Malpighiales,Euphorbiaceae,Euphorbia,Euphorbia aphylla,219,112.1334152,133.4249679,66.74010108,22.32231822,14.76768591,246.3542054,25.052131,19.52524092,259.7837599,3.175539838,85.21201497,293.779541,124.2203064,70.1884613,0,0.884281319,10861.47542,Derived Woodiness,52.59740261,10.43054841
Tracheophyta,Malpighiales,Euphorbiaceae,Euphorbia,Euphorbia atropurpurea,289,750.5261841,315.7306375,95.17874258,18.93013092,18.69536271,373.4166817,24.94410358,14.12775953,400.5541891,5.789834851,91.39008289,265.5162659,83.55098724,175.4125214,0.053199999,1.508586255,10861.47542,Derived Woodiness,53.73992894,6.198236593
Tracheophyta,Malpighiales,Euphorbiaceae,Euphorbia,Euphorbia balsamifera,1987,46.16736984,55.11220815,20.08635287,21.62465298,14.42748519,244.2374664,23.88743906,18.01561359,162.8004401,0.069422478,91.41033942,113.1154709,83.93551636,21.61901283,0,1.439241147,10861.47542,Derived Woodiness,43.32370272,6.683272362
Tracheophyta,Malpighiales,Euphorbiaceae,Euphorbia,Euphorbia berthelotii,55,644.9512939,303.2323303,90.37479399,18.66125625,16.48443607,315.1825016,23.08084094,14.61099722,330.5071255,1.057099066,96.58272817,189.5127411,62.05464935,130.5454559,0.156317249,1.743983669,10861.47542,Derived Woodiness,46.19594861,6.240753803
Tracheophyta,Malpighiales,Euphorbiaceae,Euphorbia,Euphorbia bourgeana,21,752.0926514,440.0366573,103.3207935,17.76951992,17.63414206,301.0682578,22.39380585,13.8922619,426.3506781,5.419855821,87.9952948,484.7243347,78.21568298,359.4513855,3.372248888,0.879573497,10861.47542,Derived Woodiness,59.81938406,5.836822369
Tracheophyta,Malpighiales,Euphorbiaceae,Euphorbia,Euphorbia bravoana,10,633.0049438,259.0470904,85.80808331,18.82533282,15.00302264,263.2702029,22.56790475,15.62751593,434.0859574,11.44792972,79.0373418,411.361618,71.92858124,337.6075439,1.893887937,1.055241759,10861.47542,Derived Woodiness,67.38227246,2.27021465
Tracheophyta,Malpighiales,Euphorbiaceae,Euphorbia,Euphorbia canariensis,1502,107.1463051,136.004348,57.4919274,21.36129123,14.82416222,264.1927525,24.52235834,18.05451511,223.1663069,1.205491368,90.54396239,194.5620041,98.14933777,33.74072647,0,1.147018957,10861.47542,Insular Woodiness,46.22672545,10.61998969
Tracheophyta,Malpighiales,Euphorbiaceae,Euphorbia,Euphorbia chamaesyce,5,4.460928917,7.0863383,5.58054328,21.15582631,7.242958339,248.9390492,23.30925424,17.68972191,131.2309704,0,96.75186862,248.9996338,112.8145828,19.36842918,0,0.527032785,10861.47542,Annual Herbaceous,39.33999799,2.669738419
Tracheophyta,Malpighiales,Euphorbiaceae,Euphorbia,Euphorbia handiensis,80,84.71324158,12.40863083,30.67359136,20.38182885,6.949827355,241.6866097,22.48105073,16.95776131,95.82658491,0,101.179815,37.93976021,34.4972496,0.610184401,0,2.525756209,10861.47542,Insular Woodiness,35.07026853,4.820360711
Tracheophyta,Malpighiales,Euphorbiaceae,Euphorbia,Euphorbia helioscopia,4,304.3931274,50.86429226,41.85413042,20.75248148,16.50659551,277.1328835,25.04713896,17.12933607,256.8594802,3.947513832,81.3757026,208.5083466,90.81232452,134.106369,0.710779876,1.231890639,10861.47542,Annual Herbaceous,57.34597691,2.755630649
Tracheophyta,Malpighiales,Euphorbiaceae,Euphorbia,Euphorbia lamarckii,662,228.5506363,270.9372405,51.07750315,20.49380143,15.60113829,269.4972742,24.21344724,17.24556983,319.211344,4.070907442,87.6218275,302.7222748,102.6638565,163.1015625,0.027867645,1.054469296,10861.47542,Derived Woodiness,54.22843193,11.7285426
Tracheophyta,Malpighiales,Euphorbiaceae,Euphorbia,Euphorbia mellifera,36,763.2698669,354.9937024,103.8802856,17.68699199,14.52717411,279.5720709,21.40790535,14.62851293,525.0153805,10.53371792,77.83028389,581.4997864,51.16435242,516.0861206,11.82486057,0.902864271,10861.47542,Insular Woodiness,71.52145489,8.930653399
Tracheophyta,Malpighiales,Euphorbiaceae,Euphorbia,Euphorbia paralias,209,9.513793945,7.949209847,7.302183718,21.08983342,7.247587041,247.9414228,23.23068829,17.63056368,96.38604813,0,93.99245788,30.87989616,30.13841438,3.55E-12,0,3.121320344,10861.47542,Derived Woodiness,35.6546188,4.214638862
Tracheophyta,Malpighiales,Euphorbiaceae,Euphorbia,Euphorbia regis-jubae,731,375.3594055,308.6651671,57.61622291,19.84619292,14.62287453,255.1719869,22.7670254,15.97442779,190.4623341,0,92.65518922,62.62207794,37.60584259,20.73646545,0,3.041456629,10861.47542,Derived Woodiness,40.04962481,7.080132043
Tracheophyta,Malpighiales,Euphorbiaceae,Euphorbia,Euphorbia segetalis,88,400.3146515,125.2267855,46.64255192,18.81015472,13.33538421,241.8780268,21.26081009,15.42480627,199.5347712,0,89.85284264,65.21425629,25.46559715,39.21827126,0.150794148,3.059680238,10861.47542,Perennial Herbaceous,51.06102489,2.423207802
Tracheophyta,Malpighiales,Euphorbiaceae,Euphorbia,Euphorbia serrata,3,613.6126709,583.9473338,51.52555136,19.6372208,18.90509059,374.7093095,21.77046743,15.69302188,215.0726369,0,98.11338533,106.9698715,50.69077301,56.53085327,0,2.010590776,10861.47542,Derived Woodiness,42.20625439,11.48967932
Tracheophyta,Malpighiales,Euphorbiaceae,Euphorbia,Euphorbia terracina,60,291.1427307,268.7708898,35.52977192,20.25193582,14.66726326,262.7572426,23.10377492,16.55823467,264.1427713,1.576214916,89.62738619,140.2789841,53.81009293,66.30047989,0.103996292,1.882981781,10861.47542,Perennial Herbaceous,54.17620819,13.78034783
Tracheophyta,Malpighiales,Euphorbiaceae,Mercurialis,Mercurialis canariensis,103,472.3694458,324.584114,79.18146215,19.38487003,13.37804114,243.4250962,22.53581287,16.13570005,537.8741651,7.266091725,83.85671735,415.4891052,57.47758865,334.3996887,6.326940536,1.294556604,3068.117412,Annual Herbaceous,67.3532204,7.914667562
Tracheophyta,Malpighiales,Hypericaceae,Hypericum,Hypericum canariense,639,552.8761597,261.5464668,79.01235024,19.13270547,15.75721361,271.1947556,23.18081531,15.51737285,461.7186362,8.571334063,79.14839761,513.1795654,71.26628113,426.3283691,3.261449337,0.899721398,4486.665021,Ancestral Woodiness,64.21278498,8.297046697
Tracheophyta,Malpighiales,Hypericaceae,Hypericum,Hypericum coadunatum,5,902.6945801,722.7604417,99.59241149,17.42275592,19.58512075,368.7344139,22.08330418,12.79888284,598.6219438,2.734260021,81.65270081,477.292511,109.0560074,367.1607361,0.930992961,1.254203513,4486.665021,Ancestral Woodiness,49.22231308,2.679426706
Tracheophyta,Malpighiales,Hypericaceae,Hypericum,Hypericum glandulosum,78,614.6295776,204.0998342,95.72845371,18.35294828,12.33667492,244.4513648,21.78940523,14.95869902,457.7141096,12.96758995,73.21335312,511.6707153,47.64715195,445.4612885,5.601634264,0.894548185,4486.665021,Ancestral Woodiness,69.76932569,4.608930214
Tracheophyta,Malpighiales,Hypericaceae,Hypericum,Hypericum grandifolium,521,920.1854858,271.4690008,81.67251745,16.91712612,15.90762345,284.6899302,21.2359436,13.38167301,655.2412666,11.96812966,74.90470501,597.5870361,44.07849503,539.9735107,13.5509491,1.096478382,4486.665021,Ancestral Woodiness,69.26042677,6.695300361
Tracheophyta,Malpighiales,Hypericaceae,Hypericum,Hypericum perforatum,10,862.4421692,466.0694356,41.57283441,16.90825964,13.44901221,280.1139909,20.08659587,13.36062355,876.1053509,7.74496906,88.94173917,492.9522247,45.25009346,422.0574493,28.89338875,1.777262191,4486.665021,Ancestral Woodiness,73.24543933,6.496672941
Tracheophyta,Malpighiales,Hypericaceae,Hypericum,Hypericum reflexum,231,706.8930664,440.7038454,89.72245873,18.45951668,17.97221734,317.9814578,22.96201646,14.49281134,462.5867938,8.686379405,78.82524002,391.5361328,79.0161438,305.4315491,1.166666627,1.181466422,4486.665021,Ancestral Woodiness,60.10045379,11.58939896
Tracheophyta,Malpighiales,Linaceae,Linum,Linum strictum,27,296.019165,200.2644754,61.93948743,20.63922359,13.39663304,243.6432836,23.29380106,17.23529852,214.3994186,0.15771203,89.14838052,75.25789642,60.12908554,23.79627037,0.050997332,2.848862762,6789.921118,Annual Herbaceous,50.38537592,8.868149597
Tracheophyta,Malpighiales,Linaceae,Linum,Linum trigynum,3,129.0048981,40.6302666,154.4250795,21.2620183,16.85491133,289.5578575,24.51465567,17.78496187,386.8122946,1.39157425,83.97637547,155.1996765,74.00330353,40.90467834,0,2.492352454,6789.921118,Annual Herbaceous,51.28754,0
Tracheophyta,Malpighiales,Salicaceae,Salix,Salix pedicellata,13,440.4502563,296.8624169,81.70549618,19.44663929,14.52638209,270.6520285,23.52705159,15.47818612,414.3060075,9.921008785,77.1366362,480.1405334,77.75668335,407.9638367,1.845076799,0.862884882,4354.495788,Ancestral Woodiness,64.91072098,8.719807539
Tracheophyta,Malpighiales,Violaceae,Viola,Viola anagae,50,821.4916687,82.50278985,72.51311919,16.52032904,8.972295977,226.5873025,19.79909369,13.38379414,433.9057536,13.97494352,71.04514897,534.4214478,15.50896406,504.3844452,12.92564297,0.811916803,6726.949219,Perennial Herbaceous,77.52635586,0.493014775
Tracheophyta,Malpighiales,Violaceae,Viola,Viola arvensis,18,1008.867432,283.8737858,68.88380196,17.77676416,17.81989845,298.6219998,22.47914624,14.10868316,562.7048523,8.507196704,80.41269547,613.0653687,68.41592407,542.8789673,4.292806625,0.917854573,6726.949219,Annual Herbaceous,69.18037464,8.080206244
Tracheophyta,Malpighiales,Violaceae,Viola,Viola cheiranthifolia,38,2668.874756,383.1464068,71.0214921,8.306636593,14.32807566,354.9302751,12.16799198,4.199876211,398.9179636,2.065622157,90.79401764,109.9891739,109.9891739,0,0,3.626883896,6726.949219,Perennial Herbaceous,30.17509235,3.450072464
Tracheophyta,Malpighiales,Violaceae,Viola,Viola guaxarensis,8,2651.046753,35.4019615,111.5589059,8.965296084,18.66925811,307.9934384,13.29402139,5.47195961,485.2529383,2.390587364,103.3496411,155.5302505,149.2179565,4.048642635,0,3.119990719,6726.949219,Perennial Herbaceous,26.71513102,1.371170336
Tracheophyta,Malpighiales,Violaceae,Viola,Viola odorata,25,915.6868896,134.7010511,76.39098269,17.41925361,13.32779794,267.5545511,20.67754888,13.90385751,849.6459854,11.86031181,83.40321584,771.7081299,41.01422501,691.1561279,37.67911148,1.100993954,6726.949219,Perennial Herbaceous,71.20333555,5.403548787
Tracheophyta,Malpighiales,Violaceae,Viola,Viola palmensis,48,2260.16748,74.92559443,72.35839628,9.117253938,15.21199576,351.027083,15.46131579,5.422714303,1033.678126,4.783269065,95.83789592,71.9299469,39.47128868,28.6549263,0.349695265,14.37062268,6726.949219,Perennial Herbaceous,40.22444191,5.764219185
Tracheophyta,Malpighiales,Violaceae,Viola,Viola riviniana,31,1049.526733,154.6236696,52.58238095,15.56771671,19.16557589,335.2857035,20.84591568,11.44291512,657.4235003,10.41222972,87.61354004,775.2573853,48.50733185,700.0401611,13.5509491,0.848006756,6726.949219,Perennial Herbaceous,62.18837089,5.220950613
Tracheophyta,Malvales,Cistaceae,Cistus,Cistus chinamadensis,9,1000.717834,298.9774566,77.83549467,16.3461879,16.1727536,328.0573812,20.62481488,12.39838073,636.4790869,7.864386446,88.27304624,411.6895447,69.67674255,339.5788879,3.794962168,1.546017127,6684.866174,Ancestral Woodiness,60.49342843,3.591377863
Tracheophyta,Malvales,Cistaceae,Cistus,Cistus grancanariae,3,579.3937988,262.0398675,60.89688778,19.14252717,18.80073473,316.7766217,23.8223393,14.48345434,522.375941,17.95993801,71.89264423,553.9744873,73.14357758,480.5942993,1.789467335,0.942960286,6684.866174,Ancestral Woodiness,60.73914614,0.437096629
Tracheophyta,Malvales,Cistaceae,Cistus,Cistus horrens,17,1138.07312,140.1985435,73.49675396,17.87521033,20.77842149,369.4442022,23.75430664,13.25902526,425.4251149,0.854304331,101.4026983,247.3499756,79.6379776,149.6165466,1.34E-13,1.719931906,6684.866174,Ancestral Woodiness,38.22243084,2.293947133
Tracheophyta,Malvales,Cistaceae,Cistus,Cistus monspeliensis,1044,918.8501282,324.2855852,70.11479798,18.00555643,18.82936073,351.2871286,22.89344229,13.69888261,423.1915757,3.846789296,88.94861004,368.1092987,66.22992706,279.1500397,0.924121797,1.149635658,6684.866174,Ancestral Woodiness,55.60741276,11.56238127
Tracheophyta,Malvales,Cistaceae,Cistus,Cistus osbeckiifolius,8,1265.035889,204.0471686,81.01628029,15.80094852,19.74671578,395.8091336,22.34186749,11.00162558,521.6734444,2.430440586,83.63744005,184.2549973,76.92819214,129.4411011,0.133772835,2.831258051,6684.866174,Ancestral Woodiness,45.59004308,0.032529142
Tracheophyta,Malvales,Cistaceae,Cistus,Cistus symphytifolius,776,1195.683899,323.2218215,64.78530474,16.08385922,18.78443725,318.8872117,21.17566489,11.93889482,625.2788022,5.207689283,87.35601376,467.4503479,83.60946274,360.634613,8.47132206,1.337636831,6684.866174,Ancestral Woodiness,58.6196548,12.80219772
Tracheophyta,Malvales,Cistaceae,Helianthemum,Helianthemum broussonetii,4,1375.325012,386.5904837,78.32288305,15.79314144,15.73738598,296.5726179,19.24008929,12.22205538,976.1706192,15.07202064,80.29049899,522.461441,47.89248466,384.9821625,30.21843433,1.868407011,10598.83942,Ancestral Woodiness,57.2418389,13.75631741
Tracheophyta,Malvales,Cistaceae,Helianthemum,Helianthemum bystropogophyllum,4,776.9695129,428.5223463,92.31214016,19.85232738,19.67413706,339.3214098,24.05420153,15.76496802,290.8025098,0.47997594,94.56491041,172.2764969,61.33776665,123.1126671,0.025970666,1.687998741,10598.83942,Ancestral Woodiness,31.33746951,4.011002834
Tracheophyta,Malvales,Cistaceae,Helianthemum,Helianthemum canariense,289,218.4885101,224.7350784,33.02148594,20.33570802,13.41977602,247.8130692,22.69591612,16.54078381,158.6516701,0,92.41793046,35.91885376,23.23716545,6.328490734,0,4.416946908,10598.83942,Ancestral Woodiness,39.69448031,7.098261487
Tracheophyta,Malvales,Cistaceae,Helianthemum,Helianthemum juliae,3,2136.287109,232.7312798,16.50362894,12.10422993,16.14075295,333.6938821,16.27905789,8.477118044,344.6311313,1.663641891,89.82378778,147.8092804,126.7054825,14.63652706,0,2.331593323,10598.83942,Ancestral Woodiness,26.75882849,3.235608087
Tracheophyta,Malvales,Cistaceae,Helianthemum,Helianthemum teneriffae,3,395.0775146,351.3589841,39.47981351,18.8710229,17.91771902,335.6293965,22.63411076,14.62351158,288.2807928,3.88358121,92.0189039,173.7990723,82.409729,90.90085602,0.255157381,1.658701563,10598.83942,Ancestral Woodiness,48.96137718,6.823447202
Tracheophyta,Malvales,Cistaceae,Helianthemum,Helianthemum tholiforme,6,643.9040527,271.1984109,70.12553053,20.44028853,20.37948347,379.5858003,26.25233672,15.78714352,303.9187376,0.430662521,95.21206857,195.2345047,82.4059906,91.39289475,1.23E-13,1.556685577,10598.83942,Ancestral Woodiness,37.84300444,7.741699428
Tracheophyta,Malvales,Cistaceae,Helianthemum,Helianthemum thymiphyllum,7,298.0657959,106.411027,80.09608613,19.27549575,11.68675429,247.4535908,21.30692863,15.95953974,149.6799266,0,93.89419064,23.39505005,16.85820961,8.299401283,0,6.397931455,10598.83942,Ancestral Woodiness,35.89284481,1.260768562
Tracheophyta,Malvales,Cistaceae,Tuberaria,Tuberaria guttata,189,1074.575195,379.5922027,62.66332064,16.85361715,17.69715368,319.6211973,22.06915241,12.59502316,615.2416526,6.024220825,87.24260168,421.2713013,50.11656189,354.0462341,4.3265872,1.460440459,5557.434616,Annual Herbaceous,60.24606425,9.442015018
Tracheophyta,Malvales,Cytinaceae,Cytinus,Cytinus hypocistis,65,903.4139404,256.2827572,73.32476658,18.17783838,17.3929985,322.0745746,23.13755433,14.55966276,528.8691715,5.715220647,87.42393853,667.0568237,56.68951416,560.5709839,4.890041351,0.792839759,2138.537705,Perennial Herbaceous,63.11063192,7.205023316
Tracheophyta,Malvales,Cytinaceae,Cytinus,Cytinus ruber,8,1148.921631,71.97966896,53.99576366,18.24867882,24.3803145,311.8550307,23.3425474,14.53536252,662.6941557,11.61801374,71.62319863,816.4700012,84.6117363,715.9758301,13.35575581,0.811657691,2138.537705,Perennial Herbaceous,72.25461089,0.848324843
Tracheophyta,Malvales,Malvaceae,Malva,Malva acerifolia,178,416.8044739,277.6648101,110.6334897,20.16796673,18.20037306,295.3378134,24.83791207,15.78956176,282.0370647,3.236979516,85.08357814,389.8031006,106.4552689,246.3585663,0.181302249,0.723537253,12259.40323,Perennial Herbaceous,57.26437357,6.724767726
Tracheophyta,Malvales,Malvaceae,Malva,Malva multiflora,65,548.4914551,224.5117812,45.18720519,18.68500011,13.91204523,247.7759963,22.39038965,15.11804162,491.5956538,7.353790235,88.05902578,245.5908508,46.85029984,177.8372955,0.630162895,2.001685536,12259.40323,Perennial Herbaceous,56.18062821,15.48655089
Tracheophyta,Malvales,Malvaceae,Malva,Malva neglecta,8,431.3612671,213.0477039,39.1626692,19.39328057,13.61911863,239.8259926,23.59226807,16.15651459,403.6346116,6.962340052,77.42713656,195.3169708,72.97639275,62.32005262,7.29E-13,2.066561907,12259.40323,Perennial Herbaceous,60.76305652,16.74665243
Tracheophyta,Malvales,Malvaceae,Malva,Malva nicaeensis,4,445.7451172,146.777762,78.02444128,19.84789576,13.78326912,246.0875111,22.61919526,16.27055176,396.3880298,7.530256833,81.14760097,360.5332184,68.60932159,296.5499268,0.685122401,1.099449398,12259.40323,Perennial Herbaceous,62.04539588,4.595908859
Tracheophyta,Malvales,Malvaceae,Malva,Malva parviflora,212,97.54761887,133.7081091,25.25570029,20.88949999,13.66582244,248.6544271,23.64755776,17.55985745,228.4427651,0.766773585,90.04040921,160.443306,66.01937866,32.76088047,3.69E-25,1.423822351,12259.40323,Annual Herbaceous,46.04827601,15.14147273
Tracheophyta,Malvales,Malvaceae,Malva,Malva phoenicea,6,805.4026489,366.8919655,71.36340188,18.24905299,17.2706886,296.9255401,22.58745657,14.55027437,517.4375721,7.085271911,81.32248188,474.5655975,73.25588608,346.0732727,3.199031353,1.090339407,12259.40323,Insular Woodiness,64.39576958,9.078920805
Tracheophyta,Malvales,Thymelaeaceae,Daphne,Daphne gnidium,386,913.8439331,295.7227767,52.28616223,17.48879803,18.77357948,303.9217195,22.5076949,13.76624578,617.7061383,14.2006482,70.3823222,672.1655884,64.9045639,605.7443848,9.85413599,0.918979116,1564.085624,Ancestral Woodiness,69.98698696,5.61118676
Tracheophyta,Myrtales,Onagraceae,Epilobium,Epilobium hirsutum,11,758.3473511,4.504356702,72.04306867,17.35949064,19.57011494,351.3217577,23.47252373,13.28479362,811.7085663,3.365866402,91.07830616,933.6097412,137.4301453,773.3879395,22.51946259,0.869430267,3575.917749,Perennial Herbaceous,49.53241759,0
Tracheophyta,Ranunculales,Papaveraceae,Chelidonium,Chelidonium majus,12,621.2598877,261.7495733,41.03503629,20.0530301,17.54187594,272.3638859,23.76570506,16.38803708,459.4689151,7.844160952,80.99814408,585.7832336,106.0615082,468.712616,2.393292785,0.784366791,880.9875929,Perennial Herbaceous,70.34089676,5.586488024
Tracheophyta,Ranunculales,Papaveraceae,Fumaria,Fumaria bastardii,3,209.4624329,147.8454394,38.93078033,20.6338095,15.03158927,245.8628452,22.69087584,16.66929572,164.0807723,2.080398549,100.6499229,160.5565948,96.70606995,67.95940399,1.24E-12,1.021949752,7540.769306,Annual Herbaceous,44.83208966,7.721706267
Tracheophyta,Ranunculales,Papaveraceae,Fumaria,Fumaria coccinea,36,699.2735291,425.8153616,83.652478,18.47938936,17.16418617,307.4500462,22.29746906,14.92599998,484.5300822,8.070643997,85.65898631,509.5847626,58.92863846,434.7182159,2.705443978,0.950833144,7540.769306,Annual Herbaceous,61.45850534,10.78001856
Tracheophyta,Ranunculales,Papaveraceae,Fumaria,Fumaria montana,33,367.9236145,437.0584719,61.99064706,19.82259719,14.78259478,261.8710755,22.97894265,15.97886804,356.7867538,3.887254364,85.0005339,341.3875427,75.56330872,228.2928925,0.463609338,1.045107712,7540.769306,Annual Herbaceous,54.85916525,9.606527487
Tracheophyta,Ranunculales,Papaveraceae,Fumaria,Fumaria muralis,42,460.8280487,529.4407334,46.14267245,19.70763682,16.27958814,260.8483326,22.77228159,16.10523395,470.3747542,4.619757337,85.11651263,392.2805786,68.84142685,298.9584961,1.073802888,1.199077344,7540.769306,Annual Herbaceous,57.06269476,13.27906191
Tracheophyta,Ranunculales,Papaveraceae,Fumaria,Fumaria officinalis,4,220.7642612,307.6195949,49.09100557,20.49600249,16.12479386,269.2850408,23.72749055,16.54244724,235.2065428,5.726117125,78.53248826,226.4348984,81.8251152,137.5189613,1.333033562,1.038738041,7540.769306,Annual Herbaceous,57.53147456,4.815905498
Tracheophyta,Ranunculales,Papaveraceae,Papaver,Papaver dubium,32,546.4461975,381.4741609,60.80030338,19.08697463,14.19852098,279.1483651,22.90579274,15.45054963,530.7172956,6.929305687,88.41813794,328.9259796,60.05210114,230.169136,1.722083271,1.613485491,9906.984018,Annual Herbaceous,59.77115214,8.7886863
Tracheophyta,Ranunculales,Papaveraceae,Papaver,Papaver pinnatifidum,6,505.9313507,212.2425966,91.86399037,19.84300581,16.58374311,313.1551127,24.3884365,15.77828087,360.1412974,3.378857502,89.40975768,334.0862579,63.46181297,245.6506882,0.482936949,1.077988959,9906.984018,Annual Herbaceous,60.72065918,17.05243963
Tracheophyta,Ranunculales,Papaveraceae,Papaver,Papaver rhoeas,121,586.6270142,421.5788574,55.07175918,18.68545044,15.50163435,297.7587419,22.48572451,14.98669995,498.8912684,4.424980039,87.9597079,301.1219177,52.65190125,233.9063263,1.130437136,1.656775011,9906.984018,Annual Herbaceous,55.79176573,12.95414508
Tracheophyta,Ranunculales,Papaveraceae,Papaver,Papaver somniferum,213,582.7991943,404.2606072,55.13538539,18.99070183,16.3980625,297.6855089,22.91299653,15.11013369,464.4494281,5.132591213,84.34543585,334.479248,65.68865967,253.3611603,0.766372442,1.38857472,9906.984018,Annual Herbaceous,56.89430555,12.42702409
Tracheophyta,Ranunculales,Ranunculaceae,Ranunculus,Ranunculus cortusifolius,766,936.1063538,275.8118768,68.48321557,16.89620849,16.82335933,301.7584056,21.55290976,13.11891378,591.9420668,9.016578982,78.22461722,510.6325836,44.34721756,472.9681091,8.158136368,1.159232853,5727.95644,Perennial Herbaceous,67.38849391,9.898403855
Tracheophyta,Ranunculales,Ranunculaceae,Ranunculus,Ranunculus muricatus,3,1047.308105,302.079931,39.97903126,16.03548163,20.01684223,365.4494097,22.04097365,11.60176256,626.1510534,9.868033291,86.7932845,541.2837524,50.86674118,487.9553223,4.992120266,1.156788931,5727.95644,Annual Herbaceous,57.75577894,3.300670615
Tracheophyta,Ranunculales,Ranunculaceae,Ranunculus,Ranunculus parviflorus,6,792.5698395,926.6211315,106.4524961,18.00588878,16.33760609,296.2487113,22.64808798,14.14094252,619.4255627,2.447192725,88.37667539,275.0995331,70.23651505,212.3206329,0.808461696,2.251641636,5727.95644,Annual Herbaceous,53.23950029,13.32852543
Tracheophyta,Ranunculales,Ranunculaceae,Ranunculus,Ranunculus trilobus,5,508.1211548,198.6332896,72.15358185,19.54591244,14.06217406,286.0264447,24.04284183,16.02377472,398.6959812,3.490168956,82.8548114,179.2362061,80.646492,136.2885437,0.555802166,2.22441654,5727.95644,Annual Herbaceous,57.23144173,6.481545387
Tracheophyta,Rosales,Rhamnaceae,Rhamnus,Rhamnus crenulata,162,386.6468658,216.6014216,98.30082545,19.68349606,14.10845775,240.6587507,23.70041083,16.4999338,396.7029197,8.034044281,80.90366192,431.498642,102.7905045,328.5294647,0.956404239,0.919360761,2496.16793,Ancestral Woodiness,61.98067376,7.540639904
Tracheophyta,Rosales,Rhamnaceae,Rhamnus,Rhamnus glandulosa,119,832.9483643,234.5207338,71.82433241,17.01569265,12.50682905,267.8011029,21.27165664,13.58109604,617.7670008,13.34006687,72.91552348,563.9987183,38.49388504,511.6128845,12.56184196,1.095334051,2496.16793,Ancestral Woodiness,70.30308627,7.728553937
Tracheophyta,Rosales,Rhamnaceae,Rhamnus,Rhamnus integrifolia,5,2023.841309,178.0542514,83.27435433,12.75682082,21.42759711,318.7911711,15.26131785,9.417458864,411.1090515,2.800836003,87.96207645,226.0193329,164.6774902,34.4352417,0.031350013,1.818911003,2496.16793,Ancestral Woodiness,37.81947301,24.6940099
Tracheophyta,Rosales,Rosaceae,Agrimonia,Agrimonia eupatoria,3,660.960083,218.9151563,73.11436297,18.10040513,14.8499658,252.2094885,23.21327825,14.40557334,505.0644862,11.32720913,72.18477068,797.3822632,100.4528198,669.4490356,3.822274446,0.633403211,284.9383277,Perennial Herbaceous,71.79355667,0.683558995
Tracheophyta,Rosales,Rosaceae,Aria,Aria edulis,3,2178.450684,39.05471001,41.31716316,11.90537189,20.23960693,301.4517456,13.39055071,8.648810994,408.9260316,1.834776344,106.7262761,229.1933136,212.0841217,6.771523476,0,1.784197039,0.143185616,Ancestral Woodiness,24.41504189,1.620595271
Tracheophyta,Rosales,Rosaceae,Bencomia,Bencomia caudata,63,620.0829468,363.5235841,84.29220789,18.81197415,18.84698025,302.0315885,23.20734858,14.82523092,499.5876814,13.32639018,72.82526564,578.8271484,85.90324402,499.9562683,4.087414265,0.863103403,9622.979872,Derived Woodiness,60.99791898,7.28799832
Tracheophyta,Rosales,Rosaceae,Bencomia,Bencomia exstipulata,11,2129.418213,273.7376937,67.8738015,10.78704619,16.80668271,341.4872845,15.70570996,7.13620649,485.3496824,2.992843617,92.58174043,169.9999695,104.9759521,22.43154526,0,2.854998644,9622.979872,Derived Woodiness,38.4267179,6.577429387
Tracheophyta,Rosales,Rosaceae,Bencomia,Bencomia sphaerocarpa,3,818.8430176,147.7901722,96.84111139,17.55302761,20.56170006,376.303516,22.29673355,12.88289759,477.6696089,2.58821061,88.75580398,440.4981079,31.68383598,404.0592651,7.905055046,1.084385155,9622.979872,Derived Woodiness,68.67137139,1.829842025
Tracheophyta,Rosales,Rosaceae,Marcetella,Marcetella moquiniana,71,361.5964966,297.9248685,62.54784266,20.41704483,14.93500943,256.2326947,24.29231404,17.10155345,326.2918063,5.703503404,80.74592059,377.0862122,111.1805267,222.6170349,0.386970669,0.865297632,2902.275632,Derived Woodiness,58.63933897,10.08492811
Tracheophyta,Rosales,Rosaceae,Poterium,Poterium megacarpon,41,897.1066895,546.0812873,53.09497207,17.2584992,18.3936468,353.7062984,22.42753656,12.66266906,474.0167299,4.312824776,88.38383729,450.263855,95.95267487,334.3996887,0.911753297,1.052753235,4081.589207,Perennial Herbaceous,53.39351325,9.422716338
Tracheophyta,Rosales,Rosaceae,Prunus,Prunus lusitanica,16,774.7226257,262.6283287,82.84971437,17.21569914,11.72205277,254.2748828,21.32557144,13.90801485,628.1557177,16.59712595,73.68127342,506.2812958,37.42374897,472.9390106,16.19686031,1.240724718,337.7723215,Ancestral Woodiness,69.70043824,4.415061481
Tracheophyta,Rosales,Rosaceae,Rubus,Rubus bollei,14,588.1786804,186.7296875,108.8264504,18.72344436,11.80932423,241.7234035,22.38593239,15.50338971,619.4325242,18.98325745,72.26041862,558.9646301,42.31138611,466.1233368,27.38766766,1.108178391,2299.170785,Ancestral Woodiness,70.81401188,4.121788941
Tracheophyta,Rosales,Rosaceae,Rubus,Rubus palmensis,14,617.5085754,223.922121,108.1883603,19.3667302,12.46026862,258.4770167,22.27247991,16.11194467,735.9902507,19.19450785,73.74581643,787.8848267,50.23083305,689.3875122,49.56685448,0.934134312,2299.170785,Ancestral Woodiness,72.96935691,1.238172377
Tracheophyta,Rosales,Rosaceae,Rubus,Rubus ulmifolius,184,695.4296875,306.2352876,68.39204301,18.43987255,15.8088994,280.7285244,22.60206718,14.72850369,560.2122504,11.94425505,74.46586201,608.624115,54.43348122,532.0203857,8.370228291,0.920456874,2299.170785,Ancestral Woodiness,68.53870428,6.184924986
Tracheophyta,Rosales,Urticaceae,Forsskaolea,Forsskaolea angustifolia,622,220.9587631,269.0855741,36.32587712,20.73321001,15.43193018,271.5171131,24.05890857,17.27933866,254.5555178,1.040140913,91.18193188,154.2053757,73.63232422,42.85631943,1.52E-13,1.650756445,12331.35948,Ancestral Woodiness,47.73984081,10.87437809
Tracheophyta,Rosales,Urticaceae,Gesnouinia,Gesnouinia arborea,93,770.0205078,236.5395818,109.7190832,17.79197136,12.61931075,262.9333657,21.9633256,14.30788061,625.613758,14.35766252,74.56861416,620.9718018,46.33468246,584.2891846,14.31687832,1.007475309,4563.527305,Insular Woodiness,71.92384878,5.270918882
Tracheophyta,Rosales,Urticaceae,Parietaria,Parietaria debilis,24,510.9815063,513.1304028,74.57123585,19.501112,14.38009665,247.9065524,22.66176877,16.20678541,527.7653069,8.17589352,84.95851922,337.3322906,62.85243797,249.2500839,3.424785733,1.564526497,15839.5858,Annual Herbaceous,64.50376215,10.05851435
Tracheophyta,Rosales,Urticaceae,Parietaria,Parietaria filamentosa,18,269.5370178,143.8578752,137.4942602,20.38825023,17.84452247,286.3538848,25.5440949,17.42892838,262.2176388,3.200304357,86.55646981,404.6047516,102.0221786,118.5936241,0.489748642,0.648083439,15839.5858,Perennial Herbaceous,53.5140418,3.230538308
Tracheophyta,Rosales,Urticaceae,Parietaria,Parietaria judaica,127,310.9544678,354.3313782,45.21518228,19.85524492,14.26340333,247.0785744,23.27749291,16.70999578,424.9428325,6.505431721,81.33454176,376.3171387,83.32769012,224.4611511,0.92863977,1.129214667,15839.5858,Perennial Herbaceous,62.5058659,9.809024877
Tracheophyta,Rosales,Urticaceae,Urtica,Urtica membranacea,34,729.8097839,409.3487195,85.26787314,19.24219062,18.52280192,299.9005736,22.90865601,15.05779237,465.9007504,9.204885841,77.85276274,595.6708984,82.83255768,501.9646454,3.073151112,0.782144556,8179.688595,Annual Herbaceous,61.03003083,11.67624624
Tracheophyta,Rosales,Urticaceae,Urtica,Urtica morifolia,103,1026.074097,271.7981156,66.35947714,16.85615947,18.37945116,330.0029814,21.88500103,12.49229575,636.1496676,8.740586786,86.89129168,608.4310303,55.40039444,535.4731445,8.254603386,1.045557567,8179.688595,Insular Woodiness,62.84132014,7.933020148
Tracheophyta,Rosales,Urticaceae,Urtica,Urtica stachyoides,26,538.4412537,547.9531671,81.46275666,19.48333673,15.27074604,288.8362586,23.0708497,15.6854581,449.4550475,7.075490846,81.0913803,583.7884521,87.02407074,505.4081573,3.967284203,0.769893693,8179.688595,Annual Herbaceous,64.98005192,5.781903154
Tracheophyta,Rosales,Urticaceae,Urtica,Urtica urens,61,384.9897461,284.1719979,42.95483316,19.45808333,14.68229558,248.7679285,23.03812328,15.7456021,432.1552256,5.676983923,83.07310946,312.4748535,68.43623352,232.6010437,0.812615573,1.383008011,8179.688595,Annual Herbaceous,57.09566764,10.11232056
Tracheophyta,Santalales,Thesiaceae,Thesium,Thesium retamoides,14,734.103302,168.8525213,79.70892982,18.49282154,21.0637384,359.7285652,24.8096345,14.21257366,273.4073476,3.412374146,91.15421524,664.7836304,141.0912628,515.7693481,7.078897476,0.411272683,61.44957776,Derived Woodiness,59.8688212,0.677562088
Tracheophyta,Sapindales,Anacardiaceae,Pistacia,Pistacia atlantica,74,368.7606659,239.7019838,62.13325091,20.14979482,16.3790196,288.9840905,24.03663318,16.52180306,324.9126349,3.028848847,80.84559345,307.8758698,89.18067169,226.3197174,0.355993479,1.055336474,4736.325926,Ancestral Woodiness,54.20315307,7.802521499
Tracheophyta,Sapindales,Anacardiaceae,Pistacia,Pistacia lentiscus,54,394.9515686,218.4599766,63.90946193,20.38491217,17.05408393,287.0691055,24.52210639,16.64505981,291.781433,0.512243011,79.98179485,265.4712524,49.38092041,218.2247238,0.784073651,1.099107456,4736.325926,Ancestral Woodiness,53.16108196,2.082498445
Tracheophyta,Sapindales,Anacardiaceae,Rhus,Rhus coriaria,33,377.8095398,171.7468218,62.88155823,19.96539772,15.1491278,258.3445268,24.1200042,16.48345902,483.5832474,4.913048816,86.77255467,416.5421753,74.06345367,334.3996887,3.92012167,1.160946661,7173.025172,Ancestral Woodiness,62.76127477,9.663881574
Tracheophyta,Sapindales,Rutaceae,Cneorum,Cneorum pulverulentum,215,122.0817413,159.9097629,52.19208476,21.95109667,17.9152108,300.3011245,25.16069404,18.32108753,212.3211871,0.878147766,92.47499402,143.3343658,101.5907288,24.8742485,0,1.481299937,3545.456731,Ancestral Woodiness,42.87264121,5.825764169
Tracheophyta,Sapindales,Rutaceae,Ruta,Ruta oreojasme,6,439.0677643,66.13871904,123.2657203,20.08127953,16.4166531,322.1346267,25.12660859,15.938769,163.6226859,0,101.2650016,45.02659607,30.61069679,14.28347969,0,3.633911959,4819.473178,Ancestral Woodiness,40.27609997,0.169809344
Tracheophyta,Sapindales,Rutaceae,Ruta,Ruta pinnata,35,605.0366821,262.844692,110.6334897,18.73859138,18.65588431,270.660535,24.57628183,14.81531004,310.9607064,3.570636112,88.85650351,487.409729,114.5562515,381.1237488,4.91993618,0.637986252,4819.473178,Ancestral Woodiness,60.52906593,2.901270424
Tracheophyta,Saxifragales,Crassulaceae,Aeonium,Aeonium aizoon,13,1277.959473,723.4733276,111.0412197,15.46933358,19.84964471,343.5983086,22.0427135,11.28168238,370.3477521,4.100058424,87.78726101,424.6218567,82.23709106,328.0973511,6.425339222,0.872182499,8018.283895,Perennial Herbaceous,54.40958431,4.659522552
Tracheophyta,Saxifragales,Crassulaceae,Aeonium,Aeonium appendiculatum,16,762.4396973,188.4341255,79.46180708,17.55906072,18.89610812,391.6434141,23.13765033,13.02766962,420.4408613,1.358555608,95.44065432,326.4647827,67.86210632,263.8795853,0.356914312,1.287859774,8018.283895,Insular Woodiness,48.67781496,6.917610766
Tracheophyta,Saxifragales,Crassulaceae,Aeonium,Aeonium arboreum,762,527.7780151,406.4456527,65.76601585,19.22219459,16.96272739,288.9840905,23.13547012,15.35980818,424.4660744,4.651782982,84.4366168,371.5107422,73.76678467,260.5092773,1.284064233,1.142540514,8018.283895,Insular Woodiness,57.67638454,11.17005707
Tracheophyta,Saxifragales,Crassulaceae,Aeonium,Aeonium aureum,192,1168.777344,487.1235048,87.19271627,16.71730715,18.84958515,348.3503851,22.19262125,12.24804332,581.2116613,6.464764948,84.96235466,396.3888855,70.40432739,331.7008362,1.659035861,1.466266292,8018.283895,Perennial Herbaceous,55.66405097,10.68356613
Tracheophyta,Saxifragales,Crassulaceae,Aeonium,Aeonium balsamiferum,16,327.0314331,108.0075322,24.05319187,19.45464994,13.00002345,243.8099567,21.72615921,15.73847742,170.1213833,0,91.42335905,30.4404726,15.38438559,10.33566761,0,5.588657756,8018.283895,Insular Woodiness,39.02880065,2.818575236
Tracheophyta,Saxifragales,Crassulaceae,Aeonium,Aeonium canariense,449,572.7358398,213.2326103,101.6020756,18.61223743,12.95677168,244.4422978,22.19284384,15.28393097,456.8673022,10.88673447,73.62125587,476.9101563,59.54919434,396.211853,2.936365366,0.957973522,8018.283895,Perennial Herbaceous,68.07024773,6.08539368
Tracheophyta,Saxifragales,Crassulaceae,Aeonium,Aeonium castello-paivae,72,669.9898376,285.2305132,96.70466072,18.08843245,15.67897522,261.9071705,22.08145552,14.63176811,446.924774,8.158789507,86.27322797,562.1478882,80.71733475,472.1131744,3.008870006,0.795030602,8018.283895,Insular Woodiness,66.38465214,4.35173926
Tracheophyta,Saxifragales,Crassulaceae,Aeonium,Aeonium ciliatum,96,638.1825562,123.1580093,96.38760256,17.95020379,10.98752303,248.132244,21.78575008,14.60884166,532.7286102,15.5769279,71.20496354,498.8800507,36.75826645,466.9733276,7.562182665,1.067849094,8018.283895,Insular Woodiness,71.09781956,5.8172175
Tracheophyta,Saxifragales,Crassulaceae,Aeonium,Aeonium cuneatum,64,755.2236633,100.5006707,104.4926546,17.55948954,9.52913501,231.4618716,20.67244245,14.28071834,429.7521421,13.25135811,71.35487622,534.164032,23.11588573,502.7885742,12.02894354,0.804532159,8018.283895,Perennial Herbaceous,75.52306075,2.395508357
Tracheophyta,Saxifragales,Crassulaceae,Aeonium,Aeonium davidbramwellii,161,410.9014282,285.3109594,62.88155823,19.38395123,15.21064248,287.4053772,23.31475935,16.22301752,520.5055558,3.60677827,86.1503653,234.9929504,45.46443558,166.4664764,1.642336726,2.214983704,8018.283895,Insular Woodiness,54.55279629,7.971923527
Tracheophyta,Saxifragales,Crassulaceae,Aeonium,Aeonium decorum,50,579.3328247,289.992497,96.47914937,18.97012295,17.42366816,313.0613379,23.20486374,14.84624478,338.6059996,1.673225118,93.82213653,217.4319687,68.74513626,132.930481,0.112850666,1.557296297,8018.283895,Insular Woodiness,48.21264239,7.496678651
Tracheophyta,Saxifragales,Crassulaceae,Aeonium,Aeonium diplocyclum,144,878.3282776,329.7539395,101.3358522,17.34204319,17.74538136,327.1142024,22.14199323,13.33726208,561.5272997,3.445952544,87.9952948,352.026001,51.1569252,291.7011566,2.808958888,1.595130184,8018.283895,Perennial Herbaceous,56.76748155,11.1466247
Tracheophyta,Saxifragales,Crassulaceae,Aeonium,Aeonium dodrantale,8,867.12854,198.4865589,86.20240547,17.30007703,19.63315012,399.6109058,23.17267248,12.45199387,540.9814331,6.141654898,91.30356869,266.1617432,71.13055801,157.2287064,0.336482733,2.032528893,8018.283895,Perennial Herbaceous,54.0068037,7.852353813
Tracheophyta,Saxifragales,Crassulaceae,Aeonium,Aeonium gomerense,6,636.0467224,190.8395499,103.0743235,18.11009001,14.77072346,263.4278566,22.79578698,14.72998844,384.6653797,4.626322611,91.03907964,396.9206848,78.42645645,292.3731232,0.767287165,0.969124045,8018.283895,Insular Woodiness,62.88912738,11.61064883
Tracheophyta,Saxifragales,Crassulaceae,Aeonium,Aeonium goochiae,67,490.1641235,249.3964132,113.5859714,19.59074522,13.28858405,253.4046202,22.92861385,16.31258165,701.1348,18.71999107,75.24414913,682.6415405,50.21912384,580.7095947,30.11262512,1.027090733,8018.283895,Insular Woodiness,66.68476356,10.28911714
Tracheophyta,Saxifragales,Crassulaceae,Aeonium,Aeonium haworthii,142,732.9332275,240.5195448,79.54518874,19.73089983,16.42122107,299.6085015,25.12854445,15.772225,415.9919315,5.035734538,88.55674462,406.7081604,66.76645279,339.5119934,0.663289309,1.022826616,8018.283895,Insular Woodiness,67.99882292,5.069866081
Tracheophyta,Saxifragales,Crassulaceae,Aeonium,Aeonium hierrense,54,619.6626587,304.7575062,62.93216226,18.5810723,16.8126263,316.8339314,22.83886847,14.60681612,511.5856473,1.579514595,90.5992443,165.1912689,42.03362083,134.2766876,0.442119792,3.096929097,8018.283895,Insular Woodiness,56.62802133,6.385228385
Tracheophyta,Saxifragales,Crassulaceae,Aeonium,Aeonium lancerottense,190,437.1419373,150.1480211,62.20943086,18.42781191,13.1999908,241.8757711,20.28482278,14.92079502,190.9779613,0,89.05495004,45.34165382,17.89375305,23.43220997,0.069898147,4.211976079,8018.283895,Insular Woodiness,49.70007283,2.501049552
Tracheophyta,Saxifragales,Crassulaceae,Aeonium,Aeonium lindleyi,395,314.5666199,257.6556372,100.1342499,19.8689182,11.90693676,236.8315671,23.0437652,16.59971979,407.2623089,12.45711378,71.74868832,376.4011536,72.66065979,291.1452332,1.176986694,1.081990066,8018.283895,Insular Woodiness,65.531879,7.598277171
Tracheophyta,Saxifragales,Crassulaceae,Aeonium,Aeonium nobile,36,408.1894531,176.9551963,101.0380473,19.48808527,17.81209548,314.2518461,24.28937522,15.97723276,403.5261057,1.791825356,86.59568029,255.4190521,63.37531853,165.6732712,0.450040087,1.579859068,8018.283895,Insular Woodiness,51.47955938,1.390942337
Tracheophyta,Saxifragales,Crassulaceae,Aeonium,Aeonium percarneum,207,559.2137451,406.669244,81.63051355,19.54238633,17.60332764,337.6899377,24.02913569,15.21610164,328.3992405,1.5311845,85.26939338,275.645752,77.2004776,199.9042664,0.233593002,1.191381468,8018.283895,Insular Woodiness,49.45346598,10.34478604
Tracheophyta,Saxifragales,Crassulaceae,Aeonium,Aeonium pseudourbicum,20,655.5822449,417.8843474,69.00692826,19.30746351,18.82971912,371.2888173,23.77897793,14.2773244,317.9389323,0.72469481,98.11283283,403.4531708,131.9039383,255.513092,0.013673507,0.788044203,8018.283895,Perennial Herbaceous,55.64606022,4.658647669
Tracheophyta,Saxifragales,Crassulaceae,Aeonium,Aeonium rubrolineatum,9,927.737915,180.5641021,86.62865819,16.50827674,18.00642757,317.7412313,21.39954062,12.68297595,515.9846439,9.544174022,88.23547555,411.6895447,69.67674255,339.5788879,2.534053326,1.25333434,8018.283895,Insular Woodiness,60.25727246,9.084453115
Tracheophyta,Saxifragales,Crassulaceae,Aeonium,Aeonium sedifolium,56,522.1934509,294.8332077,131.7311445,19.79615459,18.91359632,328.5103896,24.39741722,16.29563264,346.1587632,3.75535995,91.53508809,238.8927155,97.77775574,85.61001205,0,1.449013472,8018.283895,Insular Woodiness,48.33390112,4.365975359
Tracheophyta,Saxifragales,Crassulaceae,Aeonium,Aeonium simsii,101,1349.11792,288.317197,87.55812358,15.71780287,20.12848527,393.0086044,21.84036321,10.98010648,527.0862944,1.449625623,94.10043994,278.1469421,79.11318207,198.7053528,0.476100922,1.894992231,8018.283895,Perennial Herbaceous,41.92452029,6.608654865
Tracheophyta,Saxifragales,Crassulaceae,Aeonium,Aeonium smithii,33,1380.994019,844.3891125,70.52881828,15.08670573,19.52266612,340.0078862,21.42197517,10.93424764,327.1957481,0.748188322,98.31600059,265.7567444,110.9892731,126.0748367,0.098927997,1.231185116,8018.283895,Insular Woodiness,48.34412752,9.741951344
Tracheophyta,Saxifragales,Crassulaceae,Aeonium,Aeonium spathulatum,335,1262.778198,330.4623461,60.72971284,16.11944511,18.54085644,332.6807601,21.13679531,11.62484445,624.1322926,5.733437002,86.6848853,332.0006714,65.14304352,246.0446167,3.714144468,1.879912742,8018.283895,Insular Woodiness,57.7030998,6.616670319
Tracheophyta,Saxifragales,Crassulaceae,Aeonium,Aeonium tabulaeforme,204,328.6430054,171.2154603,115.7512813,20.94181127,13.53289183,230.2860751,24.6370084,17.76119165,374.1876402,10.20676211,73.55780092,407.0067444,102.7905045,310.96875,0.801097989,0.919364717,8018.283895,Perennial Herbaceous,68.35502308,3.659701619
Tracheophyta,Saxifragales,Crassulaceae,Aeonium,Aeonium undulatum,25,666.3786011,229.376291,95.32748983,19.0998312,17.99229839,313.5688415,23.4459675,14.45343224,495.8352376,12.45244673,74.71620962,593.4707031,82.91405487,514.4893188,2.124975443,0.835483934,8018.283895,Insular Woodiness,59.56081259,2.426561607
Tracheophyta,Saxifragales,Crassulaceae,Aeonium,Aeonium urbicum,328,637.5462341,306.9637605,63.63638704,18.76373273,16.92471272,310.9865139,23.05771425,14.66770895,411.2288105,6.702133799,84.10858625,348.9064941,84.93790436,262.1215515,0.387882665,1.17862183,8018.283895,Insular Woodiness,57.46316484,9.567968106
Tracheophyta,Saxifragales,Crassulaceae,Aeonium,Aeonium valverdense,36,302.4505615,208.6308743,46.60987706,21.71857411,17.84405413,385.1104832,28.23392449,17.46128661,266.1490894,0.029149476,96.66010799,50.00144577,21.81519699,15.98184729,0,5.322827876,8018.283895,Insular Woodiness,44.04033423,5.26274737
Tracheophyta,Saxifragales,Crassulaceae,Aichryson,Aichryson bollei,15,1424.618286,47.65422437,46.41264771,13.36119821,12.42925623,281.7716264,16.57841928,9.803354248,909.1753937,4.120287486,88.97288965,483.0051575,30.14435959,409.0318909,35.01697922,1.882330612,10910.5193,Annual Herbaceous,64.74450854,5.530581581
Tracheophyta,Saxifragales,Crassulaceae,Aichryson,Aichryson laxum,675,821.6721802,287.5409676,76.04029717,17.92336019,15.43097706,272.0220336,22.09225393,14.21465251,584.0853343,11.84782006,74.89605121,602.1290894,51.46136475,534.9799194,11.37270355,0.970033411,10910.5193,Annual Herbaceous,68.95236443,5.217216339
Tracheophyta,Saxifragales,Crassulaceae,Aichryson,Aichryson pachycaulon,51,883.2208862,128.4619872,84.20440443,16.80171497,12.20670302,261.7498596,21.1224988,12.79888284,687.8200124,17.57560542,74.56786036,550.4420776,43.15459061,520.4200439,14.85917377,1.249577458,10910.5193,Annual Herbaceous,70.30308627,3.812610232
Tracheophyta,Saxifragales,Crassulaceae,Aichryson,Aichryson palmense,8,717.4123535,269.5419104,85.96025721,18.20026521,13.17460641,270.8492302,21.43501735,14.36946065,828.7755199,7.982432723,85.19232765,683.0453186,38.28553009,596.4510498,35.91927338,1.213353635,10910.5193,Annual Herbaceous,65.03669625,16.1354656
Tracheophyta,Saxifragales,Crassulaceae,Aichryson,Aichryson parlatorei,76,722.1715698,271.0517028,88.7037309,18.09038007,16.81183626,304.2379045,22.60252351,14.34474103,509.8323312,6.549729729,88.64027827,409.0552826,62.78162766,337.0812378,1.75854224,1.246365352,10910.5193,Annual Herbaceous,58.30786572,13.22120517
Tracheophyta,Saxifragales,Crassulaceae,Aichryson,Aichryson porphyrogennetos,5,902.6945801,726.6313181,80.42941858,17.42275592,18.65747918,352.2857441,22.08330418,12.79888284,598.6219438,2.734260021,85.26939338,496.7943115,109.0560074,377.9295349,0.8572523,1.204969401,10910.5193,Annual Herbaceous,49.20970643,2.660736093
Tracheophyta,Saxifragales,Crassulaceae,Aichryson,Aichryson punctatum,69,796.0032959,361.1611428,86.58171993,18.4685844,17.56202974,304.0621496,22.54623223,14.40271145,521.1185291,6.492289479,84.96009068,411.741333,58.63064194,351.2930603,4.324145794,1.265645412,10910.5193,Annual Herbaceous,64.8618087,9.254346312
Tracheophyta,Saxifragales,Crassulaceae,Aichryson,Aichryson tortuosum,50,501.8337708,95.91211234,90.86443869,18.02975007,13.18621254,240.6218259,19.92554483,14.76064865,191.5614327,0,89.57643731,26.74703598,13.94403362,5.452775478,0,7.161968634,10910.5193,Perennial Herbaceous,49.75606318,2.048329022
Tracheophyta,Saxifragales,Crassulaceae,Crassula,Crassula tillaea,70,906.2572327,482.4887058,52.10745589,17.57390258,17.58356538,327.2374538,22.31375436,13.21859615,542.4270659,4.884958625,88.20440185,398.8253784,62.67928505,291.1694489,1.786125362,1.360061559,8141.946098,Annual Herbaceous,58.48401038,13.79703602
Tracheophyta,Saxifragales,Crassulaceae,Monanthes,Monanthes anagensis,43,645.1774292,117.5376757,95.29811025,18.09633991,10.26110688,241.4526831,21.63552472,14.81960524,518.8582471,17.10368894,71.356189,484.3210754,36.70972061,441.1174011,7.259613991,1.071310487,8195.380238,Perennial Herbaceous,71.85850748,4.222855253
Tracheophyta,Saxifragales,Crassulaceae,Monanthes,Monanthes brachycaulos,173,568.1190796,387.9791544,90.91649978,18.87209743,14.17036783,261.3001442,22.80358304,15.61397329,450.855767,10.75072679,73.89521721,375.8644714,80.09610748,300.235199,1.311342955,1.19951685,8195.380238,Perennial Herbaceous,64.64368118,7.108779579
Tracheophyta,Saxifragales,Crassulaceae,Monanthes,Monanthes icterica,8,508.3069611,277.4943708,105.2472296,19.32075916,14.2275679,242.0130423,22.64527383,16.42810663,399.0956335,9.273710714,83.66824905,324.9549561,97.12004471,220.9756317,0.324500658,1.228156783,8195.380238,Annual Herbaceous,65.64079088,4.482808388
Tracheophyta,Saxifragales,Crassulaceae,Monanthes,Monanthes laxiflora,321,597.5522461,215.9868765,103.1328441,18.73859138,13.39744684,241.660249,22.21044521,15.54560647,399.0890596,10.06480888,77.30218249,460.0227661,59.14978027,385.5962524,2.591148853,0.867541976,8195.380238,Perennial Herbaceous,69.88102801,4.240235308
Tracheophyta,Saxifragales,Crassulaceae,Monanthes,Monanthes minima,12,401.9166412,101.865678,147.7890154,19.87690652,17.83867932,312.651439,24.90450245,16.00648731,228.6449718,2.569191805,97.55305369,153.4909515,49.67264175,107.0471878,1.265627086,1.489631601,8195.380238,Perennial Herbaceous,53.26523458,2.369075726
Tracheophyta,Saxifragales,Crassulaceae,Monanthes,Monanthes muralis,26,672.2509155,277.141276,70.21314727,19.34209902,14.85794676,282.2098088,22.80979174,15.98710691,473.7462531,3.578127318,88.573844,248.4615936,40.48428345,197.9308624,1.590734243,1.906718242,8195.380238,Perennial Herbaceous,60.06375947,8.016423791
Tracheophyta,Saxifragales,Crassulaceae,Monanthes,Monanthes pallens,132,632.3913269,434.7161874,101.0033066,19.44962349,17.69715368,318.2973123,24.50354672,14.78988144,332.9572843,3.077168345,91.83829111,275.4318695,89.61856079,186.9134369,0.110411938,1.208855333,8195.380238,Perennial Herbaceous,54.14807872,8.360381966
Tracheophyta,Saxifragales,Crassulaceae,Monanthes,Monanthes polyphylla,106,286.833252,165.5740537,140.2562094,21.01438864,14.20139398,247.8304023,24.52077369,17.93705884,366.1791306,5.9961708,84.90309041,403.6568909,108.8512192,267.3216858,0.479880601,0.907154415,8195.380238,Perennial Herbaceous,60.19082042,9.533393243
Tracheophyta,Saxifragales,Crassulaceae,Monanthes,Monanthes subrosulata,7,339.0870667,97.44298914,50.71463628,20.37997722,15.50746538,296.2719921,24.54673516,17.1634166,499.3170051,5.697633624,83.43949815,89.98786163,19.23503876,75.43070984,0.602576017,5.548715082,8195.380238,Perennial Herbaceous,56.8349432,10.54658495
Tracheophyta,Saxifragales,Crassulaceae,Sedum,Sedum lancerottense,6,494.523407,49.30699217,179.0629285,17.80189897,13.40861143,244.1467255,19.71081918,14.2870859,202.8595247,0,87.48337869,28.92866135,17.90577793,7.584815741,1.97E-14,7.012406218,13328.09147,Perennial Herbaceous,49.54980992,1.742537931
Tracheophyta,Saxifragales,Crassulaceae,Sedum,Sedum rubens,61,598.656311,366.2616524,78.12209695,19.23031592,17.29939963,318.2973938,23.27568512,14.92190737,430.8254004,5.992259609,83.97477184,339.4177246,76.67853546,282.4306641,1.238081336,1.269307314,13328.09147,Annual Herbaceous,57.82518135,10.08765638
Tracheophyta,Saxifragales,Crassulaceae,Umbilicus,Umbilicus heylandianus,19,1478.708984,281.5908406,62.79948359,14.75312486,18.61663062,378.6474801,20.6231013,9.868185284,600.0561722,1.064722067,91.67734005,377.7488403,73.98793793,285.4572449,1.092914104,1.588505663,7415.049049,Perennial Herbaceous,47.06748134,7.499298946
Tracheophyta,Saxifragales,Crassulaceae,Umbilicus,Umbilicus horizontalis,332,699.7543335,508.1409027,61.50684594,18.21090114,17.27835212,310.8248316,22.54611852,14.45175232,501.088991,4.934465677,85.35438468,364.5468292,66.42841339,271.7756348,1.522926033,1.374553146,7415.049049,Perennial Herbaceous,56.3536033,12.47458329
Tracheophyta,Solanales,Convolvulaceae,Convolvulus,Convolvulus althaeoides,539,755.0092773,347.8048931,48.64973489,18.10443443,18.15117044,345.9620668,22.85808537,13.91792646,423.9432613,2.906599073,87.44715743,273.3613281,64.04891968,200.3578491,0.579205334,1.550853093,12927.83922,Derived Woodiness,52.37018417,9.266094151
Tracheophyta,Solanales,Convolvulaceae,Convolvulus,Convolvulus arvensis,52,578.27005,196.4678919,31.64459783,18.31525659,16.00906524,297.9250664,22.25442738,14.05387254,488.6092612,2.451534246,85.43411431,147.9995499,36.43432236,88.14791107,0.315510705,3.301423968,12927.83922,Perennial Herbaceous,53.66318252,7.683734725
Tracheophyta,Solanales,Convolvulaceae,Convolvulus,Convolvulus canariensis,94,709.9127197,155.8793641,88.05377087,17.94261978,16.55425219,276.9487589,22.15766122,14.14184121,492.721111,13.89727567,71.50758292,596.4800415,55.21524239,526.3479614,7.59599185,0.826047942,12927.83922,Insular Woodiness,67.1591089,7.493788449
Tracheophyta,Solanales,Convolvulaceae,Convolvulus,Convolvulus caput-medusae,14,73.36265564,45.73582104,10.61418476,20.81962671,7.179600319,244.4351497,22.94064273,17.36363239,111.1598091,0,100.5155055,26.32800484,26.31503487,0,0,4.222112909,12927.83922,Insular Woodiness,29.6076577,0.911442998
Tracheophyta,Solanales,Convolvulaceae,Convolvulus,Convolvulus floridus,481,268.125824,255.3419704,64.68197157,20.16732635,14.24673779,247.9526981,23.60235408,16.89228364,345.4295412,5.727582675,79.80276011,326.2903137,81.72054291,200.1344299,0.399098068,1.058657051,12927.83922,Insular Woodiness,57.43198624,9.247528073
Tracheophyta,Solanales,Convolvulaceae,Convolvulus,Convolvulus fruticulosus,17,553.970459,213.8047379,88.9031966,20.50234463,18.84552799,358.9574692,26.25075232,15.42127685,229.1097679,0,99.73222638,119.7633133,55.53923035,56.24702454,0,1.913021288,12927.83922,Insular Woodiness,40.45580134,1.463982805
Tracheophyta,Solanales,Convolvulaceae,Convolvulus,Convolvulus lopezsocasii,9,475.0245972,162.1189256,42.30508562,18.28212412,13.17094151,240.983337,20.4461749,14.68848425,189.2033971,0,90.05870105,24.49585915,11.28962803,19.4469738,0.113695294,7.723893084,12927.83922,Insular Woodiness,47.09676366,4.696303421
Tracheophyta,Solanales,Convolvulaceae,Convolvulus,Convolvulus perraudieri,5,612.9309082,125.5726185,156.5112071,19.24487303,19.3567448,399.4820813,25.93814019,13.92680698,435.7615758,6.591486261,92.16912956,261.0130615,90.19718933,133.6137543,0.086561084,1.669501033,12927.83922,Insular Woodiness,51.27871116,5.474346523
Tracheophyta,Solanales,Convolvulaceae,Convolvulus,Convolvulus scoparius,22,218.9796982,143.1478228,67.88560495,21.20187738,18.64071114,316.4889741,25.67596247,17.1624831,262.4114358,2.536417315,91.1143114,177.7200165,92.19773483,78.40135574,0.017298667,1.476544066,12927.83922,Insular Woodiness,46.27195199,6.926837603
Tracheophyta,Solanales,Convolvulaceae,Convolvulus,Convolvulus siculus,134,513.406601,480.5783335,81.6740106,19.66720814,17.99106699,329.3771533,24.11723646,15.55133859,339.258461,1.478023182,92.00781778,244.0119781,74.10374832,154.163681,0.147953697,1.390335276,12927.83922,Annual Herbaceous,48.12459496,11.17252664
Tracheophyta,Solanales,Convolvulaceae,Convolvulus,Convolvulus subauriculatus,4,565.4016724,584.3073851,96.4286658,18.5664911,17.0470521,306.2027954,22.66579059,14.86287131,452.9204655,6.195657536,92.461792,517.8352814,67.1898632,434.4998751,7.508261681,0.87464196,12927.83922,Insular Woodiness,52.38240429,16.22219707
Tracheophyta,Solanales,Convolvulaceae,Convolvulus,Convolvulus volubilis,6,976.2152405,479.853073,58.56621439,16.08221783,18.97523713,331.2776327,21.49182633,11.84153893,547.8997635,6.296996817,88.98760344,508.736618,50.88611031,371.1472015,3.079452045,1.076981181,12927.83922,Derived Woodiness,58.33998204,8.14379963
Tracheophyta,Solanales,Convolvulaceae,Cuscuta,Cuscuta approximata,55,49.91061783,63.07576573,11.86823345,21.00953042,7.224999313,248.3206068,23.17053128,17.53636141,128.729411,0,94.49017201,34.3973465,26.14002609,3.340986967,0,3.742422719,9952.971608,Annual Herbaceous,35.50554236,4.358892768
Tracheophyta,Solanales,Convolvulaceae,Cuscuta,Cuscuta planiflora,100,296.7619171,268.8693607,68.40622306,20.59164722,15.11230152,273.0691911,24.15745814,17.14842188,341.9706398,2.243610227,88.5417941,233.9496536,79.04942703,124.5208893,0.046498508,1.461727489,9952.971608,Annual Herbaceous,54.48255129,12.4947766
Tracheophyta,Solanales,Solanaceae,Hyoscyamus,Hyoscyamus albus,263,16.36790466,16.98038899,37.52225873,21.15865074,12.95620689,221.4288116,23.96372917,18.42863292,307.6472496,6.191833006,77.01086386,578.6849976,535.3303223,14.76570988,0,0.531631632,12905.10874,Perennial Herbaceous,57.63875852,7.623538219
Tracheophyta,Solanales,Solanaceae,Lycium,Lycium intricatum,603,71.91925049,93.778778,30.24427006,21.05761544,12.59982679,246.157238,23.23135203,17.59529599,153.9981518,0,92.74545223,66.88684845,49.54785919,10.7800169,0,2.302368183,6863.044136,Ancestral Woodiness,40.09721963,8.255205744
Tracheophyta,Solanales,Solanaceae,Solanum,Solanum lidii,6,403.3084412,337.3341664,39.89108921,20.59026595,17.5603644,351.65831,25.99016702,15.96033034,208.5592726,0,96.77537457,100.2184486,41.82379246,37.2884407,0,2.081046708,9520.558133,Perennial Herbaceous,38.46881733,1.569567267
Tracheophyta,Solanales,Solanaceae,Solanum,Solanum nigrum,151,388.0800476,474.8561187,46.48609865,19.56024457,13.27221588,251.5514778,22.84805888,16.2758864,514.0047862,5.676983923,87.02473269,355.4192505,54.79545212,216.9917297,1.600365758,1.446192871,9520.558133,Annual Herbaceous,60.0459741,13.80776642
Tracheophyta,Solanales,Solanaceae,Solanum,Solanum vespertilio,33,536.8049316,69.66749526,86.00341936,19.1633323,16.82184529,289.9378956,23.52586403,15.32891989,456.1580247,14.02601309,72.13700515,510.1788025,64.42343903,448.0994873,3.128909349,0.894114029,9520.558133,Perennial Herbaceous,61.09771248,10.52208544
Tracheophyta,Solanales,Solanaceae,Solanum,Solanum villosum,80,1008.838135,289.3436332,64.37173421,16.42860524,17.58410242,318.8772143,21.7391555,12.34585321,660.310544,8.675299883,85.36101756,577.0162048,43.79737854,521.8278809,11.91241026,1.144353553,9520.558133,Perennial Herbaceous,65.2410742,7.470200565
Tracheophyta,Solanales,Solanaceae,Withania,Withania aristata,158,152.0159302,114.2633594,73.25037749,20.66450098,14.06886145,210.7396326,23.94282674,17.62119308,333.8729344,6.851488714,77.28482845,429.2770996,119.9384346,292.8268127,1.115746677,0.77775622,3818.871936,Ancestral Woodiness,63.12186283,6.033838962
Tracheophyta,Solanales,Solanaceae,Withania,Withania somnifera,3,338.4987793,481.5112787,50.03129987,19.46560131,17.23194007,322.3748858,22.86844318,15.37383297,337.3049353,4.390301568,84.98139322,573.3806152,54.58213043,110.335289,0.090012126,0.588274047,3818.871936,Ancestral Woodiness,58.32443326,8.164590289
Tracheophyta,Zygophyllales,Zygophyllaceae,Fagonia,Fagonia cretica,86,218.8787308,246.9612231,35.79825085,20.80108188,14.34508235,248.5401056,23.36486396,17.2241476,166.5900966,0,92.80677412,67.01103973,40.15813446,11.87965012,0,2.486009727,10766.20547,Perennial Herbaceous,40.52748012,6.98781844
Tracheophyta,Zygophyllales,Zygophyllaceae,Tetraena,Tetraena fontanesii,254,4.477797031,3.83286888,9.106756184,21.31887403,13.78227759,248.5701268,23.40990026,17.97170052,130.6241801,0,93.82206085,165.1311035,153.0733337,2.954840779,0,0.791033169,6724.884386,Ancestral Woodiness,39.09439772,5.982806491
